2026-05-133 19:13:25 [main] INFO  org.testng.internal.Utils - [Utils] MethodGroupsHelper.collectMethodsByGroup() took 1 ms.
2026-05-133 19:13:25 [main] INFO  org.testng.internal.Utils - [Utils] MethodGroupsHelper.sortMethods() took 1 ms.
2026-05-133 19:13:25 [main] INFO  org.testng.internal.Utils - [Utils] MethodGroupsHelper.collectMethodsByGroup() took 0 ms.
2026-05-133 19:13:25 [main] INFO  org.testng.internal.Utils - [Utils] MethodGroupsHelper.sortMethods() took 0 ms.
2026-05-133 19:13:25 [main] INFO  org.testng.internal.Utils - [Utils] MethodGroupsHelper.collectMethodsByGroup() took 0 ms.
2026-05-133 19:13:25 [main] INFO  org.testng.internal.Utils - [Utils] MethodGroupsHelper.sortMethods() took 0 ms.
2026-05-133 19:13:25 [main] INFO  org.testng.internal.Utils - [Utils] MethodGroupsHelper.collectMethodsByGroup() took 0 ms.
2026-05-133 19:13:25 [main] INFO  org.testng.internal.Utils - [Utils] MethodGroupsHelper.sortMethods() took 0 ms.
2026-05-133 19:13:25 [main] INFO  org.testng.internal.Utils - [Utils] MethodGroupsHelper.collectMethodsByGroup() took 0 ms.
2026-05-133 19:13:25 [main] INFO  org.testng.internal.Utils - [Utils] MethodGroupsHelper.sortMethods() took 0 ms.
2026-05-133 19:13:25 [main] INFO  org.testng.internal.Utils - [Utils] MethodGroupsHelper.collectMethodsByGroup() took 0 ms.
2026-05-133 19:13:25 [main] INFO  org.testng.internal.Utils - [Utils] MethodGroupsHelper.sortMethods() took 0 ms.
2026-05-133 19:13:25 [main] INFO  org.testng.internal.Utils - [Utils] MethodGroupsHelper.collectMethodsByGroup() took 0 ms.
2026-05-133 19:13:25 [main] INFO  org.testng.internal.Utils - [Utils] MethodGroupsHelper.sortMethods() took 0 ms.
2026-05-133 19:13:25 [main] INFO  org.testng.internal.Utils - [Utils] MethodGroupsHelper.collectMethodsByGroup() took 0 ms.
2026-05-133 19:13:25 [main] INFO  org.testng.internal.Utils - [Utils] MethodGroupsHelper.sortMethods() took 0 ms.
2026-05-133 19:13:25 [main] INFO  org.testng.internal.Utils - [Utils] MethodGroupsHelper.collectMethodsByGroup() took 5 ms.
2026-05-133 19:13:25 [main] INFO  org.testng.internal.Utils - [Utils] MethodGroupsHelper.sortMethods() took 8 ms.
2026-05-133 19:13:25 [main] INFO  org.testng.internal.Utils - [Utils] MethodGroupsHelper.collectMethodsByGroup() took 0 ms.
2026-05-133 19:13:25 [main] INFO  org.testng.internal.Utils - [Utils] MethodGroupsHelper.sortMethods() took 0 ms.
2026-05-133 19:13:25 [main] INFO  org.testng.internal.Utils - [Utils] MethodGroupsHelper.collectMethodsByGroup() took 0 ms.
2026-05-133 19:13:25 [main] INFO  org.testng.internal.Utils - [Utils] MethodGroupsHelper.sortMethods() took 0 ms.
2026-05-133 19:13:25 [main] INFO  org.testng.internal.Utils - [Utils] MethodGroupsHelper.collectMethodsByGroup() took 0 ms.
2026-05-133 19:13:25 [main] INFO  org.testng.internal.Utils - [Utils] MethodGroupsHelper.sortMethods() took 0 ms.
2026-05-133 19:13:25 [main] INFO  org.testng.internal.Utils - [Utils] MethodGroupsHelper.collectMethodsByGroup() took 0 ms.
2026-05-133 19:13:25 [main] INFO  org.testng.internal.Utils - [Utils] MethodGroupsHelper.sortMethods() took 0 ms.
2026-05-133 19:13:25 [main] INFO  org.testng.internal.Utils - [Utils] MethodGroupsHelper.collectMethodsByGroup() took 0 ms.
2026-05-133 19:13:25 [main] INFO  org.testng.internal.Utils - [Utils] MethodGroupsHelper.sortMethods() took 0 ms.
2026-05-133 19:13:25 [main] INFO  org.testng.internal.Utils - [Utils] MethodGroupsHelper.collectMethodsByGroup() took 0 ms.
2026-05-133 19:13:25 [main] INFO  org.testng.internal.Utils - [Utils] MethodGroupsHelper.sortMethods() took 0 ms.
2026-05-133 19:13:25 [main] INFO  org.testng.internal.Utils - [TestNG] Running:
  C:\Users\Siddhi\AppData\Local\Temp\testng-eclipse-17204470\testng-customsuite.xml

2026-05-133 19:13:25 [main] INFO  org.testng.internal.Utils - [Utils] DynamicGraphHelper.createDynamicGraph() took 4 ms.
2026-05-133 19:13:33 [main] INFO  org.utils.qa.Log - Browser launched successfully
2026-05-133 19:13:33 [main] INFO  org.utils.qa.Log - ================================================
2026-05-133 19:13:33 [main] INFO  org.utils.qa.Log - TEST CASE STARTED : TC_001
2026-05-133 19:13:33 [main] INFO  org.utils.qa.Log - SCENARIO : Verify login functionality with valid email and valid password
2026-05-133 19:13:33 [main] INFO  org.utils.qa.Log - TEST TYPE : positive
2026-05-133 19:13:36 [main] INFO  org.utils.qa.Log - TEST PASSED : TC_001
2026-05-133 19:13:36 [main] INFO  org.utils.qa.Log - ================================================
2026-05-133 19:13:37 [main] INFO  org.utils.qa.Log - Browser closed
2026-05-133 19:13:41 [main] INFO  org.utils.qa.Log - Browser launched successfully
2026-05-133 19:13:41 [main] INFO  org.utils.qa.Log - ================================================
2026-05-133 19:13:41 [main] INFO  org.utils.qa.Log - TEST CASE STARTED : TC_002
2026-05-133 19:13:41 [main] INFO  org.utils.qa.Log - SCENARIO : Verify login functionality with valid email and invalid password
2026-05-133 19:13:41 [main] INFO  org.utils.qa.Log - TEST TYPE : negative
2026-05-133 19:13:43 [main] INFO  org.utils.qa.Log - TEST PASSED : TC_002
2026-05-133 19:13:43 [main] INFO  org.utils.qa.Log - ================================================
2026-05-133 19:13:44 [main] INFO  org.utils.qa.Log - Browser closed
2026-05-133 19:13:47 [main] INFO  org.utils.qa.Log - Browser launched successfully
2026-05-133 19:13:47 [main] INFO  org.utils.qa.Log - ================================================
2026-05-133 19:13:47 [main] INFO  org.utils.qa.Log - TEST CASE STARTED : TC_003
2026-05-133 19:13:47 [main] INFO  org.utils.qa.Log - SCENARIO : Verify login functionality with invalid email and valid password
2026-05-133 19:13:47 [main] INFO  org.utils.qa.Log - TEST TYPE : negative
2026-05-133 19:13:50 [main] INFO  org.utils.qa.Log - TEST PASSED : TC_003
2026-05-133 19:13:50 [main] INFO  org.utils.qa.Log - ================================================
2026-05-133 19:13:50 [main] INFO  org.utils.qa.Log - Browser closed
2026-05-133 19:13:54 [main] INFO  org.utils.qa.Log - Browser launched successfully
2026-05-133 19:13:54 [main] INFO  org.utils.qa.Log - ================================================
2026-05-133 19:13:54 [main] INFO  org.utils.qa.Log - TEST CASE STARTED : TC_004
2026-05-133 19:13:54 [main] INFO  org.utils.qa.Log - SCENARIO : Verify login functionality with invalid email and invalid password 
2026-05-133 19:13:54 [main] INFO  org.utils.qa.Log - TEST TYPE : negative
2026-05-133 19:13:57 [main] INFO  org.utils.qa.Log - TEST PASSED : TC_004
2026-05-133 19:13:57 [main] INFO  org.utils.qa.Log - ================================================
2026-05-133 19:13:57 [main] INFO  org.utils.qa.Log - Browser closed
2026-05-133 19:22:40 [main] INFO  org.testng.internal.Utils - [Utils] MethodGroupsHelper.collectMethodsByGroup() took 0 ms.
2026-05-133 19:22:40 [main] INFO  org.testng.internal.Utils - [Utils] MethodGroupsHelper.sortMethods() took 1 ms.
2026-05-133 19:22:40 [main] INFO  org.testng.internal.Utils - [Utils] MethodGroupsHelper.collectMethodsByGroup() took 0 ms.
2026-05-133 19:22:40 [main] INFO  org.testng.internal.Utils - [Utils] MethodGroupsHelper.sortMethods() took 0 ms.
2026-05-133 19:22:40 [main] INFO  org.testng.internal.Utils - [Utils] MethodGroupsHelper.collectMethodsByGroup() took 0 ms.
2026-05-133 19:22:40 [main] INFO  org.testng.internal.Utils - [Utils] MethodGroupsHelper.sortMethods() took 0 ms.
2026-05-133 19:22:40 [main] INFO  org.testng.internal.Utils - [Utils] MethodGroupsHelper.collectMethodsByGroup() took 0 ms.
2026-05-133 19:22:40 [main] INFO  org.testng.internal.Utils - [Utils] MethodGroupsHelper.sortMethods() took 0 ms.
2026-05-133 19:22:40 [main] INFO  org.testng.internal.Utils - [Utils] MethodGroupsHelper.collectMethodsByGroup() took 0 ms.
2026-05-133 19:22:40 [main] INFO  org.testng.internal.Utils - [Utils] MethodGroupsHelper.sortMethods() took 0 ms.
2026-05-133 19:22:40 [main] INFO  org.testng.internal.Utils - [Utils] MethodGroupsHelper.collectMethodsByGroup() took 0 ms.
2026-05-133 19:22:40 [main] INFO  org.testng.internal.Utils - [Utils] MethodGroupsHelper.sortMethods() took 0 ms.
2026-05-133 19:22:40 [main] INFO  org.testng.internal.Utils - [Utils] MethodGroupsHelper.collectMethodsByGroup() took 0 ms.
2026-05-133 19:22:40 [main] INFO  org.testng.internal.Utils - [Utils] MethodGroupsHelper.sortMethods() took 0 ms.
2026-05-133 19:22:40 [main] INFO  org.testng.internal.Utils - [Utils] MethodGroupsHelper.collectMethodsByGroup() took 0 ms.
2026-05-133 19:22:40 [main] INFO  org.testng.internal.Utils - [Utils] MethodGroupsHelper.sortMethods() took 0 ms.
2026-05-133 19:22:40 [main] INFO  org.testng.internal.Utils - [Utils] MethodGroupsHelper.collectMethodsByGroup() took 3 ms.
2026-05-133 19:22:40 [main] INFO  org.testng.internal.Utils - [Utils] MethodGroupsHelper.sortMethods() took 7 ms.
2026-05-133 19:22:40 [main] INFO  org.testng.internal.Utils - [Utils] MethodGroupsHelper.collectMethodsByGroup() took 0 ms.
2026-05-133 19:22:40 [main] INFO  org.testng.internal.Utils - [Utils] MethodGroupsHelper.sortMethods() took 1 ms.
2026-05-133 19:22:40 [main] INFO  org.testng.internal.Utils - [Utils] MethodGroupsHelper.collectMethodsByGroup() took 0 ms.
2026-05-133 19:22:40 [main] INFO  org.testng.internal.Utils - [Utils] MethodGroupsHelper.sortMethods() took 0 ms.
2026-05-133 19:22:40 [main] INFO  org.testng.internal.Utils - [Utils] MethodGroupsHelper.collectMethodsByGroup() took 0 ms.
2026-05-133 19:22:40 [main] INFO  org.testng.internal.Utils - [Utils] MethodGroupsHelper.sortMethods() took 0 ms.
2026-05-133 19:22:40 [main] INFO  org.testng.internal.Utils - [Utils] MethodGroupsHelper.collectMethodsByGroup() took 0 ms.
2026-05-133 19:22:40 [main] INFO  org.testng.internal.Utils - [Utils] MethodGroupsHelper.sortMethods() took 0 ms.
2026-05-133 19:22:40 [main] INFO  org.testng.internal.Utils - [Utils] MethodGroupsHelper.collectMethodsByGroup() took 0 ms.
2026-05-133 19:22:40 [main] INFO  org.testng.internal.Utils - [Utils] MethodGroupsHelper.sortMethods() took 0 ms.
2026-05-133 19:22:40 [main] INFO  org.testng.internal.Utils - [Utils] MethodGroupsHelper.collectMethodsByGroup() took 0 ms.
2026-05-133 19:22:40 [main] INFO  org.testng.internal.Utils - [Utils] MethodGroupsHelper.sortMethods() took 0 ms.
2026-05-133 19:22:40 [main] INFO  org.testng.internal.Utils - [TestNG] Running:
  C:\Users\Siddhi\AppData\Local\Temp\testng-eclipse--1465854231\testng-customsuite.xml

2026-05-133 19:22:40 [main] INFO  org.testng.internal.Utils - [Utils] DynamicGraphHelper.createDynamicGraph() took 2 ms.
2026-05-133 19:22:45 [main] INFO  org.utils.qa.Log - Browser launched successfully
2026-05-133 19:22:45 [main] INFO  org.utils.qa.Log - ================================================
2026-05-133 19:22:45 [main] INFO  org.utils.qa.Log - TEST CASE STARTED : TC_001
2026-05-133 19:22:45 [main] INFO  org.utils.qa.Log - SCENARIO : Verify login functionality with valid email and valid password
2026-05-133 19:22:45 [main] INFO  org.utils.qa.Log - TEST TYPE : positive
2026-05-133 19:22:48 [main] INFO  org.utils.qa.Log - TEST PASSED : TC_001
2026-05-133 19:22:48 [main] INFO  org.utils.qa.Log - ================================================
2026-05-133 19:22:49 [main] INFO  org.utils.qa.Log - Browser closed
2026-05-133 19:22:52 [main] INFO  org.utils.qa.Log - Browser launched successfully
2026-05-133 19:22:52 [main] INFO  org.utils.qa.Log - ================================================
2026-05-133 19:22:52 [main] INFO  org.utils.qa.Log - TEST CASE STARTED : TC_002
2026-05-133 19:22:52 [main] INFO  org.utils.qa.Log - SCENARIO : Verify login functionality with valid email and invalid password
2026-05-133 19:22:52 [main] INFO  org.utils.qa.Log - TEST TYPE : negative
2026-05-133 19:22:55 [main] INFO  org.utils.qa.Log - TEST PASSED : TC_002
2026-05-133 19:22:55 [main] INFO  org.utils.qa.Log - ================================================
2026-05-133 19:22:56 [main] INFO  org.utils.qa.Log - Browser closed
2026-05-133 19:22:58 [main] INFO  org.utils.qa.Log - Browser launched successfully
2026-05-133 19:22:58 [main] INFO  org.utils.qa.Log - ================================================
2026-05-133 19:22:58 [main] INFO  org.utils.qa.Log - TEST CASE STARTED : TC_003
2026-05-133 19:22:58 [main] INFO  org.utils.qa.Log - SCENARIO : Verify login functionality with invalid email and valid password
2026-05-133 19:22:58 [main] INFO  org.utils.qa.Log - TEST TYPE : negative
2026-05-13 19:28:10 [main] INFO  org.utils.qa.Log - Browser launched successfully
2026-05-13 19:28:10 [main] INFO  org.utils.qa.Log - ================================================
2026-05-13 19:28:10 [main] INFO  org.utils.qa.Log - TEST CASE STARTED : TC_001
2026-05-13 19:28:10 [main] INFO  org.utils.qa.Log - SCENARIO : Verify login functionality with valid email and valid password
2026-05-13 19:28:10 [main] INFO  org.utils.qa.Log - TEST TYPE : positive
2026-05-13 19:28:13 [main] INFO  org.utils.qa.Log - TEST PASSED : TC_001
2026-05-13 19:28:13 [main] INFO  org.utils.qa.Log - ================================================
2026-05-13 19:28:13 [main] INFO  org.utils.qa.Log - Browser closed
2026-05-13 19:28:17 [main] INFO  org.utils.qa.Log - Browser launched successfully
2026-05-13 19:28:17 [main] INFO  org.utils.qa.Log - ================================================
2026-05-13 19:28:17 [main] INFO  org.utils.qa.Log - TEST CASE STARTED : TC_002
2026-05-13 19:28:17 [main] INFO  org.utils.qa.Log - SCENARIO : Verify login functionality with valid email and invalid password
2026-05-13 19:28:17 [main] INFO  org.utils.qa.Log - TEST TYPE : negative
2026-05-13 19:28:21 [main] INFO  org.utils.qa.Log - TEST PASSED : TC_002
2026-05-13 19:28:21 [main] INFO  org.utils.qa.Log - ================================================
2026-05-13 19:28:21 [main] INFO  org.utils.qa.Log - Browser closed
2026-05-13 19:29:10 [main] INFO  org.utils.qa.Log - Browser launched successfully
2026-05-13 19:29:10 [main] INFO  org.utils.qa.Log - ================================================
2026-05-13 19:29:10 [main] INFO  org.utils.qa.Log - TEST CASE STARTED : TC_001
2026-05-13 19:29:10 [main] INFO  org.utils.qa.Log - SCENARIO : Verify login functionality with valid email and valid password
2026-05-13 19:29:10 [main] INFO  org.utils.qa.Log - TEST TYPE : positive
2026-05-13 19:29:12 [main] ERROR org.utils.qa.Log - TEST FAILED : TC_001
2026-05-13 19:29:12 [main] ERROR org.utils.qa.Log - REASON : no such window: target window already closed
from unknown error: web view not found
  (Session info: MicrosoftEdge=148.0.3967.54)
Build info: version: '4.35.0', revision: '1c58e5028b'
System info: os.name: 'Windows 11', os.arch: 'amd64', os.version: '10.0', java.version: '21.0.10'
Driver info: org.openqa.selenium.edge.EdgeDriver
Command: [29fedd6f90c5bf84c7e9acc2112d3f93, findElement {value=//input[@data-qa='login-email'], using=xpath}]
Capabilities {acceptInsecureCerts: false, browserName: MicrosoftEdge, browserVersion: 148.0.3967.54, fedcm:accounts: true, goog:processID: 23912, ms:edgeOptions: {debuggerAddress: localhost:56636}, msedge: {msedgedriverVersion: 148.0.3967.54 (c994e204927e..., userDataDir: C:\Users\Siddhi\AppData\Loc...}, networkConnectionEnabled: false, pageLoadStrategy: normal, platformName: windows, proxy: Proxy(), se:cdp: ws://localhost:56636/devtoo..., se:cdpVersion: 148.0.3967.54, setWindowRect: true, strictFileInteractability: false, timeouts: {implicit: 0, pageLoad: 300000, script: 30000}, unhandledPromptBehavior: dismiss and notify, webauthn:extension:credBlob: true, webauthn:extension:largeBlob: true, webauthn:extension:minPinLength: true, webauthn:extension:prf: true, webauthn:virtualAuthenticators: true}
Session ID: 29fedd6f90c5bf84c7e9acc2112d3f93
2026-05-13 19:29:12 [main] INFO  org.utils.qa.Log - Browser closed
2026-05-13 19:33:50 [main] INFO  org.utils.qa.Log - Browser launched successfully
2026-05-13 19:33:50 [main] INFO  org.utils.qa.Log - ================================================
2026-05-13 19:33:50 [main] INFO  org.utils.qa.Log - TEST CASE STARTED : TC_001
2026-05-13 19:33:50 [main] INFO  org.utils.qa.Log - SCENARIO : Verify login functionality with valid email and valid password
2026-05-13 19:33:50 [main] INFO  org.utils.qa.Log - TEST TYPE : positive
2026-05-13 19:33:54 [main] INFO  org.utils.qa.Log - TEST PASSED : TC_001
2026-05-13 19:33:54 [main] INFO  org.utils.qa.Log - ================================================
2026-05-13 19:33:54 [main] INFO  org.utils.qa.Log - Browser closed
2026-05-13 19:33:58 [main] INFO  org.utils.qa.Log - Browser launched successfully
2026-05-13 19:33:58 [main] INFO  org.utils.qa.Log - ================================================
2026-05-13 19:33:58 [main] INFO  org.utils.qa.Log - TEST CASE STARTED : TC_002
2026-05-13 19:33:58 [main] INFO  org.utils.qa.Log - SCENARIO : Verify login functionality with valid email and invalid password
2026-05-13 19:33:58 [main] INFO  org.utils.qa.Log - TEST TYPE : negative
2026-05-13 19:34:00 [main] INFO  org.utils.qa.Log - TEST PASSED : TC_002
2026-05-13 19:34:00 [main] INFO  org.utils.qa.Log - ================================================
2026-05-13 19:34:01 [main] INFO  org.utils.qa.Log - Browser closed
2026-05-13 19:34:45 [main] INFO  org.utils.qa.Log - Browser launched successfully
2026-05-13 19:34:45 [main] INFO  org.utils.qa.Log - ================================================
2026-05-13 19:34:45 [main] INFO  org.utils.qa.Log - TEST CASE STARTED : TC_001
2026-05-13 19:34:45 [main] INFO  org.utils.qa.Log - SCENARIO : Verify login functionality with valid email and valid password
2026-05-13 19:34:45 [main] INFO  org.utils.qa.Log - TEST TYPE : positive
2026-05-13 19:34:46 [main] ERROR org.utils.qa.Log - TEST FAILED : TC_001
2026-05-13 19:34:46 [main] ERROR org.utils.qa.Log - REASON : no such window: target window already closed
from unknown error: web view not found
  (Session info: MicrosoftEdge=148.0.3967.54)
Build info: version: '4.43.0', revision: 'dd0f534'
System info: os.name: 'Windows 11', os.arch: 'amd64', os.version: '10.0', java.version: '21.0.10'
Driver info: org.openqa.selenium.edge.EdgeDriver
Command: [91a520f032e3d44dfb125ef95d1e3e77, sendKeysToElement {id=f.5B8447506D09B404BE7425418C8DEF9E.d.6A82E5BEA346C185A3F5C913BAF9D229.e.116, value=[Ljava.lang.CharSequence;@4acb7ecc}]
Capabilities {acceptInsecureCerts: false, browserName: MicrosoftEdge, browserVersion: 148.0.3967.54, fedcm:accounts: true, goog:processID: 14080, ms:edgeOptions: {debuggerAddress: localhost:64490}, msedge: {msedgedriverVersion: 148.0.3967.54 (c994e204927e..., userDataDir: C:\Users\Siddhi\AppData\Loc...}, networkConnectionEnabled: false, pageLoadStrategy: normal, platformName: windows, proxy: Proxy(), se:cdp: ws://localhost:64490/devtoo..., se:cdpVersion: 148.0.3967.54, setWindowRect: true, strictFileInteractability: false, timeouts: {implicit: 0, pageLoad: 300000, script: 30000}, unhandledPromptBehavior: dismiss and notify, webauthn:extension:credBlob: true, webauthn:extension:largeBlob: true, webauthn:extension:minPinLength: true, webauthn:extension:prf: true, webauthn:virtualAuthenticators: true}
Element: [[EdgeDriver: MicrosoftEdge on windows (91a520f032e3d44dfb125ef95d1e3e77)] -> name: password]
Session ID: 91a520f032e3d44dfb125ef95d1e3e77
2026-05-13 19:34:47 [main] INFO  org.utils.qa.Log - Browser closed
2026-05-133 19:45:44 [main] INFO  org.testng.internal.Utils - [Utils] MethodGroupsHelper.collectMethodsByGroup() took 0 ms.
2026-05-133 19:45:44 [main] INFO  org.testng.internal.Utils - [Utils] MethodGroupsHelper.sortMethods() took 1 ms.
2026-05-133 19:45:44 [main] INFO  org.testng.internal.Utils - [Utils] MethodGroupsHelper.collectMethodsByGroup() took 0 ms.
2026-05-133 19:45:44 [main] INFO  org.testng.internal.Utils - [Utils] MethodGroupsHelper.sortMethods() took 0 ms.
2026-05-133 19:45:44 [main] INFO  org.testng.internal.Utils - [Utils] MethodGroupsHelper.collectMethodsByGroup() took 0 ms.
2026-05-133 19:45:44 [main] INFO  org.testng.internal.Utils - [Utils] MethodGroupsHelper.sortMethods() took 0 ms.
2026-05-133 19:45:44 [main] INFO  org.testng.internal.Utils - [Utils] MethodGroupsHelper.collectMethodsByGroup() took 0 ms.
2026-05-133 19:45:44 [main] INFO  org.testng.internal.Utils - [Utils] MethodGroupsHelper.sortMethods() took 0 ms.
2026-05-133 19:45:44 [main] INFO  org.testng.internal.Utils - [Utils] MethodGroupsHelper.collectMethodsByGroup() took 0 ms.
2026-05-133 19:45:44 [main] INFO  org.testng.internal.Utils - [Utils] MethodGroupsHelper.sortMethods() took 0 ms.
2026-05-133 19:45:44 [main] INFO  org.testng.internal.Utils - [Utils] MethodGroupsHelper.collectMethodsByGroup() took 0 ms.
2026-05-133 19:45:44 [main] INFO  org.testng.internal.Utils - [Utils] MethodGroupsHelper.sortMethods() took 0 ms.
2026-05-133 19:45:44 [main] INFO  org.testng.internal.Utils - [Utils] MethodGroupsHelper.collectMethodsByGroup() took 0 ms.
2026-05-133 19:45:44 [main] INFO  org.testng.internal.Utils - [Utils] MethodGroupsHelper.sortMethods() took 0 ms.
2026-05-133 19:45:44 [main] INFO  org.testng.internal.Utils - [Utils] MethodGroupsHelper.collectMethodsByGroup() took 0 ms.
2026-05-133 19:45:44 [main] INFO  org.testng.internal.Utils - [Utils] MethodGroupsHelper.sortMethods() took 0 ms.
2026-05-133 19:45:44 [main] INFO  org.testng.internal.Utils - [Utils] MethodGroupsHelper.collectMethodsByGroup() took 5 ms.
2026-05-133 19:45:44 [main] INFO  org.testng.internal.Utils - [Utils] MethodGroupsHelper.sortMethods() took 7 ms.
2026-05-133 19:45:44 [main] INFO  org.testng.internal.Utils - [Utils] MethodGroupsHelper.collectMethodsByGroup() took 0 ms.
2026-05-133 19:45:44 [main] INFO  org.testng.internal.Utils - [Utils] MethodGroupsHelper.sortMethods() took 0 ms.
2026-05-133 19:45:44 [main] INFO  org.testng.internal.Utils - [Utils] MethodGroupsHelper.collectMethodsByGroup() took 0 ms.
2026-05-133 19:45:44 [main] INFO  org.testng.internal.Utils - [Utils] MethodGroupsHelper.sortMethods() took 0 ms.
2026-05-133 19:45:44 [main] INFO  org.testng.internal.Utils - [Utils] MethodGroupsHelper.collectMethodsByGroup() took 0 ms.
2026-05-133 19:45:44 [main] INFO  org.testng.internal.Utils - [Utils] MethodGroupsHelper.sortMethods() took 0 ms.
2026-05-133 19:45:44 [main] INFO  org.testng.internal.Utils - [Utils] MethodGroupsHelper.collectMethodsByGroup() took 0 ms.
2026-05-133 19:45:44 [main] INFO  org.testng.internal.Utils - [Utils] MethodGroupsHelper.sortMethods() took 0 ms.
2026-05-133 19:45:44 [main] INFO  org.testng.internal.Utils - [Utils] MethodGroupsHelper.collectMethodsByGroup() took 0 ms.
2026-05-133 19:45:44 [main] INFO  org.testng.internal.Utils - [Utils] MethodGroupsHelper.sortMethods() took 0 ms.
2026-05-133 19:45:44 [main] INFO  org.testng.internal.Utils - [Utils] MethodGroupsHelper.collectMethodsByGroup() took 0 ms.
2026-05-133 19:45:44 [main] INFO  org.testng.internal.Utils - [Utils] MethodGroupsHelper.sortMethods() took 0 ms.
2026-05-133 19:45:44 [main] INFO  org.testng.internal.Utils - [TestNG] Running:
  C:\Users\Siddhi\AppData\Local\Temp\testng-eclipse-1844333193\testng-customsuite.xml

2026-05-133 19:45:44 [main] INFO  org.testng.internal.Utils - [Utils] DynamicGraphHelper.createDynamicGraph() took 3 ms.
2026-05-133 19:46:23 [main] INFO  org.utils.qa.Log - Browser launched successfully
2026-05-133 19:46:23 [main] INFO  org.utils.qa.Log - ================================================
2026-05-133 19:46:23 [main] INFO  org.utils.qa.Log - TEST CASE STARTED : TC_001
2026-05-133 19:46:23 [main] INFO  org.utils.qa.Log - SCENARIO : Verify login functionality with valid email and valid password
2026-05-133 19:46:23 [main] INFO  org.utils.qa.Log - TEST TYPE : positive
2026-05-133 19:46:33 [main] INFO  org.utils.qa.Log - TEST PASSED : TC_001
2026-05-133 19:46:33 [main] INFO  org.utils.qa.Log - ================================================
2026-05-133 19:46:33 [main] INFO  org.utils.qa.Log - Browser closed
2026-05-133 19:46:39 [main] INFO  org.utils.qa.Log - Browser launched successfully
2026-05-133 19:46:39 [main] INFO  org.utils.qa.Log - ================================================
2026-05-133 19:46:39 [main] INFO  org.utils.qa.Log - TEST CASE STARTED : TC_002
2026-05-133 19:46:39 [main] INFO  org.utils.qa.Log - SCENARIO : Verify login functionality with valid email and invalid password
2026-05-133 19:46:39 [main] INFO  org.utils.qa.Log - TEST TYPE : negative
2026-05-133 19:46:43 [main] INFO  org.utils.qa.Log - TEST PASSED : TC_002
2026-05-133 19:46:43 [main] INFO  org.utils.qa.Log - ================================================
2026-05-133 19:46:43 [main] INFO  org.utils.qa.Log - Browser closed
2026-05-133 19:46:52 [main] INFO  org.utils.qa.Log - Browser launched successfully
2026-05-133 19:46:52 [main] INFO  org.utils.qa.Log - ================================================
2026-05-133 19:46:52 [main] INFO  org.utils.qa.Log - TEST CASE STARTED : TC_003
2026-05-133 19:46:52 [main] INFO  org.utils.qa.Log - SCENARIO : Verify login functionality with invalid email and valid password
2026-05-133 19:46:52 [main] INFO  org.utils.qa.Log - TEST TYPE : negative
2026-05-133 19:46:58 [main] INFO  org.utils.qa.Log - TEST PASSED : TC_003
2026-05-133 19:46:58 [main] INFO  org.utils.qa.Log - ================================================
2026-05-133 19:46:58 [main] INFO  org.utils.qa.Log - Browser closed
2026-05-133 19:47:05 [main] INFO  org.utils.qa.Log - Browser launched successfully
2026-05-133 19:47:05 [main] INFO  org.utils.qa.Log - ================================================
2026-05-133 19:47:05 [main] INFO  org.utils.qa.Log - TEST CASE STARTED : TC_004
2026-05-133 19:47:05 [main] INFO  org.utils.qa.Log - SCENARIO : Verify login functionality with invalid email and invalid password 
2026-05-133 19:47:05 [main] INFO  org.utils.qa.Log - TEST TYPE : negative
2026-05-133 19:47:05 [main] ERROR org.utils.qa.Log - TEST FAILED : TC_004
2026-05-133 19:47:05 [main] ERROR org.utils.qa.Log - REASON : no such element: Unable to locate element: {"method":"xpath","selector":"//input[@data-qa='login-email']"}
  (Session info: MicrosoftEdge=148.0.3967.54)
For documentation on this error, please visit: https://www.selenium.dev/documentation/webdriver/troubleshooting/errors#nosuchelementexception
Build info: version: '4.43.0', revision: 'dd0f534'
System info: os.name: 'Windows 11', os.arch: 'amd64', os.version: '10.0', java.version: '21.0.10'
Driver info: org.openqa.selenium.edge.EdgeDriver
Command: [0b592c05ecf32bcdfb0714da7e1bb471, findElement {using=xpath, value=//input[@data-qa='login-email']}]
Capabilities {acceptInsecureCerts: false, browserName: MicrosoftEdge, browserVersion: 148.0.3967.54, fedcm:accounts: true, goog:processID: 400, ms:edgeOptions: {debuggerAddress: localhost:59857}, msedge: {msedgedriverVersion: 148.0.3967.54 (c994e204927e..., userDataDir: C:\Users\Siddhi\AppData\Loc...}, networkConnectionEnabled: false, pageLoadStrategy: normal, platformName: windows, proxy: Proxy(), se:cdp: ws://localhost:59857/devtoo..., se:cdpVersion: 148.0.3967.54, setWindowRect: true, strictFileInteractability: false, timeouts: {implicit: 0, pageLoad: 300000, script: 30000}, unhandledPromptBehavior: dismiss and notify, webauthn:extension:credBlob: true, webauthn:extension:largeBlob: true, webauthn:extension:minPinLength: true, webauthn:extension:prf: true, webauthn:virtualAuthenticators: true}
Session ID: 0b592c05ecf32bcdfb0714da7e1bb471
2026-05-133 19:47:05 [main] INFO  org.utils.qa.Log - Browser closed
2026-05-133 19:47:09 [main] INFO  org.utils.qa.Log - Browser launched successfully
2026-05-133 19:47:09 [main] INFO  org.utils.qa.Log - ================================================
2026-05-133 19:47:09 [main] INFO  org.utils.qa.Log - TEST CASE STARTED : TC_005
2026-05-133 19:47:09 [main] INFO  org.utils.qa.Log - SCENARIO : Verify validation when password field is left empty
2026-05-133 19:47:09 [main] INFO  org.utils.qa.Log - TEST TYPE : validation
2026-05-133 19:47:12 [main] INFO  org.utils.qa.Log - Browser closed
2026-05-133 19:47:16 [main] INFO  org.utils.qa.Log - Browser launched successfully
2026-05-133 19:47:16 [main] INFO  org.utils.qa.Log - ================================================
2026-05-133 19:47:16 [main] INFO  org.utils.qa.Log - TEST CASE STARTED : TC_006
2026-05-133 19:47:16 [main] INFO  org.utils.qa.Log - SCENARIO : Verify validation when email field is left empty
2026-05-133 19:47:16 [main] INFO  org.utils.qa.Log - TEST TYPE : validation
2026-05-133 19:47:17 [main] INFO  org.utils.qa.Log - Browser closed
2026-05-133 19:47:22 [main] INFO  org.utils.qa.Log - Browser launched successfully
2026-05-133 19:47:22 [main] INFO  org.utils.qa.Log - ================================================
2026-05-133 19:47:22 [main] INFO  org.utils.qa.Log - TEST CASE STARTED : TC_007
2026-05-133 19:47:22 [main] INFO  org.utils.qa.Log - SCENARIO : Verify validation when both email and password fields are left empty
2026-05-133 19:47:22 [main] INFO  org.utils.qa.Log - TEST TYPE : validation
2026-05-133 19:47:22 [main] ERROR org.utils.qa.Log - TEST FAILED : TC_007
2026-05-133 19:47:22 [main] ERROR org.utils.qa.Log - REASON : no such element: Unable to locate element: {"method":"xpath","selector":"//input[@data-qa='login-email']"}
  (Session info: MicrosoftEdge=148.0.3967.54)
For documentation on this error, please visit: https://www.selenium.dev/documentation/webdriver/troubleshooting/errors#nosuchelementexception
Build info: version: '4.43.0', revision: 'dd0f534'
System info: os.name: 'Windows 11', os.arch: 'amd64', os.version: '10.0', java.version: '21.0.10'
Driver info: org.openqa.selenium.edge.EdgeDriver
Command: [41b2fe101014e31eed0f4a1dd916c655, findElement {using=xpath, value=//input[@data-qa='login-email']}]
Capabilities {acceptInsecureCerts: false, browserName: MicrosoftEdge, browserVersion: 148.0.3967.54, fedcm:accounts: true, goog:processID: 28800, ms:edgeOptions: {debuggerAddress: localhost:53724}, msedge: {msedgedriverVersion: 148.0.3967.54 (c994e204927e..., userDataDir: C:\Users\Siddhi\AppData\Loc...}, networkConnectionEnabled: false, pageLoadStrategy: normal, platformName: windows, proxy: Proxy(), se:cdp: ws://localhost:53724/devtoo..., se:cdpVersion: 148.0.3967.54, setWindowRect: true, strictFileInteractability: false, timeouts: {implicit: 0, pageLoad: 300000, script: 30000}, unhandledPromptBehavior: dismiss and notify, webauthn:extension:credBlob: true, webauthn:extension:largeBlob: true, webauthn:extension:minPinLength: true, webauthn:extension:prf: true, webauthn:virtualAuthenticators: true}
Session ID: 41b2fe101014e31eed0f4a1dd916c655
2026-05-133 19:47:22 [main] INFO  org.utils.qa.Log - Browser closed
2026-05-133 19:47:26 [main] INFO  org.utils.qa.Log - Browser launched successfully
2026-05-133 19:47:26 [main] INFO  org.utils.qa.Log - ================================================
2026-05-133 19:47:26 [main] INFO  org.utils.qa.Log - TEST CASE STARTED : TC_008
2026-05-133 19:47:26 [main] INFO  org.utils.qa.Log - SCENARIO : Verify login with invalid email format
2026-05-133 19:47:26 [main] INFO  org.utils.qa.Log - TEST TYPE : validation
2026-05-133 19:47:29 [main] INFO  org.utils.qa.Log - Browser closed
2026-05-133 19:47:32 [main] INFO  org.utils.qa.Log - Browser launched successfully
2026-05-133 19:47:32 [main] INFO  org.utils.qa.Log - ================================================
2026-05-133 19:47:32 [main] INFO  org.utils.qa.Log - TEST CASE STARTED : TC_009
2026-05-133 19:47:32 [main] INFO  org.utils.qa.Log - SCENARIO : Verify login with password below minimum character limit
2026-05-133 19:47:32 [main] INFO  org.utils.qa.Log - TEST TYPE : boundary
2026-05-133 19:47:36 [main] INFO  org.utils.qa.Log - TEST PASSED : TC_009
2026-05-133 19:47:36 [main] INFO  org.utils.qa.Log - ================================================
2026-05-133 19:47:36 [main] INFO  org.utils.qa.Log - Browser closed
2026-05-133 19:47:41 [main] INFO  org.utils.qa.Log - Browser launched successfully
2026-05-133 19:47:41 [main] INFO  org.utils.qa.Log - ================================================
2026-05-133 19:47:41 [main] INFO  org.utils.qa.Log - TEST CASE STARTED : TC_010
2026-05-133 19:47:41 [main] INFO  org.utils.qa.Log - SCENARIO : Verify login with password exceeding maximum allowed character limit
2026-05-133 19:47:41 [main] INFO  org.utils.qa.Log - TEST TYPE : boundary
2026-05-133 19:47:44 [main] INFO  org.utils.qa.Log - TEST PASSED : TC_010
2026-05-133 19:47:44 [main] INFO  org.utils.qa.Log - ================================================
2026-05-133 19:47:44 [main] INFO  org.utils.qa.Log - Browser closed
2026-05-133 19:47:48 [main] INFO  org.utils.qa.Log - Browser launched successfully
2026-05-133 19:47:48 [main] INFO  org.utils.qa.Log - ================================================
2026-05-133 19:47:48 [main] INFO  org.utils.qa.Log - TEST CASE STARTED : TC_011
2026-05-133 19:47:48 [main] INFO  org.utils.qa.Log - SCENARIO : Verify application security against SQL Injection attack
2026-05-133 19:47:48 [main] INFO  org.utils.qa.Log - TEST TYPE : security
2026-05-133 19:47:52 [main] INFO  org.utils.qa.Log - TEST PASSED : TC_011
2026-05-133 19:47:52 [main] INFO  org.utils.qa.Log - ================================================
2026-05-133 19:47:53 [main] INFO  org.utils.qa.Log - Browser closed
2026-05-133 19:47:56 [main] INFO  org.utils.qa.Log - Browser launched successfully
2026-05-133 19:47:56 [main] INFO  org.utils.qa.Log - ================================================
2026-05-133 19:47:56 [main] INFO  org.utils.qa.Log - TEST CASE STARTED : TC_012
2026-05-133 19:47:56 [main] INFO  org.utils.qa.Log - SCENARIO : Verify successful login after previous failed login attempts
2026-05-133 19:47:56 [main] INFO  org.utils.qa.Log - TEST TYPE : regression
2026-05-133 19:48:01 [main] INFO  org.utils.qa.Log - TEST PASSED : TC_012
2026-05-133 19:48:01 [main] INFO  org.utils.qa.Log - ================================================
2026-05-133 19:48:02 [main] INFO  org.utils.qa.Log - Browser closed
2026-05-133 19:48:05 [main] INFO  org.utils.qa.Log - Browser launched successfully
2026-05-133 19:48:05 [main] INFO  org.utils.qa.Log - ================================================
2026-05-133 19:48:05 [main] INFO  org.utils.qa.Log - TEST CASE STARTED : TC_013
2026-05-133 19:48:05 [main] INFO  org.utils.qa.Log - SCENARIO : Verify Enter key login
2026-05-133 19:48:05 [main] INFO  org.utils.qa.Log - TEST TYPE : usability
2026-05-133 19:48:17 [main] INFO  org.utils.qa.Log - Browser closed
2026-05-133 19:48:21 [main] INFO  org.utils.qa.Log - Browser launched successfully
2026-05-133 19:48:21 [main] INFO  org.utils.qa.Log - ================================================
2026-05-133 19:48:21 [main] INFO  org.utils.qa.Log - TEST CASE STARTED : TC_014
2026-05-133 19:48:21 [main] INFO  org.utils.qa.Log - SCENARIO : Verify Forgot Password functionality
2026-05-133 19:48:21 [main] INFO  org.utils.qa.Log - TEST TYPE : bug
2026-05-133 19:48:23 [main] INFO  org.utils.qa.Log - Browser closed
2026-05-133 19:48:23 [main] INFO  org.testng.internal.Utils - [TestNG] Time taken by org.testng.reporters.jq.Main@43588265: 47 ms
2026-05-133 19:48:23 [main] INFO  org.testng.internal.Utils - [TestNG] Time taken by org.testng.reporters.FailedReporter@b428830: 10 ms
2026-05-133 19:48:23 [main] INFO  org.testng.internal.Utils - [TestNG] Time taken by org.testng.reporters.XMLReporter@22b7ef2b: 12 ms
2026-05-133 19:48:23 [main] INFO  org.testng.internal.Utils - [TestNG] Time taken by org.testng.reporters.EmailableReporter2@4cecc15a: 7 ms
2026-05-133 19:48:23 [main] INFO  org.testng.internal.Utils - [TestNG] Time taken by org.testng.reporters.JUnitReportReporter@892af0e: 10 ms
2026-05-133 19:48:23 [main] INFO  org.testng.internal.Utils - [TestNG] Time taken by org.testng.internal.ExitCodeListener@446c8c72: 0 ms
2026-05-133 20:03:28 [main] INFO  org.testng.internal.Utils - [Utils] MethodGroupsHelper.collectMethodsByGroup() took 1 ms.
2026-05-133 20:03:28 [main] INFO  org.testng.internal.Utils - [Utils] MethodGroupsHelper.sortMethods() took 2 ms.
2026-05-133 20:03:28 [main] INFO  org.testng.internal.Utils - [Utils] MethodGroupsHelper.collectMethodsByGroup() took 0 ms.
2026-05-133 20:03:28 [main] INFO  org.testng.internal.Utils - [Utils] MethodGroupsHelper.sortMethods() took 0 ms.
2026-05-133 20:03:28 [main] INFO  org.testng.internal.Utils - [Utils] MethodGroupsHelper.collectMethodsByGroup() took 0 ms.
2026-05-133 20:03:28 [main] INFO  org.testng.internal.Utils - [Utils] MethodGroupsHelper.sortMethods() took 0 ms.
2026-05-133 20:03:28 [main] INFO  org.testng.internal.Utils - [Utils] MethodGroupsHelper.collectMethodsByGroup() took 0 ms.
2026-05-133 20:03:28 [main] INFO  org.testng.internal.Utils - [Utils] MethodGroupsHelper.sortMethods() took 0 ms.
2026-05-133 20:03:28 [main] INFO  org.testng.internal.Utils - [Utils] MethodGroupsHelper.collectMethodsByGroup() took 0 ms.
2026-05-133 20:03:28 [main] INFO  org.testng.internal.Utils - [Utils] MethodGroupsHelper.sortMethods() took 0 ms.
2026-05-133 20:03:28 [main] INFO  org.testng.internal.Utils - [Utils] MethodGroupsHelper.collectMethodsByGroup() took 0 ms.
2026-05-133 20:03:28 [main] INFO  org.testng.internal.Utils - [Utils] MethodGroupsHelper.sortMethods() took 0 ms.
2026-05-133 20:03:28 [main] INFO  org.testng.internal.Utils - [Utils] MethodGroupsHelper.collectMethodsByGroup() took 0 ms.
2026-05-133 20:03:28 [main] INFO  org.testng.internal.Utils - [Utils] MethodGroupsHelper.sortMethods() took 0 ms.
2026-05-133 20:03:28 [main] INFO  org.testng.internal.Utils - [Utils] MethodGroupsHelper.collectMethodsByGroup() took 0 ms.
2026-05-133 20:03:28 [main] INFO  org.testng.internal.Utils - [Utils] MethodGroupsHelper.sortMethods() took 0 ms.
2026-05-133 20:03:28 [main] INFO  org.testng.internal.Utils - [Utils] MethodGroupsHelper.collectMethodsByGroup() took 5 ms.
2026-05-133 20:03:28 [main] INFO  org.testng.internal.Utils - [Utils] MethodGroupsHelper.sortMethods() took 5 ms.
2026-05-133 20:03:28 [main] INFO  org.testng.internal.Utils - [Utils] MethodGroupsHelper.collectMethodsByGroup() took 0 ms.
2026-05-133 20:03:28 [main] INFO  org.testng.internal.Utils - [Utils] MethodGroupsHelper.sortMethods() took 0 ms.
2026-05-133 20:03:28 [main] INFO  org.testng.internal.Utils - [Utils] MethodGroupsHelper.collectMethodsByGroup() took 0 ms.
2026-05-133 20:03:28 [main] INFO  org.testng.internal.Utils - [Utils] MethodGroupsHelper.sortMethods() took 0 ms.
2026-05-133 20:03:28 [main] INFO  org.testng.internal.Utils - [Utils] MethodGroupsHelper.collectMethodsByGroup() took 0 ms.
2026-05-133 20:03:28 [main] INFO  org.testng.internal.Utils - [Utils] MethodGroupsHelper.sortMethods() took 0 ms.
2026-05-133 20:03:28 [main] INFO  org.testng.internal.Utils - [Utils] MethodGroupsHelper.collectMethodsByGroup() took 1 ms.
2026-05-133 20:03:28 [main] INFO  org.testng.internal.Utils - [Utils] MethodGroupsHelper.sortMethods() took 0 ms.
2026-05-133 20:03:28 [main] INFO  org.testng.internal.Utils - [Utils] MethodGroupsHelper.collectMethodsByGroup() took 0 ms.
2026-05-133 20:03:28 [main] INFO  org.testng.internal.Utils - [Utils] MethodGroupsHelper.sortMethods() took 0 ms.
2026-05-133 20:03:28 [main] INFO  org.testng.internal.Utils - [Utils] MethodGroupsHelper.collectMethodsByGroup() took 0 ms.
2026-05-133 20:03:28 [main] INFO  org.testng.internal.Utils - [Utils] MethodGroupsHelper.sortMethods() took 0 ms.
2026-05-133 20:03:28 [main] INFO  org.testng.internal.Utils - [TestNG] Running:
  C:\Users\Siddhi\AppData\Local\Temp\testng-eclipse--364405739\testng-customsuite.xml

2026-05-133 20:03:28 [main] INFO  org.testng.internal.Utils - [Utils] DynamicGraphHelper.createDynamicGraph() took 3 ms.
2026-05-133 20:03:37 [main] INFO  org.utils.qa.Log - Browser launched successfully
2026-05-133 20:03:37 [main] INFO  org.utils.qa.Log - ================================================
2026-05-133 20:03:37 [main] INFO  org.utils.qa.Log - TEST CASE STARTED : TC_001
2026-05-133 20:03:37 [main] INFO  org.utils.qa.Log - SCENARIO : Verify login functionality with valid email and valid password
2026-05-133 20:03:37 [main] INFO  org.utils.qa.Log - TEST TYPE : positive
2026-05-133 20:03:45 [main] INFO  org.utils.qa.Log - ================================================
2026-05-133 20:03:45 [main] INFO  org.utils.qa.Log - Browser closed
2026-05-133 20:03:50 [main] INFO  org.utils.qa.Log - Browser launched successfully
2026-05-133 20:03:50 [main] INFO  org.utils.qa.Log - ================================================
2026-05-133 20:03:50 [main] INFO  org.utils.qa.Log - TEST CASE STARTED : TC_002
2026-05-133 20:03:50 [main] INFO  org.utils.qa.Log - SCENARIO : Verify login functionality with valid email and invalid password
2026-05-133 20:03:50 [main] INFO  org.utils.qa.Log - TEST TYPE : negative
2026-05-133 20:03:55 [main] INFO  org.utils.qa.Log - TEST PASSED : TC_002
2026-05-133 20:03:55 [main] INFO  org.utils.qa.Log - ================================================
2026-05-133 20:03:55 [main] INFO  org.utils.qa.Log - Browser closed
2026-05-133 20:03:59 [main] INFO  org.utils.qa.Log - Browser launched successfully
2026-05-133 20:03:59 [main] INFO  org.utils.qa.Log - ================================================
2026-05-133 20:03:59 [main] INFO  org.utils.qa.Log - TEST CASE STARTED : TC_003
2026-05-133 20:03:59 [main] INFO  org.utils.qa.Log - SCENARIO : Verify login functionality with invalid email and valid password
2026-05-133 20:03:59 [main] INFO  org.utils.qa.Log - TEST TYPE : negative
2026-05-133 20:04:03 [main] INFO  org.utils.qa.Log - TEST PASSED : TC_003
2026-05-133 20:04:03 [main] INFO  org.utils.qa.Log - ================================================
2026-05-133 20:04:03 [main] INFO  org.utils.qa.Log - Browser closed
2026-05-133 20:04:07 [main] INFO  org.utils.qa.Log - Browser launched successfully
2026-05-133 20:04:07 [main] INFO  org.utils.qa.Log - ================================================
2026-05-133 20:04:07 [main] INFO  org.utils.qa.Log - TEST CASE STARTED : TC_004
2026-05-133 20:04:07 [main] INFO  org.utils.qa.Log - SCENARIO : Verify login functionality with invalid email and invalid password 
2026-05-133 20:04:07 [main] INFO  org.utils.qa.Log - TEST TYPE : negative
2026-05-133 20:04:19 [main] ERROR org.utils.qa.Log - TEST FAILED : TC_004
2026-05-133 20:04:19 [main] ERROR org.utils.qa.Log - EXCEPTION OCCURRED : TimeoutException
2026-05-133 20:04:19 [main] ERROR org.utils.qa.Log - REASON : Expected condition failed: waiting for visibility of Proxy element for: DefaultElementLocator 'By.xpath: //input[@data-qa='login-email']'
(tried for 10 seconds with 500 milliseconds interval)
2026-05-133 20:04:19 [main] INFO  org.utils.qa.Log - Browser closed
2026-05-133 20:04:25 [main] INFO  org.utils.qa.Log - Browser launched successfully
2026-05-133 20:04:25 [main] INFO  org.utils.qa.Log - ================================================
2026-05-133 20:04:25 [main] INFO  org.utils.qa.Log - TEST CASE STARTED : TC_005
2026-05-133 20:04:25 [main] INFO  org.utils.qa.Log - SCENARIO : Verify validation when password field is left empty
2026-05-133 20:04:25 [main] INFO  org.utils.qa.Log - TEST TYPE : validation
2026-05-133 20:04:36 [main] ERROR org.utils.qa.Log - TEST FAILED : TC_005
2026-05-133 20:04:36 [main] ERROR org.utils.qa.Log - ASSERTION FAILED : FAILED: Error message not displayed for TC_005 expected [true] but found [false]
2026-05-133 20:04:36 [main] INFO  org.utils.qa.Log - Browser closed
2026-05-133 20:04:45 [main] INFO  org.utils.qa.Log - Browser launched successfully
2026-05-133 20:04:45 [main] INFO  org.utils.qa.Log - ================================================
2026-05-133 20:04:45 [main] INFO  org.utils.qa.Log - TEST CASE STARTED : TC_006
2026-05-133 20:04:45 [main] INFO  org.utils.qa.Log - SCENARIO : Verify validation when email field is left empty
2026-05-133 20:04:45 [main] INFO  org.utils.qa.Log - TEST TYPE : validation
2026-05-133 20:04:57 [main] ERROR org.utils.qa.Log - TEST FAILED : TC_006
2026-05-133 20:04:57 [main] ERROR org.utils.qa.Log - ASSERTION FAILED : FAILED: Error message not displayed for TC_006 expected [true] but found [false]
2026-05-133 20:04:57 [main] INFO  org.utils.qa.Log - Browser closed
2026-05-133 20:05:02 [main] INFO  org.utils.qa.Log - Browser launched successfully
2026-05-133 20:05:02 [main] INFO  org.utils.qa.Log - ================================================
2026-05-133 20:05:02 [main] INFO  org.utils.qa.Log - TEST CASE STARTED : TC_007
2026-05-133 20:05:02 [main] INFO  org.utils.qa.Log - SCENARIO : Verify validation when both email and password fields are left empty
2026-05-133 20:05:02 [main] INFO  org.utils.qa.Log - TEST TYPE : validation
2026-05-133 20:05:14 [main] ERROR org.utils.qa.Log - TEST FAILED : TC_007
2026-05-133 20:05:14 [main] ERROR org.utils.qa.Log - ASSERTION FAILED : FAILED: Error message not displayed for TC_007 expected [true] but found [false]
2026-05-133 20:05:14 [main] INFO  org.utils.qa.Log - Browser closed
2026-05-133 20:05:23 [main] INFO  org.utils.qa.Log - Browser launched successfully
2026-05-133 20:05:23 [main] INFO  org.utils.qa.Log - ================================================
2026-05-133 20:05:23 [main] INFO  org.utils.qa.Log - TEST CASE STARTED : TC_008
2026-05-133 20:05:23 [main] INFO  org.utils.qa.Log - SCENARIO : Verify login with invalid email format
2026-05-133 20:05:23 [main] INFO  org.utils.qa.Log - TEST TYPE : validation
2026-05-133 20:05:38 [main] ERROR org.utils.qa.Log - TEST FAILED : TC_008
2026-05-133 20:05:38 [main] ERROR org.utils.qa.Log - ASSERTION FAILED : FAILED: Error message not displayed for TC_008 expected [true] but found [false]
2026-05-133 20:05:39 [main] INFO  org.utils.qa.Log - Browser closed
2026-05-133 20:05:45 [main] INFO  org.utils.qa.Log - Browser launched successfully
2026-05-133 20:05:45 [main] INFO  org.utils.qa.Log - ================================================
2026-05-133 20:05:45 [main] INFO  org.utils.qa.Log - TEST CASE STARTED : TC_009
2026-05-133 20:05:45 [main] INFO  org.utils.qa.Log - SCENARIO : Verify login with password below minimum character limit
2026-05-133 20:05:45 [main] INFO  org.utils.qa.Log - TEST TYPE : boundary
2026-05-133 20:05:49 [main] INFO  org.utils.qa.Log - TEST PASSED : TC_009
2026-05-133 20:05:49 [main] INFO  org.utils.qa.Log - ================================================
2026-05-133 20:05:49 [main] INFO  org.utils.qa.Log - Browser closed
2026-05-133 20:05:53 [main] INFO  org.utils.qa.Log - Browser launched successfully
2026-05-133 20:05:53 [main] INFO  org.utils.qa.Log - ================================================
2026-05-133 20:05:53 [main] INFO  org.utils.qa.Log - TEST CASE STARTED : TC_010
2026-05-133 20:05:53 [main] INFO  org.utils.qa.Log - SCENARIO : Verify login with password exceeding maximum allowed character limit
2026-05-133 20:05:53 [main] INFO  org.utils.qa.Log - TEST TYPE : boundary
2026-05-133 20:05:56 [main] INFO  org.utils.qa.Log - TEST PASSED : TC_010
2026-05-133 20:05:56 [main] INFO  org.utils.qa.Log - ================================================
2026-05-133 20:05:56 [main] INFO  org.utils.qa.Log - Browser closed
2026-05-133 20:05:59 [main] INFO  org.utils.qa.Log - Browser launched successfully
2026-05-133 20:05:59 [main] INFO  org.utils.qa.Log - ================================================
2026-05-133 20:05:59 [main] INFO  org.utils.qa.Log - TEST CASE STARTED : TC_011
2026-05-133 20:05:59 [main] INFO  org.utils.qa.Log - SCENARIO : Verify application security against SQL Injection attack
2026-05-133 20:05:59 [main] INFO  org.utils.qa.Log - TEST TYPE : security
2026-05-133 20:06:01 [main] INFO  org.utils.qa.Log - TEST PASSED : TC_011
2026-05-133 20:06:01 [main] INFO  org.utils.qa.Log - ================================================
2026-05-133 20:06:02 [main] INFO  org.utils.qa.Log - Browser closed
2026-05-133 20:06:05 [main] INFO  org.utils.qa.Log - Browser launched successfully
2026-05-133 20:06:05 [main] INFO  org.utils.qa.Log - ================================================
2026-05-133 20:06:05 [main] INFO  org.utils.qa.Log - TEST CASE STARTED : TC_012
2026-05-133 20:06:05 [main] INFO  org.utils.qa.Log - SCENARIO : Verify successful login after previous failed login attempts
2026-05-133 20:06:05 [main] INFO  org.utils.qa.Log - TEST TYPE : regression
2026-05-133 20:06:11 [main] INFO  org.utils.qa.Log - ================================================
2026-05-133 20:06:11 [main] INFO  org.utils.qa.Log - Browser closed
2026-05-133 20:06:16 [main] INFO  org.utils.qa.Log - Browser launched successfully
2026-05-133 20:06:16 [main] INFO  org.utils.qa.Log - ================================================
2026-05-133 20:06:16 [main] INFO  org.utils.qa.Log - TEST CASE STARTED : TC_013
2026-05-133 20:06:16 [main] INFO  org.utils.qa.Log - SCENARIO : Verify Enter key login
2026-05-133 20:06:16 [main] INFO  org.utils.qa.Log - TEST TYPE : usability
2026-05-133 20:06:21 [main] INFO  org.utils.qa.Log - ================================================
2026-05-133 20:06:22 [main] INFO  org.utils.qa.Log - Browser closed
2026-05-133 20:06:25 [main] INFO  org.utils.qa.Log - Browser launched successfully
2026-05-133 20:06:25 [main] INFO  org.utils.qa.Log - ================================================
2026-05-133 20:06:25 [main] INFO  org.utils.qa.Log - TEST CASE STARTED : TC_014
2026-05-133 20:06:25 [main] INFO  org.utils.qa.Log - SCENARIO : Verify Forgot Password functionality
2026-05-133 20:06:25 [main] INFO  org.utils.qa.Log - TEST TYPE : bug
2026-05-133 20:06:35 [main] ERROR org.utils.qa.Log - TEST FAILED : TC_014
2026-05-133 20:06:35 [main] ERROR org.utils.qa.Log - ASSERTION FAILED : Forgot Password feature not implemented
2026-05-133 20:06:35 [main] INFO  org.utils.qa.Log - Browser closed
2026-05-133 20:06:35 [main] INFO  org.testng.internal.Utils - [TestNG] Time taken by org.testng.reporters.jq.Main@1a3b1f7e: 39 ms
2026-05-133 20:06:35 [main] INFO  org.testng.internal.Utils - [TestNG] Time taken by org.testng.reporters.FailedReporter@6fc0e448: 8 ms
2026-05-133 20:06:35 [main] INFO  org.testng.internal.Utils - [TestNG] Time taken by org.testng.reporters.XMLReporter@f3876ef: 13 ms
2026-05-133 20:06:35 [main] INFO  org.testng.internal.Utils - [TestNG] Time taken by org.testng.reporters.EmailableReporter2@31b6fb14: 6 ms
2026-05-133 20:06:35 [main] INFO  org.testng.internal.Utils - [TestNG] Time taken by org.testng.reporters.JUnitReportReporter@6ea3a513: 6 ms
2026-05-133 20:06:35 [main] INFO  org.testng.internal.Utils - [TestNG] Time taken by org.testng.internal.ExitCodeListener@3c4059a: 0 ms
2026-05-133 20:15:58 [main] INFO  org.testng.internal.Utils - [Utils] MethodGroupsHelper.collectMethodsByGroup() took 0 ms.
2026-05-133 20:15:58 [main] INFO  org.testng.internal.Utils - [Utils] MethodGroupsHelper.sortMethods() took 1 ms.
2026-05-133 20:15:58 [main] INFO  org.testng.internal.Utils - [Utils] MethodGroupsHelper.collectMethodsByGroup() took 0 ms.
2026-05-133 20:15:58 [main] INFO  org.testng.internal.Utils - [Utils] MethodGroupsHelper.sortMethods() took 0 ms.
2026-05-133 20:15:58 [main] INFO  org.testng.internal.Utils - [Utils] MethodGroupsHelper.collectMethodsByGroup() took 0 ms.
2026-05-133 20:15:58 [main] INFO  org.testng.internal.Utils - [Utils] MethodGroupsHelper.sortMethods() took 0 ms.
2026-05-133 20:15:58 [main] INFO  org.testng.internal.Utils - [Utils] MethodGroupsHelper.collectMethodsByGroup() took 0 ms.
2026-05-133 20:15:58 [main] INFO  org.testng.internal.Utils - [Utils] MethodGroupsHelper.sortMethods() took 0 ms.
2026-05-133 20:15:58 [main] INFO  org.testng.internal.Utils - [Utils] MethodGroupsHelper.collectMethodsByGroup() took 0 ms.
2026-05-133 20:15:58 [main] INFO  org.testng.internal.Utils - [Utils] MethodGroupsHelper.sortMethods() took 0 ms.
2026-05-133 20:15:58 [main] INFO  org.testng.internal.Utils - [Utils] MethodGroupsHelper.collectMethodsByGroup() took 0 ms.
2026-05-133 20:15:58 [main] INFO  org.testng.internal.Utils - [Utils] MethodGroupsHelper.sortMethods() took 0 ms.
2026-05-133 20:15:58 [main] INFO  org.testng.internal.Utils - [Utils] MethodGroupsHelper.collectMethodsByGroup() took 0 ms.
2026-05-133 20:15:58 [main] INFO  org.testng.internal.Utils - [Utils] MethodGroupsHelper.sortMethods() took 0 ms.
2026-05-133 20:15:58 [main] INFO  org.testng.internal.Utils - [Utils] MethodGroupsHelper.collectMethodsByGroup() took 0 ms.
2026-05-133 20:15:58 [main] INFO  org.testng.internal.Utils - [Utils] MethodGroupsHelper.sortMethods() took 0 ms.
2026-05-133 20:15:58 [main] INFO  org.testng.internal.Utils - [Utils] MethodGroupsHelper.collectMethodsByGroup() took 3 ms.
2026-05-133 20:15:58 [main] INFO  org.testng.internal.Utils - [Utils] MethodGroupsHelper.sortMethods() took 4 ms.
2026-05-133 20:15:58 [main] INFO  org.testng.internal.Utils - [Utils] MethodGroupsHelper.collectMethodsByGroup() took 0 ms.
2026-05-133 20:15:58 [main] INFO  org.testng.internal.Utils - [Utils] MethodGroupsHelper.sortMethods() took 0 ms.
2026-05-133 20:15:58 [main] INFO  org.testng.internal.Utils - [Utils] MethodGroupsHelper.collectMethodsByGroup() took 0 ms.
2026-05-133 20:15:58 [main] INFO  org.testng.internal.Utils - [Utils] MethodGroupsHelper.sortMethods() took 0 ms.
2026-05-133 20:15:58 [main] INFO  org.testng.internal.Utils - [Utils] MethodGroupsHelper.collectMethodsByGroup() took 0 ms.
2026-05-133 20:15:58 [main] INFO  org.testng.internal.Utils - [Utils] MethodGroupsHelper.sortMethods() took 0 ms.
2026-05-133 20:15:58 [main] INFO  org.testng.internal.Utils - [Utils] MethodGroupsHelper.collectMethodsByGroup() took 0 ms.
2026-05-133 20:15:58 [main] INFO  org.testng.internal.Utils - [Utils] MethodGroupsHelper.sortMethods() took 0 ms.
2026-05-133 20:15:58 [main] INFO  org.testng.internal.Utils - [Utils] MethodGroupsHelper.collectMethodsByGroup() took 0 ms.
2026-05-133 20:15:58 [main] INFO  org.testng.internal.Utils - [Utils] MethodGroupsHelper.sortMethods() took 0 ms.
2026-05-133 20:15:58 [main] INFO  org.testng.internal.Utils - [Utils] MethodGroupsHelper.collectMethodsByGroup() took 0 ms.
2026-05-133 20:15:58 [main] INFO  org.testng.internal.Utils - [Utils] MethodGroupsHelper.sortMethods() took 0 ms.
2026-05-133 20:15:58 [main] INFO  org.testng.internal.Utils - [TestNG] Running:
  C:\Users\Siddhi\AppData\Local\Temp\testng-eclipse-2125946364\testng-customsuite.xml

2026-05-133 20:15:58 [main] INFO  org.testng.internal.Utils - [Utils] DynamicGraphHelper.createDynamicGraph() took 1 ms.
2026-05-133 20:16:03 [main] INFO  org.utils.qa.Log - Browser launched successfully
2026-05-133 20:16:03 [main] INFO  org.utils.qa.Log - ================================================
2026-05-133 20:16:03 [main] INFO  org.utils.qa.Log - TEST CASE STARTED : TC_001
2026-05-133 20:16:03 [main] INFO  org.utils.qa.Log - SCENARIO : Verify login functionality with valid email and valid password
2026-05-133 20:16:03 [main] INFO  org.utils.qa.Log - TEST TYPE : positive
2026-05-133 20:16:08 [main] INFO  org.utils.qa.Log - ================================================
2026-05-133 20:16:08 [main] INFO  org.utils.qa.Log - Browser closed
2026-05-133 20:16:15 [main] INFO  org.utils.qa.Log - Browser launched successfully
2026-05-133 20:16:15 [main] INFO  org.utils.qa.Log - ================================================
2026-05-133 20:16:15 [main] INFO  org.utils.qa.Log - TEST CASE STARTED : TC_002
2026-05-133 20:16:15 [main] INFO  org.utils.qa.Log - SCENARIO : Verify login functionality with valid email and invalid password
2026-05-133 20:16:15 [main] INFO  org.utils.qa.Log - TEST TYPE : negative
2026-05-133 20:16:18 [main] INFO  org.utils.qa.Log - TEST PASSED : TC_002
2026-05-133 20:16:18 [main] INFO  org.utils.qa.Log - ================================================
2026-05-133 20:16:18 [main] INFO  org.utils.qa.Log - Browser closed
2026-05-133 20:16:23 [main] INFO  org.utils.qa.Log - Browser launched successfully
2026-05-133 20:16:23 [main] INFO  org.utils.qa.Log - ================================================
2026-05-133 20:16:23 [main] INFO  org.utils.qa.Log - TEST CASE STARTED : TC_003
2026-05-133 20:16:23 [main] INFO  org.utils.qa.Log - SCENARIO : Verify login functionality with invalid email and valid password
2026-05-133 20:16:23 [main] INFO  org.utils.qa.Log - TEST TYPE : negative
2026-05-133 20:16:25 [main] INFO  org.utils.qa.Log - TEST PASSED : TC_003
2026-05-133 20:16:25 [main] INFO  org.utils.qa.Log - ================================================
2026-05-133 20:16:26 [main] INFO  org.utils.qa.Log - Browser closed
2026-05-133 20:16:31 [main] INFO  org.utils.qa.Log - Browser launched successfully
2026-05-133 20:16:31 [main] INFO  org.utils.qa.Log - ================================================
2026-05-133 20:16:31 [main] INFO  org.utils.qa.Log - TEST CASE STARTED : TC_004
2026-05-133 20:16:31 [main] INFO  org.utils.qa.Log - SCENARIO : Verify login functionality with invalid email and invalid password 
2026-05-133 20:16:31 [main] INFO  org.utils.qa.Log - TEST TYPE : negative
2026-05-133 20:16:33 [main] INFO  org.utils.qa.Log - TEST PASSED : TC_004
2026-05-133 20:16:33 [main] INFO  org.utils.qa.Log - ================================================
2026-05-133 20:16:33 [main] INFO  org.utils.qa.Log - Browser closed
2026-05-133 20:16:39 [main] INFO  org.utils.qa.Log - Browser launched successfully
2026-05-133 20:16:39 [main] INFO  org.utils.qa.Log - ================================================
2026-05-133 20:16:39 [main] INFO  org.utils.qa.Log - TEST CASE STARTED : TC_005
2026-05-133 20:16:39 [main] INFO  org.utils.qa.Log - SCENARIO : Verify validation when password field is left empty
2026-05-133 20:16:39 [main] INFO  org.utils.qa.Log - TEST TYPE : validation
2026-05-133 20:16:51 [main] ERROR org.utils.qa.Log - TEST FAILED : TC_005
2026-05-133 20:16:51 [main] ERROR org.utils.qa.Log - ASSERTION FAILED : FAILED: Error message not displayed for TC_005 expected [true] but found [false]
2026-05-133 20:16:51 [main] INFO  org.utils.qa.Log - Browser closed
2026-05-133 20:17:14 [main] INFO  org.utils.qa.Log - Browser launched successfully
2026-05-133 20:17:14 [main] INFO  org.utils.qa.Log - ================================================
2026-05-133 20:17:14 [main] INFO  org.utils.qa.Log - TEST CASE STARTED : TC_006
2026-05-133 20:17:14 [main] INFO  org.utils.qa.Log - SCENARIO : Verify validation when email field is left empty
2026-05-133 20:17:14 [main] INFO  org.utils.qa.Log - TEST TYPE : validation
2026-05-133 20:17:25 [main] ERROR org.utils.qa.Log - TEST FAILED : TC_006
2026-05-133 20:17:25 [main] ERROR org.utils.qa.Log - ASSERTION FAILED : FAILED: Error message not displayed for TC_006 expected [true] but found [false]
2026-05-133 20:17:25 [main] INFO  org.utils.qa.Log - Browser closed
2026-05-133 20:17:31 [main] INFO  org.utils.qa.Log - Browser launched successfully
2026-05-133 20:17:31 [main] INFO  org.utils.qa.Log - ================================================
2026-05-133 20:17:31 [main] INFO  org.utils.qa.Log - TEST CASE STARTED : TC_007
2026-05-133 20:17:31 [main] INFO  org.utils.qa.Log - SCENARIO : Verify validation when both email and password fields are left empty
2026-05-133 20:17:31 [main] INFO  org.utils.qa.Log - TEST TYPE : validation
2026-05-133 20:17:44 [main] ERROR org.utils.qa.Log - TEST FAILED : TC_007
2026-05-133 20:17:44 [main] ERROR org.utils.qa.Log - ASSERTION FAILED : FAILED: Error message not displayed for TC_007 expected [true] but found [false]
2026-05-133 20:17:44 [main] INFO  org.utils.qa.Log - Browser closed
2026-05-133 20:17:52 [main] INFO  org.utils.qa.Log - Browser launched successfully
2026-05-133 20:17:52 [main] INFO  org.utils.qa.Log - ================================================
2026-05-133 20:17:52 [main] INFO  org.utils.qa.Log - TEST CASE STARTED : TC_008
2026-05-133 20:17:52 [main] INFO  org.utils.qa.Log - SCENARIO : Verify login with invalid email format
2026-05-133 20:17:52 [main] INFO  org.utils.qa.Log - TEST TYPE : validation
2026-05-133 20:18:03 [main] ERROR org.utils.qa.Log - TEST FAILED : TC_008
2026-05-133 20:18:03 [main] ERROR org.utils.qa.Log - ASSERTION FAILED : FAILED: Error message not displayed for TC_008 expected [true] but found [false]
2026-05-133 20:18:03 [main] INFO  org.utils.qa.Log - Browser closed
2026-05-133 20:18:08 [main] INFO  org.utils.qa.Log - Browser launched successfully
2026-05-133 20:18:08 [main] INFO  org.utils.qa.Log - ================================================
2026-05-133 20:18:08 [main] INFO  org.utils.qa.Log - TEST CASE STARTED : TC_009
2026-05-133 20:18:08 [main] INFO  org.utils.qa.Log - SCENARIO : Verify login with password below minimum character limit
2026-05-133 20:18:08 [main] INFO  org.utils.qa.Log - TEST TYPE : boundary
2026-05-133 20:18:11 [main] INFO  org.utils.qa.Log - TEST PASSED : TC_009
2026-05-133 20:18:11 [main] INFO  org.utils.qa.Log - ================================================
2026-05-133 20:18:11 [main] INFO  org.utils.qa.Log - Browser closed
2026-05-133 20:18:17 [main] INFO  org.utils.qa.Log - Browser launched successfully
2026-05-133 20:18:17 [main] INFO  org.utils.qa.Log - ================================================
2026-05-133 20:18:17 [main] INFO  org.utils.qa.Log - TEST CASE STARTED : TC_010
2026-05-133 20:18:17 [main] INFO  org.utils.qa.Log - SCENARIO : Verify login with password exceeding maximum allowed character limit
2026-05-133 20:18:17 [main] INFO  org.utils.qa.Log - TEST TYPE : boundary
2026-05-133 20:18:19 [main] INFO  org.utils.qa.Log - TEST PASSED : TC_010
2026-05-133 20:18:19 [main] INFO  org.utils.qa.Log - ================================================
2026-05-133 20:18:19 [main] INFO  org.utils.qa.Log - Browser closed
2026-05-133 20:18:24 [main] INFO  org.utils.qa.Log - Browser launched successfully
2026-05-133 20:18:24 [main] INFO  org.utils.qa.Log - ================================================
2026-05-133 20:18:24 [main] INFO  org.utils.qa.Log - TEST CASE STARTED : TC_011
2026-05-133 20:18:24 [main] INFO  org.utils.qa.Log - SCENARIO : Verify application security against SQL Injection attack
2026-05-133 20:18:24 [main] INFO  org.utils.qa.Log - TEST TYPE : security
2026-05-133 20:18:27 [main] INFO  org.utils.qa.Log - TEST PASSED : TC_011
2026-05-133 20:18:27 [main] INFO  org.utils.qa.Log - ================================================
2026-05-133 20:18:27 [main] INFO  org.utils.qa.Log - Browser closed
2026-05-133 20:18:30 [main] INFO  org.utils.qa.Log - Browser launched successfully
2026-05-133 20:18:30 [main] INFO  org.utils.qa.Log - ================================================
2026-05-133 20:18:30 [main] INFO  org.utils.qa.Log - TEST CASE STARTED : TC_012
2026-05-133 20:18:30 [main] INFO  org.utils.qa.Log - SCENARIO : Verify successful login after previous failed login attempts
2026-05-133 20:18:30 [main] INFO  org.utils.qa.Log - TEST TYPE : regression
2026-05-133 20:18:36 [main] INFO  org.utils.qa.Log - ================================================
2026-05-133 20:18:37 [main] INFO  org.utils.qa.Log - Browser closed
2026-05-133 20:18:42 [main] INFO  org.utils.qa.Log - Browser launched successfully
2026-05-133 20:18:42 [main] INFO  org.utils.qa.Log - ================================================
2026-05-133 20:18:42 [main] INFO  org.utils.qa.Log - TEST CASE STARTED : TC_013
2026-05-133 20:18:42 [main] INFO  org.utils.qa.Log - SCENARIO : Verify Enter key login
2026-05-133 20:18:42 [main] INFO  org.utils.qa.Log - TEST TYPE : usability
2026-05-133 20:18:49 [main] INFO  org.utils.qa.Log - ================================================
2026-05-133 20:18:49 [main] INFO  org.utils.qa.Log - Browser closed
2026-05-133 20:18:54 [main] INFO  org.utils.qa.Log - Browser launched successfully
2026-05-133 20:18:54 [main] INFO  org.utils.qa.Log - ================================================
2026-05-133 20:18:54 [main] INFO  org.utils.qa.Log - TEST CASE STARTED : TC_014
2026-05-133 20:18:54 [main] INFO  org.utils.qa.Log - SCENARIO : Verify Forgot Password functionality
2026-05-133 20:18:54 [main] INFO  org.utils.qa.Log - TEST TYPE : bug
2026-05-133 20:18:55 [main] ERROR org.utils.qa.Log - TEST FAILED : TC_014
2026-05-133 20:18:55 [main] ERROR org.utils.qa.Log - ASSERTION FAILED : Forgot Password feature not implemented
2026-05-133 20:18:55 [main] INFO  org.utils.qa.Log - Browser closed
2026-05-133 20:18:55 [main] INFO  org.testng.internal.Utils - [TestNG] Time taken by org.testng.reporters.jq.Main@79e2606f: 45 ms
2026-05-133 20:18:55 [main] INFO  org.testng.internal.Utils - [TestNG] Time taken by org.testng.reporters.FailedReporter@5342eec5: 19 ms
2026-05-133 20:18:55 [main] INFO  org.testng.internal.Utils - [TestNG] Time taken by org.testng.reporters.XMLReporter@751686aa: 13 ms
2026-05-133 20:18:55 [main] INFO  org.testng.internal.Utils - [TestNG] Time taken by org.testng.reporters.EmailableReporter2@533e2f4: 6 ms
2026-05-133 20:18:55 [main] INFO  org.testng.internal.Utils - [TestNG] Time taken by org.testng.reporters.JUnitReportReporter@3caa4d85: 6 ms
2026-05-133 20:18:55 [main] INFO  org.testng.internal.Utils - [TestNG] Time taken by org.testng.internal.ExitCodeListener@356fa0d1: 0 ms
2026-05-134 09:49:49 [main] INFO  org.testng.internal.Utils - [Utils] MethodGroupsHelper.collectMethodsByGroup() took 1 ms.
2026-05-134 09:49:49 [main] INFO  org.testng.internal.Utils - [Utils] MethodGroupsHelper.sortMethods() took 0 ms.
2026-05-134 09:49:49 [main] INFO  org.testng.internal.Utils - [Utils] MethodGroupsHelper.collectMethodsByGroup() took 0 ms.
2026-05-134 09:49:49 [main] INFO  org.testng.internal.Utils - [Utils] MethodGroupsHelper.sortMethods() took 0 ms.
2026-05-134 09:49:49 [main] INFO  org.testng.internal.Utils - [Utils] MethodGroupsHelper.collectMethodsByGroup() took 0 ms.
2026-05-134 09:49:49 [main] INFO  org.testng.internal.Utils - [Utils] MethodGroupsHelper.sortMethods() took 0 ms.
2026-05-134 09:49:49 [main] INFO  org.testng.internal.Utils - [Utils] MethodGroupsHelper.collectMethodsByGroup() took 0 ms.
2026-05-134 09:49:49 [main] INFO  org.testng.internal.Utils - [Utils] MethodGroupsHelper.sortMethods() took 0 ms.
2026-05-134 09:49:49 [main] INFO  org.testng.internal.Utils - [Utils] MethodGroupsHelper.collectMethodsByGroup() took 0 ms.
2026-05-134 09:49:49 [main] INFO  org.testng.internal.Utils - [Utils] MethodGroupsHelper.sortMethods() took 0 ms.
2026-05-134 09:49:49 [main] INFO  org.testng.internal.Utils - [Utils] MethodGroupsHelper.collectMethodsByGroup() took 0 ms.
2026-05-134 09:49:49 [main] INFO  org.testng.internal.Utils - [Utils] MethodGroupsHelper.sortMethods() took 0 ms.
2026-05-134 09:49:49 [main] INFO  org.testng.internal.Utils - [Utils] MethodGroupsHelper.collectMethodsByGroup() took 0 ms.
2026-05-134 09:49:49 [main] INFO  org.testng.internal.Utils - [Utils] MethodGroupsHelper.sortMethods() took 0 ms.
2026-05-134 09:49:49 [main] INFO  org.testng.internal.Utils - [Utils] MethodGroupsHelper.collectMethodsByGroup() took 0 ms.
2026-05-134 09:49:49 [main] INFO  org.testng.internal.Utils - [Utils] MethodGroupsHelper.sortMethods() took 0 ms.
2026-05-134 09:49:49 [main] INFO  org.testng.internal.Utils - [Utils] MethodGroupsHelper.collectMethodsByGroup() took 4 ms.
2026-05-134 09:49:49 [main] INFO  org.testng.internal.Utils - [Utils] MethodGroupsHelper.sortMethods() took 6 ms.
2026-05-134 09:49:49 [main] INFO  org.testng.internal.Utils - [Utils] MethodGroupsHelper.collectMethodsByGroup() took 0 ms.
2026-05-134 09:49:49 [main] INFO  org.testng.internal.Utils - [Utils] MethodGroupsHelper.sortMethods() took 0 ms.
2026-05-134 09:49:49 [main] INFO  org.testng.internal.Utils - [Utils] MethodGroupsHelper.collectMethodsByGroup() took 0 ms.
2026-05-134 09:49:49 [main] INFO  org.testng.internal.Utils - [Utils] MethodGroupsHelper.sortMethods() took 0 ms.
2026-05-134 09:49:49 [main] INFO  org.testng.internal.Utils - [Utils] MethodGroupsHelper.collectMethodsByGroup() took 0 ms.
2026-05-134 09:49:49 [main] INFO  org.testng.internal.Utils - [Utils] MethodGroupsHelper.sortMethods() took 0 ms.
2026-05-134 09:49:49 [main] INFO  org.testng.internal.Utils - [Utils] MethodGroupsHelper.collectMethodsByGroup() took 2 ms.
2026-05-134 09:49:49 [main] INFO  org.testng.internal.Utils - [Utils] MethodGroupsHelper.sortMethods() took 0 ms.
2026-05-134 09:49:49 [main] INFO  org.testng.internal.Utils - [Utils] MethodGroupsHelper.collectMethodsByGroup() took 0 ms.
2026-05-134 09:49:49 [main] INFO  org.testng.internal.Utils - [Utils] MethodGroupsHelper.sortMethods() took 0 ms.
2026-05-134 09:49:49 [main] INFO  org.testng.internal.Utils - [Utils] MethodGroupsHelper.collectMethodsByGroup() took 0 ms.
2026-05-134 09:49:49 [main] INFO  org.testng.internal.Utils - [Utils] MethodGroupsHelper.sortMethods() took 0 ms.
2026-05-134 09:49:49 [main] INFO  org.testng.internal.Utils - [TestNG] Running:
  C:\Users\Siddhi\AppData\Local\Temp\testng-eclipse--2012423408\testng-customsuite.xml

2026-05-134 09:49:49 [main] INFO  org.testng.internal.Utils - [Utils] DynamicGraphHelper.createDynamicGraph() took 2 ms.
2026-05-134 09:50:01 [main] INFO  org.testng.internal.Utils - [TestNG] Time taken by org.testng.reporters.jq.Main@5b94ccbc: 40 ms
2026-05-134 09:50:01 [main] INFO  org.testng.internal.Utils - [TestNG] Time taken by org.testng.reporters.FailedReporter@38eb2fb0: 1 ms
2026-05-134 09:50:01 [main] INFO  org.testng.internal.Utils - [TestNG] Time taken by org.testng.reporters.XMLReporter@7cf162bc: 4 ms
2026-05-134 09:50:01 [main] INFO  org.testng.internal.Utils - [TestNG] Time taken by org.testng.reporters.EmailableReporter2@6edcd0d8: 4 ms
2026-05-134 09:50:01 [main] INFO  org.testng.internal.Utils - [TestNG] Time taken by org.testng.reporters.JUnitReportReporter@6892cc6f: 4 ms
2026-05-134 09:50:01 [main] INFO  org.testng.internal.Utils - [TestNG] Time taken by org.testng.internal.ExitCodeListener@6fd1660: 0 ms
2026-05-134 09:52:11 [main] INFO  org.testng.internal.Utils - [Utils] MethodGroupsHelper.collectMethodsByGroup() took 0 ms.
2026-05-134 09:52:11 [main] INFO  org.testng.internal.Utils - [Utils] MethodGroupsHelper.sortMethods() took 2 ms.
2026-05-134 09:52:11 [main] INFO  org.testng.internal.Utils - [Utils] MethodGroupsHelper.collectMethodsByGroup() took 0 ms.
2026-05-134 09:52:11 [main] INFO  org.testng.internal.Utils - [Utils] MethodGroupsHelper.sortMethods() took 0 ms.
2026-05-134 09:52:11 [main] INFO  org.testng.internal.Utils - [Utils] MethodGroupsHelper.collectMethodsByGroup() took 0 ms.
2026-05-134 09:52:11 [main] INFO  org.testng.internal.Utils - [Utils] MethodGroupsHelper.sortMethods() took 0 ms.
2026-05-134 09:52:11 [main] INFO  org.testng.internal.Utils - [Utils] MethodGroupsHelper.collectMethodsByGroup() took 0 ms.
2026-05-134 09:52:11 [main] INFO  org.testng.internal.Utils - [Utils] MethodGroupsHelper.sortMethods() took 0 ms.
2026-05-134 09:52:11 [main] INFO  org.testng.internal.Utils - [Utils] MethodGroupsHelper.collectMethodsByGroup() took 0 ms.
2026-05-134 09:52:11 [main] INFO  org.testng.internal.Utils - [Utils] MethodGroupsHelper.sortMethods() took 0 ms.
2026-05-134 09:52:11 [main] INFO  org.testng.internal.Utils - [Utils] MethodGroupsHelper.collectMethodsByGroup() took 0 ms.
2026-05-134 09:52:11 [main] INFO  org.testng.internal.Utils - [Utils] MethodGroupsHelper.sortMethods() took 0 ms.
2026-05-134 09:52:11 [main] INFO  org.testng.internal.Utils - [Utils] MethodGroupsHelper.collectMethodsByGroup() took 0 ms.
2026-05-134 09:52:11 [main] INFO  org.testng.internal.Utils - [Utils] MethodGroupsHelper.sortMethods() took 0 ms.
2026-05-134 09:52:11 [main] INFO  org.testng.internal.Utils - [Utils] MethodGroupsHelper.collectMethodsByGroup() took 0 ms.
2026-05-134 09:52:11 [main] INFO  org.testng.internal.Utils - [Utils] MethodGroupsHelper.sortMethods() took 0 ms.
2026-05-134 09:52:11 [main] INFO  org.testng.internal.Utils - [Utils] MethodGroupsHelper.collectMethodsByGroup() took 2 ms.
2026-05-134 09:52:11 [main] INFO  org.testng.internal.Utils - [Utils] MethodGroupsHelper.sortMethods() took 5 ms.
2026-05-134 09:52:11 [main] INFO  org.testng.internal.Utils - [Utils] MethodGroupsHelper.collectMethodsByGroup() took 0 ms.
2026-05-134 09:52:11 [main] INFO  org.testng.internal.Utils - [Utils] MethodGroupsHelper.sortMethods() took 0 ms.
2026-05-134 09:52:11 [main] INFO  org.testng.internal.Utils - [Utils] MethodGroupsHelper.collectMethodsByGroup() took 0 ms.
2026-05-134 09:52:11 [main] INFO  org.testng.internal.Utils - [Utils] MethodGroupsHelper.sortMethods() took 0 ms.
2026-05-134 09:52:11 [main] INFO  org.testng.internal.Utils - [Utils] MethodGroupsHelper.collectMethodsByGroup() took 0 ms.
2026-05-134 09:52:11 [main] INFO  org.testng.internal.Utils - [Utils] MethodGroupsHelper.sortMethods() took 0 ms.
2026-05-134 09:52:11 [main] INFO  org.testng.internal.Utils - [Utils] MethodGroupsHelper.collectMethodsByGroup() took 0 ms.
2026-05-134 09:52:11 [main] INFO  org.testng.internal.Utils - [Utils] MethodGroupsHelper.sortMethods() took 4 ms.
2026-05-134 09:52:11 [main] INFO  org.testng.internal.Utils - [Utils] MethodGroupsHelper.collectMethodsByGroup() took 0 ms.
2026-05-134 09:52:11 [main] INFO  org.testng.internal.Utils - [Utils] MethodGroupsHelper.sortMethods() took 0 ms.
2026-05-134 09:52:11 [main] INFO  org.testng.internal.Utils - [Utils] MethodGroupsHelper.collectMethodsByGroup() took 0 ms.
2026-05-134 09:52:11 [main] INFO  org.testng.internal.Utils - [Utils] MethodGroupsHelper.sortMethods() took 0 ms.
2026-05-134 09:52:11 [main] INFO  org.testng.internal.Utils - [TestNG] Running:
  C:\Users\Siddhi\AppData\Local\Temp\testng-eclipse-435131267\testng-customsuite.xml

2026-05-134 09:52:11 [main] INFO  org.testng.internal.Utils - [Utils] DynamicGraphHelper.createDynamicGraph() took 3 ms.
2026-05-134 09:52:54 [main] INFO  org.testng.internal.Utils - [TestNG] Time taken by org.testng.reporters.jq.Main@4efc25fc: 39 ms
2026-05-134 09:52:54 [main] INFO  org.testng.internal.Utils - [TestNG] Time taken by org.testng.reporters.FailedReporter@75308740: 1 ms
2026-05-134 09:52:54 [main] INFO  org.testng.internal.Utils - [TestNG] Time taken by org.testng.reporters.XMLReporter@5533dc72: 7 ms
2026-05-134 09:52:54 [main] INFO  org.testng.internal.Utils - [TestNG] Time taken by org.testng.reporters.EmailableReporter2@27ace0b1: 4 ms
2026-05-134 09:52:54 [main] INFO  org.testng.internal.Utils - [TestNG] Time taken by org.testng.reporters.JUnitReportReporter@6dd82486: 5 ms
2026-05-134 09:52:54 [main] INFO  org.testng.internal.Utils - [TestNG] Time taken by org.testng.internal.ExitCodeListener@56078cea: 0 ms
2026-05-134 09:56:19 [main] INFO  org.testng.internal.Utils - [Utils] MethodGroupsHelper.collectMethodsByGroup() took 0 ms.
2026-05-134 09:56:19 [main] INFO  org.testng.internal.Utils - [Utils] MethodGroupsHelper.sortMethods() took 1 ms.
2026-05-134 09:56:19 [main] INFO  org.testng.internal.Utils - [Utils] MethodGroupsHelper.collectMethodsByGroup() took 0 ms.
2026-05-134 09:56:19 [main] INFO  org.testng.internal.Utils - [Utils] MethodGroupsHelper.sortMethods() took 0 ms.
2026-05-134 09:56:19 [main] INFO  org.testng.internal.Utils - [Utils] MethodGroupsHelper.collectMethodsByGroup() took 0 ms.
2026-05-134 09:56:19 [main] INFO  org.testng.internal.Utils - [Utils] MethodGroupsHelper.sortMethods() took 0 ms.
2026-05-134 09:56:19 [main] INFO  org.testng.internal.Utils - [Utils] MethodGroupsHelper.collectMethodsByGroup() took 0 ms.
2026-05-134 09:56:19 [main] INFO  org.testng.internal.Utils - [Utils] MethodGroupsHelper.sortMethods() took 0 ms.
2026-05-134 09:56:19 [main] INFO  org.testng.internal.Utils - [Utils] MethodGroupsHelper.collectMethodsByGroup() took 0 ms.
2026-05-134 09:56:19 [main] INFO  org.testng.internal.Utils - [Utils] MethodGroupsHelper.sortMethods() took 0 ms.
2026-05-134 09:56:19 [main] INFO  org.testng.internal.Utils - [Utils] MethodGroupsHelper.collectMethodsByGroup() took 0 ms.
2026-05-134 09:56:19 [main] INFO  org.testng.internal.Utils - [Utils] MethodGroupsHelper.sortMethods() took 0 ms.
2026-05-134 09:56:19 [main] INFO  org.testng.internal.Utils - [Utils] MethodGroupsHelper.collectMethodsByGroup() took 0 ms.
2026-05-134 09:56:19 [main] INFO  org.testng.internal.Utils - [Utils] MethodGroupsHelper.sortMethods() took 0 ms.
2026-05-134 09:56:19 [main] INFO  org.testng.internal.Utils - [Utils] MethodGroupsHelper.collectMethodsByGroup() took 0 ms.
2026-05-134 09:56:19 [main] INFO  org.testng.internal.Utils - [Utils] MethodGroupsHelper.sortMethods() took 0 ms.
2026-05-134 09:56:19 [main] INFO  org.testng.internal.Utils - [Utils] MethodGroupsHelper.collectMethodsByGroup() took 3 ms.
2026-05-134 09:56:19 [main] INFO  org.testng.internal.Utils - [Utils] MethodGroupsHelper.sortMethods() took 5 ms.
2026-05-134 09:56:19 [main] INFO  org.testng.internal.Utils - [Utils] MethodGroupsHelper.collectMethodsByGroup() took 0 ms.
2026-05-134 09:56:19 [main] INFO  org.testng.internal.Utils - [Utils] MethodGroupsHelper.sortMethods() took 0 ms.
2026-05-134 09:56:19 [main] INFO  org.testng.internal.Utils - [Utils] MethodGroupsHelper.collectMethodsByGroup() took 0 ms.
2026-05-134 09:56:19 [main] INFO  org.testng.internal.Utils - [Utils] MethodGroupsHelper.sortMethods() took 0 ms.
2026-05-134 09:56:19 [main] INFO  org.testng.internal.Utils - [Utils] MethodGroupsHelper.collectMethodsByGroup() took 0 ms.
2026-05-134 09:56:19 [main] INFO  org.testng.internal.Utils - [Utils] MethodGroupsHelper.sortMethods() took 0 ms.
2026-05-134 09:56:19 [main] INFO  org.testng.internal.Utils - [Utils] MethodGroupsHelper.collectMethodsByGroup() took 0 ms.
2026-05-134 09:56:19 [main] INFO  org.testng.internal.Utils - [Utils] MethodGroupsHelper.sortMethods() took 4 ms.
2026-05-134 09:56:19 [main] INFO  org.testng.internal.Utils - [Utils] MethodGroupsHelper.collectMethodsByGroup() took 0 ms.
2026-05-134 09:56:19 [main] INFO  org.testng.internal.Utils - [Utils] MethodGroupsHelper.sortMethods() took 0 ms.
2026-05-134 09:56:19 [main] INFO  org.testng.internal.Utils - [Utils] MethodGroupsHelper.collectMethodsByGroup() took 0 ms.
2026-05-134 09:56:19 [main] INFO  org.testng.internal.Utils - [Utils] MethodGroupsHelper.sortMethods() took 0 ms.
2026-05-134 09:56:19 [main] INFO  org.testng.internal.Utils - [TestNG] Running:
  C:\Users\Siddhi\AppData\Local\Temp\testng-eclipse--1038874063\testng-customsuite.xml

2026-05-134 09:56:19 [main] INFO  org.testng.internal.Utils - [Utils] DynamicGraphHelper.createDynamicGraph() took 2 ms.
2026-05-134 09:56:29 [main] INFO  org.utils.qa.Log - Email field is displayed.
2026-05-134 09:56:39 [main] INFO  org.utils.qa.Log - Login button is displayed.
2026-05-134 09:56:48 [main] INFO  org.utils.qa.Log - Title Matched.
2026-05-134 09:56:57 [main] INFO  org.utils.qa.Log - Password field is displayed.
2026-05-134 09:56:57 [main] INFO  org.testng.internal.Utils - [TestNG] Time taken by org.testng.reporters.jq.Main@5acc9fdf: 35 ms
2026-05-134 09:56:57 [main] INFO  org.testng.internal.Utils - [TestNG] Time taken by org.testng.reporters.FailedReporter@7fb33394: 0 ms
2026-05-134 09:56:57 [main] INFO  org.testng.internal.Utils - [TestNG] Time taken by org.testng.reporters.XMLReporter@5d5b5fa7: 5 ms
2026-05-134 09:56:57 [main] INFO  org.testng.internal.Utils - [TestNG] Time taken by org.testng.reporters.EmailableReporter2@4c59e45e: 4 ms
2026-05-134 09:56:57 [main] INFO  org.testng.internal.Utils - [TestNG] Time taken by org.testng.reporters.JUnitReportReporter@1aac188d: 3 ms
2026-05-134 09:56:57 [main] INFO  org.testng.internal.Utils - [TestNG] Time taken by org.testng.internal.ExitCodeListener@7026b7ee: 0 ms
2026-05-134 09:59:15 [main] INFO  org.testng.internal.Utils - [Utils] MethodGroupsHelper.collectMethodsByGroup() took 0 ms.
2026-05-134 09:59:15 [main] INFO  org.testng.internal.Utils - [Utils] MethodGroupsHelper.sortMethods() took 3 ms.
2026-05-134 09:59:15 [main] INFO  org.testng.internal.Utils - [Utils] MethodGroupsHelper.collectMethodsByGroup() took 0 ms.
2026-05-134 09:59:15 [main] INFO  org.testng.internal.Utils - [Utils] MethodGroupsHelper.sortMethods() took 0 ms.
2026-05-134 09:59:15 [main] INFO  org.testng.internal.Utils - [Utils] MethodGroupsHelper.collectMethodsByGroup() took 0 ms.
2026-05-134 09:59:15 [main] INFO  org.testng.internal.Utils - [Utils] MethodGroupsHelper.sortMethods() took 0 ms.
2026-05-134 09:59:15 [main] INFO  org.testng.internal.Utils - [Utils] MethodGroupsHelper.collectMethodsByGroup() took 0 ms.
2026-05-134 09:59:15 [main] INFO  org.testng.internal.Utils - [Utils] MethodGroupsHelper.sortMethods() took 0 ms.
2026-05-134 09:59:15 [main] INFO  org.testng.internal.Utils - [Utils] MethodGroupsHelper.collectMethodsByGroup() took 0 ms.
2026-05-134 09:59:15 [main] INFO  org.testng.internal.Utils - [Utils] MethodGroupsHelper.sortMethods() took 0 ms.
2026-05-134 09:59:15 [main] INFO  org.testng.internal.Utils - [Utils] MethodGroupsHelper.collectMethodsByGroup() took 0 ms.
2026-05-134 09:59:15 [main] INFO  org.testng.internal.Utils - [Utils] MethodGroupsHelper.sortMethods() took 0 ms.
2026-05-134 09:59:15 [main] INFO  org.testng.internal.Utils - [Utils] MethodGroupsHelper.collectMethodsByGroup() took 0 ms.
2026-05-134 09:59:15 [main] INFO  org.testng.internal.Utils - [Utils] MethodGroupsHelper.sortMethods() took 0 ms.
2026-05-134 09:59:15 [main] INFO  org.testng.internal.Utils - [Utils] MethodGroupsHelper.collectMethodsByGroup() took 0 ms.
2026-05-134 09:59:15 [main] INFO  org.testng.internal.Utils - [Utils] MethodGroupsHelper.sortMethods() took 0 ms.
2026-05-134 09:59:15 [main] INFO  org.testng.internal.Utils - [Utils] MethodGroupsHelper.collectMethodsByGroup() took 4 ms.
2026-05-134 09:59:15 [main] INFO  org.testng.internal.Utils - [Utils] MethodGroupsHelper.sortMethods() took 4 ms.
2026-05-134 09:59:15 [main] INFO  org.testng.internal.Utils - [Utils] MethodGroupsHelper.collectMethodsByGroup() took 0 ms.
2026-05-134 09:59:15 [main] INFO  org.testng.internal.Utils - [Utils] MethodGroupsHelper.sortMethods() took 0 ms.
2026-05-134 09:59:15 [main] INFO  org.testng.internal.Utils - [Utils] MethodGroupsHelper.collectMethodsByGroup() took 0 ms.
2026-05-134 09:59:15 [main] INFO  org.testng.internal.Utils - [Utils] MethodGroupsHelper.sortMethods() took 0 ms.
2026-05-134 09:59:15 [main] INFO  org.testng.internal.Utils - [Utils] MethodGroupsHelper.collectMethodsByGroup() took 0 ms.
2026-05-134 09:59:15 [main] INFO  org.testng.internal.Utils - [Utils] MethodGroupsHelper.sortMethods() took 0 ms.
2026-05-134 09:59:15 [main] INFO  org.testng.internal.Utils - [Utils] MethodGroupsHelper.collectMethodsByGroup() took 0 ms.
2026-05-134 09:59:15 [main] INFO  org.testng.internal.Utils - [Utils] MethodGroupsHelper.sortMethods() took 3 ms.
2026-05-134 09:59:15 [main] INFO  org.testng.internal.Utils - [Utils] MethodGroupsHelper.collectMethodsByGroup() took 0 ms.
2026-05-134 09:59:15 [main] INFO  org.testng.internal.Utils - [Utils] MethodGroupsHelper.sortMethods() took 0 ms.
2026-05-134 09:59:15 [main] INFO  org.testng.internal.Utils - [Utils] MethodGroupsHelper.collectMethodsByGroup() took 0 ms.
2026-05-134 09:59:15 [main] INFO  org.testng.internal.Utils - [Utils] MethodGroupsHelper.sortMethods() took 0 ms.
2026-05-134 09:59:15 [main] INFO  org.testng.internal.Utils - [TestNG] Running:
  C:\Users\Siddhi\AppData\Local\Temp\testng-eclipse-534626345\testng-customsuite.xml

2026-05-134 09:59:15 [main] INFO  org.testng.internal.Utils - [Utils] DynamicGraphHelper.createDynamicGraph() took 2 ms.
2026-05-134 09:59:25 [main] INFO  org.utils.qa.Log - Email field is displayed.
2026-05-134 09:59:33 [main] INFO  org.utils.qa.Log - Login button is displayed.
2026-05-134 09:59:42 [main] INFO  org.utils.qa.Log - Title Matched.
2026-05-134 09:59:52 [main] INFO  org.utils.qa.Log - Password field is displayed.
2026-05-134 09:59:52 [main] INFO  org.testng.internal.Utils - [TestNG] Time taken by org.testng.reporters.jq.Main@5acc9fdf: 29 ms
2026-05-134 09:59:52 [main] INFO  org.testng.internal.Utils - [TestNG] Time taken by org.testng.reporters.FailedReporter@7fb33394: 1 ms
2026-05-134 09:59:52 [main] INFO  org.testng.internal.Utils - [TestNG] Time taken by org.testng.reporters.XMLReporter@5d5b5fa7: 5 ms
2026-05-134 09:59:52 [main] INFO  org.testng.internal.Utils - [TestNG] Time taken by org.testng.reporters.EmailableReporter2@4c59e45e: 3 ms
2026-05-134 09:59:52 [main] INFO  org.testng.internal.Utils - [TestNG] Time taken by org.testng.reporters.JUnitReportReporter@1aac188d: 3 ms
2026-05-134 09:59:52 [main] INFO  org.testng.internal.Utils - [TestNG] Time taken by org.testng.internal.ExitCodeListener@7026b7ee: 0 ms
2026-05-134 10:05:53 [main] INFO  org.testng.internal.Utils - [Utils] MethodGroupsHelper.collectMethodsByGroup() took 1 ms.
2026-05-134 10:05:53 [main] INFO  org.testng.internal.Utils - [Utils] MethodGroupsHelper.sortMethods() took 1 ms.
2026-05-134 10:05:53 [main] INFO  org.testng.internal.Utils - [Utils] MethodGroupsHelper.collectMethodsByGroup() took 0 ms.
2026-05-134 10:05:53 [main] INFO  org.testng.internal.Utils - [Utils] MethodGroupsHelper.sortMethods() took 0 ms.
2026-05-134 10:05:53 [main] INFO  org.testng.internal.Utils - [Utils] MethodGroupsHelper.collectMethodsByGroup() took 0 ms.
2026-05-134 10:05:53 [main] INFO  org.testng.internal.Utils - [Utils] MethodGroupsHelper.sortMethods() took 0 ms.
2026-05-134 10:05:53 [main] INFO  org.testng.internal.Utils - [Utils] MethodGroupsHelper.collectMethodsByGroup() took 0 ms.
2026-05-134 10:05:53 [main] INFO  org.testng.internal.Utils - [Utils] MethodGroupsHelper.sortMethods() took 0 ms.
2026-05-134 10:05:53 [main] INFO  org.testng.internal.Utils - [Utils] MethodGroupsHelper.collectMethodsByGroup() took 0 ms.
2026-05-134 10:05:53 [main] INFO  org.testng.internal.Utils - [Utils] MethodGroupsHelper.sortMethods() took 0 ms.
2026-05-134 10:05:53 [main] INFO  org.testng.internal.Utils - [Utils] MethodGroupsHelper.collectMethodsByGroup() took 0 ms.
2026-05-134 10:05:53 [main] INFO  org.testng.internal.Utils - [Utils] MethodGroupsHelper.sortMethods() took 0 ms.
2026-05-134 10:05:53 [main] INFO  org.testng.internal.Utils - [Utils] MethodGroupsHelper.collectMethodsByGroup() took 0 ms.
2026-05-134 10:05:53 [main] INFO  org.testng.internal.Utils - [Utils] MethodGroupsHelper.sortMethods() took 0 ms.
2026-05-134 10:05:53 [main] INFO  org.testng.internal.Utils - [Utils] MethodGroupsHelper.collectMethodsByGroup() took 0 ms.
2026-05-134 10:05:53 [main] INFO  org.testng.internal.Utils - [Utils] MethodGroupsHelper.sortMethods() took 0 ms.
2026-05-134 10:05:53 [main] INFO  org.testng.internal.Utils - [Utils] MethodGroupsHelper.collectMethodsByGroup() took 3 ms.
2026-05-134 10:05:53 [main] INFO  org.testng.internal.Utils - [Utils] MethodGroupsHelper.sortMethods() took 5 ms.
2026-05-134 10:05:53 [main] INFO  org.testng.internal.Utils - [Utils] MethodGroupsHelper.collectMethodsByGroup() took 0 ms.
2026-05-134 10:05:53 [main] INFO  org.testng.internal.Utils - [Utils] MethodGroupsHelper.sortMethods() took 0 ms.
2026-05-134 10:05:53 [main] INFO  org.testng.internal.Utils - [Utils] MethodGroupsHelper.collectMethodsByGroup() took 0 ms.
2026-05-134 10:05:53 [main] INFO  org.testng.internal.Utils - [Utils] MethodGroupsHelper.sortMethods() took 0 ms.
2026-05-134 10:05:53 [main] INFO  org.testng.internal.Utils - [Utils] MethodGroupsHelper.collectMethodsByGroup() took 0 ms.
2026-05-134 10:05:53 [main] INFO  org.testng.internal.Utils - [Utils] MethodGroupsHelper.sortMethods() took 0 ms.
2026-05-134 10:05:53 [main] INFO  org.testng.internal.Utils - [Utils] MethodGroupsHelper.collectMethodsByGroup() took 0 ms.
2026-05-134 10:05:53 [main] INFO  org.testng.internal.Utils - [Utils] MethodGroupsHelper.sortMethods() took 4 ms.
2026-05-134 10:05:53 [main] INFO  org.testng.internal.Utils - [Utils] MethodGroupsHelper.collectMethodsByGroup() took 0 ms.
2026-05-134 10:05:53 [main] INFO  org.testng.internal.Utils - [Utils] MethodGroupsHelper.sortMethods() took 0 ms.
2026-05-134 10:05:53 [main] INFO  org.testng.internal.Utils - [Utils] MethodGroupsHelper.collectMethodsByGroup() took 0 ms.
2026-05-134 10:05:53 [main] INFO  org.testng.internal.Utils - [Utils] MethodGroupsHelper.sortMethods() took 0 ms.
2026-05-134 10:05:53 [main] INFO  org.testng.internal.Utils - [TestNG] Running:
  C:\Users\Siddhi\AppData\Local\Temp\testng-eclipse-574793996\testng-customsuite.xml

2026-05-134 10:05:53 [main] INFO  org.testng.internal.Utils - [Utils] DynamicGraphHelper.createDynamicGraph() took 2 ms.
2026-05-134 10:06:11 [main] INFO  org.utils.qa.Log - Password field is displayed.
2026-05-134 10:06:24 [main] INFO  org.utils.qa.Log - Login button is displayed.
2026-05-134 10:06:33 [main] INFO  org.utils.qa.Log - Title Matched.
2026-05-134 10:06:33 [main] INFO  org.testng.internal.Utils - [TestNG] Time taken by org.testng.reporters.jq.Main@27ace0b1: 38 ms
2026-05-134 10:06:33 [main] INFO  org.testng.internal.Utils - [TestNG] Time taken by org.testng.reporters.FailedReporter@670ce331: 8 ms
2026-05-134 10:06:33 [main] INFO  org.testng.internal.Utils - [TestNG] Time taken by org.testng.reporters.XMLReporter@7aa9e414: 11 ms
2026-05-134 10:06:33 [main] INFO  org.testng.internal.Utils - [TestNG] Time taken by org.testng.reporters.EmailableReporter2@240f6c41: 6 ms
2026-05-134 10:06:33 [main] INFO  org.testng.internal.Utils - [TestNG] Time taken by org.testng.reporters.JUnitReportReporter@5e746d37: 5 ms
2026-05-134 10:06:33 [main] INFO  org.testng.internal.Utils - [TestNG] Time taken by org.testng.internal.ExitCodeListener@6e1b9411: 0 ms
2026-05-134 10:16:22 [main] INFO  org.testng.internal.Utils - [Utils] MethodGroupsHelper.collectMethodsByGroup() took 1 ms.
2026-05-134 10:16:22 [main] INFO  org.testng.internal.Utils - [Utils] MethodGroupsHelper.sortMethods() took 0 ms.
2026-05-134 10:16:22 [main] INFO  org.testng.internal.Utils - [Utils] MethodGroupsHelper.collectMethodsByGroup() took 0 ms.
2026-05-134 10:16:22 [main] INFO  org.testng.internal.Utils - [Utils] MethodGroupsHelper.sortMethods() took 0 ms.
2026-05-134 10:16:22 [main] INFO  org.testng.internal.Utils - [Utils] MethodGroupsHelper.collectMethodsByGroup() took 0 ms.
2026-05-134 10:16:22 [main] INFO  org.testng.internal.Utils - [Utils] MethodGroupsHelper.sortMethods() took 0 ms.
2026-05-134 10:16:22 [main] INFO  org.testng.internal.Utils - [Utils] MethodGroupsHelper.collectMethodsByGroup() took 0 ms.
2026-05-134 10:16:22 [main] INFO  org.testng.internal.Utils - [Utils] MethodGroupsHelper.sortMethods() took 0 ms.
2026-05-134 10:16:22 [main] INFO  org.testng.internal.Utils - [Utils] MethodGroupsHelper.collectMethodsByGroup() took 0 ms.
2026-05-134 10:16:22 [main] INFO  org.testng.internal.Utils - [Utils] MethodGroupsHelper.sortMethods() took 0 ms.
2026-05-134 10:16:22 [main] INFO  org.testng.internal.Utils - [Utils] MethodGroupsHelper.collectMethodsByGroup() took 0 ms.
2026-05-134 10:16:22 [main] INFO  org.testng.internal.Utils - [Utils] MethodGroupsHelper.sortMethods() took 0 ms.
2026-05-134 10:16:22 [main] INFO  org.testng.internal.Utils - [Utils] MethodGroupsHelper.collectMethodsByGroup() took 0 ms.
2026-05-134 10:16:22 [main] INFO  org.testng.internal.Utils - [Utils] MethodGroupsHelper.sortMethods() took 0 ms.
2026-05-134 10:16:22 [main] INFO  org.testng.internal.Utils - [Utils] MethodGroupsHelper.collectMethodsByGroup() took 0 ms.
2026-05-134 10:16:22 [main] INFO  org.testng.internal.Utils - [Utils] MethodGroupsHelper.sortMethods() took 0 ms.
2026-05-134 10:16:22 [main] INFO  org.testng.internal.Utils - [Utils] MethodGroupsHelper.collectMethodsByGroup() took 3 ms.
2026-05-134 10:16:22 [main] INFO  org.testng.internal.Utils - [Utils] MethodGroupsHelper.sortMethods() took 4 ms.
2026-05-134 10:16:22 [main] INFO  org.testng.internal.Utils - [Utils] MethodGroupsHelper.collectMethodsByGroup() took 0 ms.
2026-05-134 10:16:22 [main] INFO  org.testng.internal.Utils - [Utils] MethodGroupsHelper.sortMethods() took 0 ms.
2026-05-134 10:16:22 [main] INFO  org.testng.internal.Utils - [Utils] MethodGroupsHelper.collectMethodsByGroup() took 0 ms.
2026-05-134 10:16:22 [main] INFO  org.testng.internal.Utils - [Utils] MethodGroupsHelper.sortMethods() took 0 ms.
2026-05-134 10:16:22 [main] INFO  org.testng.internal.Utils - [Utils] MethodGroupsHelper.collectMethodsByGroup() took 0 ms.
2026-05-134 10:16:22 [main] INFO  org.testng.internal.Utils - [Utils] MethodGroupsHelper.sortMethods() took 0 ms.
2026-05-134 10:16:22 [main] INFO  org.testng.internal.Utils - [Utils] MethodGroupsHelper.collectMethodsByGroup() took 0 ms.
2026-05-134 10:16:22 [main] INFO  org.testng.internal.Utils - [Utils] MethodGroupsHelper.sortMethods() took 2 ms.
2026-05-134 10:16:22 [main] INFO  org.testng.internal.Utils - [Utils] MethodGroupsHelper.collectMethodsByGroup() took 0 ms.
2026-05-134 10:16:22 [main] INFO  org.testng.internal.Utils - [Utils] MethodGroupsHelper.sortMethods() took 0 ms.
2026-05-134 10:16:22 [main] INFO  org.testng.internal.Utils - [Utils] MethodGroupsHelper.collectMethodsByGroup() took 0 ms.
2026-05-134 10:16:22 [main] INFO  org.testng.internal.Utils - [Utils] MethodGroupsHelper.sortMethods() took 0 ms.
2026-05-134 10:16:22 [main] INFO  org.testng.internal.Utils - [TestNG] Running:
  C:\Users\Siddhi\AppData\Local\Temp\testng-eclipse--2030051291\testng-customsuite.xml

2026-05-134 10:16:22 [main] INFO  org.testng.internal.Utils - [Utils] DynamicGraphHelper.createDynamicGraph() took 3 ms.
2026-05-134 10:16:33 [main] INFO  org.utils.qa.Log - Email field is displayed.
2026-05-134 10:16:41 [main] INFO  org.utils.qa.Log - Password field is displayed.
2026-05-134 10:17:58 [main] INFO  org.testng.internal.Utils - [TestNG] Time taken by org.testng.reporters.jq.Main@468be356: 44 ms
2026-05-134 10:17:58 [main] INFO  org.testng.internal.Utils - [TestNG] Time taken by org.testng.reporters.FailedReporter@167279d1: 8 ms
2026-05-134 10:17:58 [main] INFO  org.testng.internal.Utils - [TestNG] Time taken by org.testng.reporters.XMLReporter@68c7ef83: 12 ms
2026-05-134 10:17:58 [main] INFO  org.testng.internal.Utils - [TestNG] Time taken by org.testng.reporters.EmailableReporter2@2216effc: 6 ms
2026-05-134 10:17:58 [main] INFO  org.testng.internal.Utils - [TestNG] Time taken by org.testng.reporters.JUnitReportReporter@23940f86: 4 ms
2026-05-134 10:17:58 [main] INFO  org.testng.internal.Utils - [TestNG] Time taken by org.testng.internal.ExitCodeListener@66153688: 0 ms
2026-05-134 11:47:12 [main] INFO  org.testng.internal.Utils - [Utils] MethodGroupsHelper.collectMethodsByGroup() took 10 ms.
2026-05-134 11:47:12 [main] INFO  org.testng.internal.Utils - [Utils] MethodGroupsHelper.sortMethods() took 12 ms.
2026-05-134 11:47:12 [main] INFO  org.testng.internal.Utils - [Utils] MethodGroupsHelper.collectMethodsByGroup() took 1 ms.
2026-05-134 11:47:12 [main] INFO  org.testng.internal.Utils - [Utils] MethodGroupsHelper.sortMethods() took 0 ms.
2026-05-134 11:47:12 [main] INFO  org.testng.internal.Utils - [Utils] MethodGroupsHelper.collectMethodsByGroup() took 0 ms.
2026-05-134 11:47:12 [main] INFO  org.testng.internal.Utils - [Utils] MethodGroupsHelper.sortMethods() took 0 ms.
2026-05-134 11:47:12 [main] INFO  org.testng.internal.Utils - [Utils] MethodGroupsHelper.collectMethodsByGroup() took 0 ms.
2026-05-134 11:47:12 [main] INFO  org.testng.internal.Utils - [Utils] MethodGroupsHelper.sortMethods() took 0 ms.
2026-05-134 11:47:12 [main] INFO  org.testng.internal.Utils - [Utils] MethodGroupsHelper.collectMethodsByGroup() took 0 ms.
2026-05-134 11:47:12 [main] INFO  org.testng.internal.Utils - [Utils] MethodGroupsHelper.sortMethods() took 0 ms.
2026-05-134 11:47:12 [main] INFO  org.testng.internal.Utils - [Utils] MethodGroupsHelper.collectMethodsByGroup() took 0 ms.
2026-05-134 11:47:12 [main] INFO  org.testng.internal.Utils - [Utils] MethodGroupsHelper.sortMethods() took 0 ms.
2026-05-134 11:47:12 [main] INFO  org.testng.internal.Utils - [Utils] MethodGroupsHelper.collectMethodsByGroup() took 0 ms.
2026-05-134 11:47:12 [main] INFO  org.testng.internal.Utils - [Utils] MethodGroupsHelper.sortMethods() took 0 ms.
2026-05-134 11:47:12 [main] INFO  org.testng.internal.Utils - [Utils] MethodGroupsHelper.collectMethodsByGroup() took 0 ms.
2026-05-134 11:47:12 [main] INFO  org.testng.internal.Utils - [Utils] MethodGroupsHelper.sortMethods() took 0 ms.
2026-05-134 11:47:12 [main] INFO  org.testng.internal.Utils - [Utils] MethodGroupsHelper.collectMethodsByGroup() took 0 ms.
2026-05-134 11:47:12 [main] INFO  org.testng.internal.Utils - [Utils] MethodGroupsHelper.sortMethods() took 17 ms.
2026-05-134 11:47:12 [main] INFO  org.testng.internal.Utils - [Utils] MethodGroupsHelper.collectMethodsByGroup() took 1 ms.
2026-05-134 11:47:12 [main] INFO  org.testng.internal.Utils - [Utils] MethodGroupsHelper.sortMethods() took 1 ms.
2026-05-134 11:47:12 [main] INFO  org.testng.internal.Utils - [Utils] MethodGroupsHelper.collectMethodsByGroup() took 0 ms.
2026-05-134 11:47:12 [main] INFO  org.testng.internal.Utils - [Utils] MethodGroupsHelper.sortMethods() took 0 ms.
2026-05-134 11:47:12 [main] INFO  org.testng.internal.Utils - [Utils] MethodGroupsHelper.collectMethodsByGroup() took 0 ms.
2026-05-134 11:47:12 [main] INFO  org.testng.internal.Utils - [Utils] MethodGroupsHelper.sortMethods() took 0 ms.
2026-05-134 11:47:12 [main] INFO  org.testng.internal.Utils - [Utils] MethodGroupsHelper.collectMethodsByGroup() took 0 ms.
2026-05-134 11:47:12 [main] INFO  org.testng.internal.Utils - [Utils] MethodGroupsHelper.sortMethods() took 1 ms.
2026-05-134 11:47:12 [main] INFO  org.testng.internal.Utils - [Utils] MethodGroupsHelper.collectMethodsByGroup() took 0 ms.
2026-05-134 11:47:12 [main] INFO  org.testng.internal.Utils - [Utils] MethodGroupsHelper.sortMethods() took 0 ms.
2026-05-134 11:47:12 [main] INFO  org.testng.internal.Utils - [Utils] MethodGroupsHelper.collectMethodsByGroup() took 1 ms.
2026-05-134 11:47:12 [main] INFO  org.testng.internal.Utils - [Utils] MethodGroupsHelper.sortMethods() took 0 ms.
2026-05-134 11:47:12 [main] INFO  org.testng.internal.Utils - [TestNG] Running:
  C:\Users\Siddhi\AppData\Local\Temp\testng-eclipse--1934176310\testng-customsuite.xml

2026-05-134 11:47:13 [main] INFO  org.testng.internal.Utils - [Utils] DynamicGraphHelper.createDynamicGraph() took 3 ms.
2026-05-134 11:47:23 [main] INFO  org.utils.qa.Log - Browser launched successfully
2026-05-134 11:47:23 [main] INFO  org.utils.qa.Log - ================================================
2026-05-134 11:47:23 [main] INFO  org.utils.qa.Log - TEST CASE STARTED : TC_001
2026-05-134 11:47:23 [main] INFO  org.utils.qa.Log - SCENARIO : Verify login functionality with valid email and valid password
2026-05-134 11:47:23 [main] INFO  org.utils.qa.Log - TEST TYPE : positive
2026-05-134 11:47:35 [main] INFO  org.utils.qa.Log - TEST PASSED : TC_001
2026-05-134 11:47:35 [main] INFO  org.utils.qa.Log - ================================================
2026-05-134 11:47:36 [main] INFO  org.utils.qa.Log - Browser closed
2026-05-134 11:48:41 [main] INFO  org.testng.internal.Utils - [Utils] MethodGroupsHelper.collectMethodsByGroup() took 9 ms.
2026-05-134 11:48:41 [main] INFO  org.testng.internal.Utils - [Utils] MethodGroupsHelper.sortMethods() took 14 ms.
2026-05-134 11:48:41 [main] INFO  org.testng.internal.Utils - [Utils] MethodGroupsHelper.collectMethodsByGroup() took 0 ms.
2026-05-134 11:48:41 [main] INFO  org.testng.internal.Utils - [Utils] MethodGroupsHelper.sortMethods() took 0 ms.
2026-05-134 11:48:41 [main] INFO  org.testng.internal.Utils - [Utils] MethodGroupsHelper.collectMethodsByGroup() took 0 ms.
2026-05-134 11:48:41 [main] INFO  org.testng.internal.Utils - [Utils] MethodGroupsHelper.sortMethods() took 0 ms.
2026-05-134 11:48:41 [main] INFO  org.testng.internal.Utils - [Utils] MethodGroupsHelper.collectMethodsByGroup() took 0 ms.
2026-05-134 11:48:41 [main] INFO  org.testng.internal.Utils - [Utils] MethodGroupsHelper.sortMethods() took 0 ms.
2026-05-134 11:48:41 [main] INFO  org.testng.internal.Utils - [Utils] MethodGroupsHelper.collectMethodsByGroup() took 0 ms.
2026-05-134 11:48:41 [main] INFO  org.testng.internal.Utils - [Utils] MethodGroupsHelper.sortMethods() took 0 ms.
2026-05-134 11:48:41 [main] INFO  org.testng.internal.Utils - [Utils] MethodGroupsHelper.collectMethodsByGroup() took 0 ms.
2026-05-134 11:48:41 [main] INFO  org.testng.internal.Utils - [Utils] MethodGroupsHelper.sortMethods() took 0 ms.
2026-05-134 11:48:41 [main] INFO  org.testng.internal.Utils - [Utils] MethodGroupsHelper.collectMethodsByGroup() took 0 ms.
2026-05-134 11:48:41 [main] INFO  org.testng.internal.Utils - [Utils] MethodGroupsHelper.sortMethods() took 0 ms.
2026-05-134 11:48:41 [main] INFO  org.testng.internal.Utils - [Utils] MethodGroupsHelper.collectMethodsByGroup() took 0 ms.
2026-05-134 11:48:41 [main] INFO  org.testng.internal.Utils - [Utils] MethodGroupsHelper.sortMethods() took 0 ms.
2026-05-134 11:48:41 [main] INFO  org.testng.internal.Utils - [Utils] MethodGroupsHelper.collectMethodsByGroup() took 0 ms.
2026-05-134 11:48:41 [main] INFO  org.testng.internal.Utils - [Utils] MethodGroupsHelper.sortMethods() took 11 ms.
2026-05-134 11:48:41 [main] INFO  org.testng.internal.Utils - [Utils] MethodGroupsHelper.collectMethodsByGroup() took 0 ms.
2026-05-134 11:48:41 [main] INFO  org.testng.internal.Utils - [Utils] MethodGroupsHelper.sortMethods() took 3 ms.
2026-05-134 11:48:41 [main] INFO  org.testng.internal.Utils - [Utils] MethodGroupsHelper.collectMethodsByGroup() took 1 ms.
2026-05-134 11:48:41 [main] INFO  org.testng.internal.Utils - [Utils] MethodGroupsHelper.sortMethods() took 0 ms.
2026-05-134 11:48:41 [main] INFO  org.testng.internal.Utils - [Utils] MethodGroupsHelper.collectMethodsByGroup() took 0 ms.
2026-05-134 11:48:41 [main] INFO  org.testng.internal.Utils - [Utils] MethodGroupsHelper.sortMethods() took 0 ms.
2026-05-134 11:48:41 [main] INFO  org.testng.internal.Utils - [Utils] MethodGroupsHelper.collectMethodsByGroup() took 1 ms.
2026-05-134 11:48:41 [main] INFO  org.testng.internal.Utils - [Utils] MethodGroupsHelper.sortMethods() took 0 ms.
2026-05-134 11:48:41 [main] INFO  org.testng.internal.Utils - [Utils] MethodGroupsHelper.collectMethodsByGroup() took 0 ms.
2026-05-134 11:48:41 [main] INFO  org.testng.internal.Utils - [Utils] MethodGroupsHelper.sortMethods() took 0 ms.
2026-05-134 11:48:41 [main] INFO  org.testng.internal.Utils - [Utils] MethodGroupsHelper.collectMethodsByGroup() took 0 ms.
2026-05-134 11:48:41 [main] INFO  org.testng.internal.Utils - [Utils] MethodGroupsHelper.sortMethods() took 0 ms.
2026-05-134 11:48:41 [main] INFO  org.testng.internal.Utils - [TestNG] Running:
  C:\Users\Siddhi\AppData\Local\Temp\testng-eclipse--135320315\testng-customsuite.xml

2026-05-134 11:48:42 [main] INFO  org.testng.internal.Utils - [Utils] DynamicGraphHelper.createDynamicGraph() took 4 ms.
2026-05-134 11:48:53 [main] INFO  org.utils.qa.Log - Browser launched successfully
2026-05-134 11:48:53 [main] INFO  org.utils.qa.Log - ================================================
2026-05-134 11:48:53 [main] INFO  org.utils.qa.Log - TEST CASE STARTED : TC_001
2026-05-134 11:48:53 [main] INFO  org.utils.qa.Log - SCENARIO : Verify login functionality with valid email and valid password
2026-05-134 11:48:53 [main] INFO  org.utils.qa.Log - TEST TYPE : positive
2026-05-134 11:49:03 [main] INFO  org.utils.qa.Log - TEST PASSED : TC_001
2026-05-134 11:49:03 [main] INFO  org.utils.qa.Log - ================================================
2026-05-134 11:49:03 [main] INFO  org.utils.qa.Log - Browser closed
2026-05-134 11:49:12 [main] INFO  org.utils.qa.Log - Browser launched successfully
2026-05-134 11:49:12 [main] INFO  org.utils.qa.Log - ================================================
2026-05-134 11:49:12 [main] INFO  org.utils.qa.Log - TEST CASE STARTED : TC_002
2026-05-134 11:49:12 [main] INFO  org.utils.qa.Log - SCENARIO : Verify login functionality with valid email and invalid password
2026-05-134 11:49:12 [main] INFO  org.utils.qa.Log - TEST TYPE : negative
2026-05-134 11:49:16 [main] INFO  org.utils.qa.Log - TEST PASSED : TC_002
2026-05-134 11:49:16 [main] INFO  org.utils.qa.Log - ================================================
2026-05-134 11:49:17 [main] INFO  org.utils.qa.Log - Browser closed
2026-05-134 11:49:26 [main] INFO  org.utils.qa.Log - Browser launched successfully
2026-05-134 11:49:26 [main] INFO  org.utils.qa.Log - ================================================
2026-05-134 11:49:26 [main] INFO  org.utils.qa.Log - TEST CASE STARTED : TC_003
2026-05-134 11:49:26 [main] INFO  org.utils.qa.Log - SCENARIO : Verify login functionality with invalid email and valid password
2026-05-134 11:49:26 [main] INFO  org.utils.qa.Log - TEST TYPE : negative
2026-05-134 11:49:29 [main] INFO  org.utils.qa.Log - TEST PASSED : TC_003
2026-05-134 11:49:29 [main] INFO  org.utils.qa.Log - ================================================
2026-05-134 11:49:30 [main] INFO  org.utils.qa.Log - Browser closed
2026-05-134 11:49:41 [main] INFO  org.utils.qa.Log - Browser launched successfully
2026-05-134 11:49:41 [main] INFO  org.utils.qa.Log - ================================================
2026-05-134 11:49:41 [main] INFO  org.utils.qa.Log - TEST CASE STARTED : TC_004
2026-05-134 11:49:41 [main] INFO  org.utils.qa.Log - SCENARIO : Verify login functionality with invalid email and invalid password 
2026-05-134 11:49:41 [main] INFO  org.utils.qa.Log - TEST TYPE : negative
2026-05-134 11:49:45 [main] INFO  org.utils.qa.Log - TEST PASSED : TC_004
2026-05-134 11:49:45 [main] INFO  org.utils.qa.Log - ================================================
2026-05-134 11:49:45 [main] INFO  org.utils.qa.Log - Browser closed
2026-05-134 11:49:54 [main] INFO  org.utils.qa.Log - Browser launched successfully
2026-05-134 11:49:54 [main] INFO  org.utils.qa.Log - ================================================
2026-05-134 11:49:54 [main] INFO  org.utils.qa.Log - TEST CASE STARTED : TC_005
2026-05-134 11:49:54 [main] INFO  org.utils.qa.Log - SCENARIO : Verify validation when password field is left empty
2026-05-134 11:49:54 [main] INFO  org.utils.qa.Log - TEST TYPE : validation
2026-05-134 11:50:08 [main] ERROR org.utils.qa.Log - TEST FAILED : TC_005
2026-05-134 11:50:08 [main] ERROR org.utils.qa.Log - ASSERTION FAILED : FAILED: Error message not displayed for TC_005 expected [true] but found [false]
2026-05-134 11:50:08 [main] INFO  org.utils.qa.Log - Browser closed
2026-05-134 11:50:19 [main] INFO  org.utils.qa.Log - Browser launched successfully
2026-05-134 11:50:19 [main] INFO  org.utils.qa.Log - ================================================
2026-05-134 11:50:19 [main] INFO  org.utils.qa.Log - TEST CASE STARTED : TC_006
2026-05-134 11:50:19 [main] INFO  org.utils.qa.Log - SCENARIO : Verify validation when email field is left empty
2026-05-134 11:50:19 [main] INFO  org.utils.qa.Log - TEST TYPE : validation
2026-05-134 11:50:31 [main] ERROR org.utils.qa.Log - TEST FAILED : TC_006
2026-05-134 11:50:31 [main] ERROR org.utils.qa.Log - ASSERTION FAILED : FAILED: Error message not displayed for TC_006 expected [true] but found [false]
2026-05-134 11:50:32 [main] INFO  org.utils.qa.Log - Browser closed
2026-05-134 11:50:40 [main] INFO  org.utils.qa.Log - Browser launched successfully
2026-05-134 11:50:40 [main] INFO  org.utils.qa.Log - ================================================
2026-05-134 11:50:40 [main] INFO  org.utils.qa.Log - TEST CASE STARTED : TC_007
2026-05-134 11:50:40 [main] INFO  org.utils.qa.Log - SCENARIO : Verify validation when both email and password fields are left empty
2026-05-134 11:50:40 [main] INFO  org.utils.qa.Log - TEST TYPE : validation
2026-05-134 11:50:54 [main] ERROR org.utils.qa.Log - TEST FAILED : TC_007
2026-05-134 11:50:54 [main] ERROR org.utils.qa.Log - ASSERTION FAILED : FAILED: Error message not displayed for TC_007 expected [true] but found [false]
2026-05-134 11:50:54 [main] INFO  org.utils.qa.Log - Browser closed
2026-05-134 11:51:06 [main] INFO  org.utils.qa.Log - Browser launched successfully
2026-05-134 11:51:06 [main] INFO  org.utils.qa.Log - ================================================
2026-05-134 11:51:06 [main] INFO  org.utils.qa.Log - TEST CASE STARTED : TC_008
2026-05-134 11:51:06 [main] INFO  org.utils.qa.Log - SCENARIO : Verify login with invalid email format
2026-05-134 11:51:06 [main] INFO  org.utils.qa.Log - TEST TYPE : validation
2026-05-134 11:51:18 [main] ERROR org.utils.qa.Log - TEST FAILED : TC_008
2026-05-134 11:51:18 [main] ERROR org.utils.qa.Log - ASSERTION FAILED : FAILED: Error message not displayed for TC_008 expected [true] but found [false]
2026-05-134 11:51:18 [main] INFO  org.utils.qa.Log - Browser closed
2026-05-134 11:51:28 [main] INFO  org.utils.qa.Log - Browser launched successfully
2026-05-134 11:51:28 [main] INFO  org.utils.qa.Log - ================================================
2026-05-134 11:51:28 [main] INFO  org.utils.qa.Log - TEST CASE STARTED : TC_009
2026-05-134 11:51:28 [main] INFO  org.utils.qa.Log - SCENARIO : Verify login with password below minimum character limit
2026-05-134 11:51:28 [main] INFO  org.utils.qa.Log - TEST TYPE : boundary
2026-05-134 11:51:33 [main] INFO  org.utils.qa.Log - TEST PASSED : TC_009
2026-05-134 11:51:33 [main] INFO  org.utils.qa.Log - ================================================
2026-05-134 11:51:33 [main] INFO  org.utils.qa.Log - Browser closed
2026-05-134 11:51:42 [main] INFO  org.utils.qa.Log - Browser launched successfully
2026-05-134 11:51:42 [main] INFO  org.utils.qa.Log - ================================================
2026-05-134 11:51:42 [main] INFO  org.utils.qa.Log - TEST CASE STARTED : TC_010
2026-05-134 11:51:42 [main] INFO  org.utils.qa.Log - SCENARIO : Verify login with password exceeding maximum allowed character limit
2026-05-134 11:51:42 [main] INFO  org.utils.qa.Log - TEST TYPE : boundary
2026-05-134 11:51:46 [main] INFO  org.utils.qa.Log - TEST PASSED : TC_010
2026-05-134 11:51:46 [main] INFO  org.utils.qa.Log - ================================================
2026-05-134 11:51:46 [main] INFO  org.utils.qa.Log - Browser closed
2026-05-134 11:51:56 [main] INFO  org.utils.qa.Log - Browser launched successfully
2026-05-134 11:51:56 [main] INFO  org.utils.qa.Log - ================================================
2026-05-134 11:51:56 [main] INFO  org.utils.qa.Log - TEST CASE STARTED : TC_011
2026-05-134 11:51:56 [main] INFO  org.utils.qa.Log - SCENARIO : Verify application security against SQL Injection attack
2026-05-134 11:51:56 [main] INFO  org.utils.qa.Log - TEST TYPE : security
2026-05-134 11:52:00 [main] INFO  org.utils.qa.Log - TEST PASSED : TC_011
2026-05-134 11:52:00 [main] INFO  org.utils.qa.Log - ================================================
2026-05-134 11:52:01 [main] INFO  org.utils.qa.Log - Browser closed
2026-05-134 11:52:11 [main] INFO  org.utils.qa.Log - Browser launched successfully
2026-05-134 11:52:11 [main] INFO  org.utils.qa.Log - ================================================
2026-05-134 11:52:11 [main] INFO  org.utils.qa.Log - TEST CASE STARTED : TC_012
2026-05-134 11:52:11 [main] INFO  org.utils.qa.Log - SCENARIO : Verify successful login after previous failed login attempts
2026-05-134 11:52:11 [main] INFO  org.utils.qa.Log - TEST TYPE : regression
2026-05-134 11:52:19 [main] INFO  org.utils.qa.Log - TEST PASSED : TC_012
2026-05-134 11:52:19 [main] INFO  org.utils.qa.Log - ================================================
2026-05-134 11:52:20 [main] INFO  org.utils.qa.Log - Browser closed
2026-05-134 11:52:29 [main] INFO  org.utils.qa.Log - Browser launched successfully
2026-05-134 11:52:29 [main] INFO  org.utils.qa.Log - ================================================
2026-05-134 11:52:29 [main] INFO  org.utils.qa.Log - TEST CASE STARTED : TC_013
2026-05-134 11:52:29 [main] INFO  org.utils.qa.Log - SCENARIO : Verify Enter key login
2026-05-134 11:52:29 [main] INFO  org.utils.qa.Log - TEST TYPE : usability
2026-05-134 11:52:42 [main] INFO  org.utils.qa.Log - TEST PASSED : TC_013
2026-05-134 11:52:42 [main] INFO  org.utils.qa.Log - ================================================
2026-05-134 11:52:42 [main] INFO  org.utils.qa.Log - Browser closed
2026-05-134 11:52:53 [main] INFO  org.utils.qa.Log - Browser launched successfully
2026-05-134 11:52:53 [main] INFO  org.utils.qa.Log - ================================================
2026-05-134 11:52:53 [main] INFO  org.utils.qa.Log - TEST CASE STARTED : TC_014
2026-05-134 11:52:53 [main] INFO  org.utils.qa.Log - SCENARIO : Verify Forgot Password functionality
2026-05-134 11:52:53 [main] INFO  org.utils.qa.Log - TEST TYPE : bug
2026-05-134 11:52:55 [main] ERROR org.utils.qa.Log - TEST FAILED : TC_014
2026-05-134 11:52:55 [main] ERROR org.utils.qa.Log - ASSERTION FAILED : Forgot Password feature not implemented
2026-05-134 11:52:55 [main] INFO  org.utils.qa.Log - Browser closed
2026-05-134 11:52:55 [main] INFO  org.testng.internal.Utils - [TestNG] Time taken by org.testng.reporters.jq.Main@1e429f56: 63 ms
2026-05-134 11:52:55 [main] INFO  org.testng.internal.Utils - [TestNG] Time taken by org.testng.reporters.FailedReporter@23c00420: 13 ms
2026-05-134 11:52:56 [main] INFO  org.testng.internal.Utils - [TestNG] Time taken by org.testng.reporters.XMLReporter@1700d089: 20 ms
2026-05-134 11:52:56 [main] INFO  org.testng.internal.Utils - [TestNG] Time taken by org.testng.reporters.EmailableReporter2@129c760d: 9 ms
2026-05-134 11:52:56 [main] INFO  org.testng.internal.Utils - [TestNG] Time taken by org.testng.reporters.JUnitReportReporter@2f3a8166: 9 ms
2026-05-134 11:52:56 [main] INFO  org.testng.internal.Utils - [TestNG] Time taken by org.testng.internal.ExitCodeListener@7aab98b6: 0 ms
2026-05-134 12:03:23 [main] INFO  org.testng.internal.Utils - [Utils] MethodGroupsHelper.collectMethodsByGroup() took 8 ms.
2026-05-134 12:03:23 [main] INFO  org.testng.internal.Utils - [Utils] MethodGroupsHelper.sortMethods() took 17 ms.
2026-05-134 12:03:23 [main] INFO  org.testng.internal.Utils - [Utils] MethodGroupsHelper.collectMethodsByGroup() took 1 ms.
2026-05-134 12:03:23 [main] INFO  org.testng.internal.Utils - [Utils] MethodGroupsHelper.sortMethods() took 1 ms.
2026-05-134 12:03:23 [main] INFO  org.testng.internal.Utils - [Utils] MethodGroupsHelper.collectMethodsByGroup() took 0 ms.
2026-05-134 12:03:23 [main] INFO  org.testng.internal.Utils - [Utils] MethodGroupsHelper.sortMethods() took 0 ms.
2026-05-134 12:03:23 [main] INFO  org.testng.internal.Utils - [Utils] MethodGroupsHelper.collectMethodsByGroup() took 0 ms.
2026-05-134 12:03:23 [main] INFO  org.testng.internal.Utils - [Utils] MethodGroupsHelper.sortMethods() took 0 ms.
2026-05-134 12:03:23 [main] INFO  org.testng.internal.Utils - [Utils] MethodGroupsHelper.collectMethodsByGroup() took 0 ms.
2026-05-134 12:03:23 [main] INFO  org.testng.internal.Utils - [Utils] MethodGroupsHelper.sortMethods() took 0 ms.
2026-05-134 12:03:23 [main] INFO  org.testng.internal.Utils - [Utils] MethodGroupsHelper.collectMethodsByGroup() took 0 ms.
2026-05-134 12:03:23 [main] INFO  org.testng.internal.Utils - [Utils] MethodGroupsHelper.sortMethods() took 0 ms.
2026-05-134 12:03:23 [main] INFO  org.testng.internal.Utils - [Utils] MethodGroupsHelper.collectMethodsByGroup() took 0 ms.
2026-05-134 12:03:23 [main] INFO  org.testng.internal.Utils - [Utils] MethodGroupsHelper.sortMethods() took 0 ms.
2026-05-134 12:03:23 [main] INFO  org.testng.internal.Utils - [Utils] MethodGroupsHelper.collectMethodsByGroup() took 0 ms.
2026-05-134 12:03:23 [main] INFO  org.testng.internal.Utils - [Utils] MethodGroupsHelper.sortMethods() took 0 ms.
2026-05-134 12:03:23 [main] INFO  org.testng.internal.Utils - [Utils] MethodGroupsHelper.collectMethodsByGroup() took 0 ms.
2026-05-134 12:03:23 [main] INFO  org.testng.internal.Utils - [Utils] MethodGroupsHelper.sortMethods() took 18 ms.
2026-05-134 12:03:23 [main] INFO  org.testng.internal.Utils - [Utils] MethodGroupsHelper.collectMethodsByGroup() took 0 ms.
2026-05-134 12:03:23 [main] INFO  org.testng.internal.Utils - [Utils] MethodGroupsHelper.sortMethods() took 2 ms.
2026-05-134 12:03:23 [main] INFO  org.testng.internal.Utils - [Utils] MethodGroupsHelper.collectMethodsByGroup() took 0 ms.
2026-05-134 12:03:23 [main] INFO  org.testng.internal.Utils - [Utils] MethodGroupsHelper.sortMethods() took 0 ms.
2026-05-134 12:03:23 [main] INFO  org.testng.internal.Utils - [Utils] MethodGroupsHelper.collectMethodsByGroup() took 0 ms.
2026-05-134 12:03:23 [main] INFO  org.testng.internal.Utils - [Utils] MethodGroupsHelper.sortMethods() took 0 ms.
2026-05-134 12:03:23 [main] INFO  org.testng.internal.Utils - [Utils] MethodGroupsHelper.collectMethodsByGroup() took 0 ms.
2026-05-134 12:03:23 [main] INFO  org.testng.internal.Utils - [Utils] MethodGroupsHelper.sortMethods() took 1 ms.
2026-05-134 12:03:23 [main] INFO  org.testng.internal.Utils - [Utils] MethodGroupsHelper.collectMethodsByGroup() took 0 ms.
2026-05-134 12:03:23 [main] INFO  org.testng.internal.Utils - [Utils] MethodGroupsHelper.sortMethods() took 0 ms.
2026-05-134 12:03:23 [main] INFO  org.testng.internal.Utils - [Utils] MethodGroupsHelper.collectMethodsByGroup() took 0 ms.
2026-05-134 12:03:23 [main] INFO  org.testng.internal.Utils - [Utils] MethodGroupsHelper.sortMethods() took 0 ms.
2026-05-134 12:03:23 [main] INFO  org.testng.internal.Utils - [TestNG] Running:
  C:\Users\Siddhi\AppData\Local\Temp\testng-eclipse-1727269368\testng-customsuite.xml

2026-05-134 12:03:24 [main] INFO  org.testng.internal.Utils - [Utils] DynamicGraphHelper.createDynamicGraph() took 2 ms.
2026-05-134 12:03:34 [main] INFO  org.utils.qa.Log - Browser launched successfully
2026-05-134 12:03:34 [main] INFO  org.utils.qa.Log - ================================================
2026-05-134 12:03:34 [main] INFO  org.utils.qa.Log - TEST CASE STARTED : TC_001
2026-05-134 12:03:34 [main] INFO  org.utils.qa.Log - SCENARIO : Verify login functionality with valid email and valid password
2026-05-134 12:03:34 [main] INFO  org.utils.qa.Log - TEST TYPE : positive
2026-05-134 12:03:43 [main] INFO  org.utils.qa.Log - TEST PASSED : TC_001
2026-05-134 12:03:43 [main] INFO  org.utils.qa.Log - ================================================
2026-05-134 12:03:43 [main] INFO  org.utils.qa.Log - Browser closed
2026-05-134 12:03:54 [main] INFO  org.utils.qa.Log - Browser launched successfully
2026-05-134 12:03:54 [main] INFO  org.utils.qa.Log - ================================================
2026-05-134 12:03:54 [main] INFO  org.utils.qa.Log - TEST CASE STARTED : TC_002
2026-05-134 12:03:54 [main] INFO  org.utils.qa.Log - SCENARIO : Verify login functionality with valid email and invalid password
2026-05-134 12:03:54 [main] INFO  org.utils.qa.Log - TEST TYPE : negative
2026-05-134 12:03:58 [main] INFO  org.utils.qa.Log - TEST PASSED : TC_002
2026-05-134 12:03:58 [main] INFO  org.utils.qa.Log - ================================================
2026-05-134 12:03:58 [main] INFO  org.utils.qa.Log - Browser closed
2026-05-134 12:04:10 [main] INFO  org.utils.qa.Log - Browser launched successfully
2026-05-134 12:04:10 [main] INFO  org.utils.qa.Log - ================================================
2026-05-134 12:04:10 [main] INFO  org.utils.qa.Log - TEST CASE STARTED : TC_003
2026-05-134 12:04:10 [main] INFO  org.utils.qa.Log - SCENARIO : Verify login functionality with invalid email and valid password
2026-05-134 12:04:10 [main] INFO  org.utils.qa.Log - TEST TYPE : negative
2026-05-134 12:04:13 [main] INFO  org.utils.qa.Log - TEST PASSED : TC_003
2026-05-134 12:04:13 [main] INFO  org.utils.qa.Log - ================================================
2026-05-134 12:04:14 [main] INFO  org.utils.qa.Log - Browser closed
2026-05-134 12:04:23 [main] INFO  org.utils.qa.Log - Browser launched successfully
2026-05-134 12:04:23 [main] INFO  org.utils.qa.Log - ================================================
2026-05-134 12:04:23 [main] INFO  org.utils.qa.Log - TEST CASE STARTED : TC_004
2026-05-134 12:04:23 [main] INFO  org.utils.qa.Log - SCENARIO : Verify login functionality with invalid email and invalid password 
2026-05-134 12:04:23 [main] INFO  org.utils.qa.Log - TEST TYPE : negative
2026-05-134 12:04:28 [main] INFO  org.utils.qa.Log - TEST PASSED : TC_004
2026-05-134 12:04:28 [main] INFO  org.utils.qa.Log - ================================================
2026-05-134 12:04:28 [main] INFO  org.utils.qa.Log - Browser closed
2026-05-134 12:04:39 [main] INFO  org.utils.qa.Log - Browser launched successfully
2026-05-134 12:04:39 [main] INFO  org.utils.qa.Log - ================================================
2026-05-134 12:04:39 [main] INFO  org.utils.qa.Log - TEST CASE STARTED : TC_005
2026-05-134 12:04:39 [main] INFO  org.utils.qa.Log - SCENARIO : Verify validation when password field is left empty
2026-05-134 12:04:39 [main] INFO  org.utils.qa.Log - TEST TYPE : validation
2026-05-134 12:04:51 [main] ERROR org.utils.qa.Log - TEST FAILED : TC_005
2026-05-134 12:04:51 [main] ERROR org.utils.qa.Log - ASSERTION FAILED : Expected : Error Message Displayed | Actual : No Error Message Displayed expected [true] but found [false]
2026-05-134 12:04:52 [main] INFO  org.utils.qa.Log - Browser closed
2026-05-134 12:04:52 [main] INFO  org.testng.internal.Utils - [TestNG] Time taken by org.testng.reporters.jq.Main@45037e16: 66 ms
2026-05-134 12:04:52 [main] INFO  org.testng.internal.Utils - [TestNG] Time taken by org.testng.reporters.FailedReporter@6f91fbda: 10 ms
2026-05-134 12:04:52 [main] INFO  org.testng.internal.Utils - [TestNG] Time taken by org.testng.reporters.XMLReporter@5785e813: 30 ms
2026-05-134 12:04:52 [main] INFO  org.testng.internal.Utils - [TestNG] Time taken by org.testng.reporters.EmailableReporter2@5e905f2c: 15 ms
2026-05-134 12:04:52 [main] INFO  org.testng.internal.Utils - [TestNG] Time taken by org.testng.reporters.JUnitReportReporter@350323a0: 10 ms
2026-05-134 12:04:52 [main] INFO  org.testng.internal.Utils - [TestNG] Time taken by org.testng.internal.ExitCodeListener@2506b881: 0 ms
2026-05-134 12:08:14 [main] INFO  org.testng.internal.Utils - [Utils] MethodGroupsHelper.collectMethodsByGroup() took 8 ms.
2026-05-134 12:08:14 [main] INFO  org.testng.internal.Utils - [Utils] MethodGroupsHelper.sortMethods() took 14 ms.
2026-05-134 12:08:14 [main] INFO  org.testng.internal.Utils - [Utils] MethodGroupsHelper.collectMethodsByGroup() took 1 ms.
2026-05-134 12:08:14 [main] INFO  org.testng.internal.Utils - [Utils] MethodGroupsHelper.sortMethods() took 0 ms.
2026-05-134 12:08:14 [main] INFO  org.testng.internal.Utils - [Utils] MethodGroupsHelper.collectMethodsByGroup() took 0 ms.
2026-05-134 12:08:14 [main] INFO  org.testng.internal.Utils - [Utils] MethodGroupsHelper.sortMethods() took 0 ms.
2026-05-134 12:08:14 [main] INFO  org.testng.internal.Utils - [Utils] MethodGroupsHelper.collectMethodsByGroup() took 0 ms.
2026-05-134 12:08:14 [main] INFO  org.testng.internal.Utils - [Utils] MethodGroupsHelper.sortMethods() took 0 ms.
2026-05-134 12:08:14 [main] INFO  org.testng.internal.Utils - [Utils] MethodGroupsHelper.collectMethodsByGroup() took 0 ms.
2026-05-134 12:08:14 [main] INFO  org.testng.internal.Utils - [Utils] MethodGroupsHelper.sortMethods() took 0 ms.
2026-05-134 12:08:14 [main] INFO  org.testng.internal.Utils - [Utils] MethodGroupsHelper.collectMethodsByGroup() took 0 ms.
2026-05-134 12:08:14 [main] INFO  org.testng.internal.Utils - [Utils] MethodGroupsHelper.sortMethods() took 0 ms.
2026-05-134 12:08:14 [main] INFO  org.testng.internal.Utils - [Utils] MethodGroupsHelper.collectMethodsByGroup() took 0 ms.
2026-05-134 12:08:14 [main] INFO  org.testng.internal.Utils - [Utils] MethodGroupsHelper.sortMethods() took 0 ms.
2026-05-134 12:08:14 [main] INFO  org.testng.internal.Utils - [Utils] MethodGroupsHelper.collectMethodsByGroup() took 0 ms.
2026-05-134 12:08:14 [main] INFO  org.testng.internal.Utils - [Utils] MethodGroupsHelper.sortMethods() took 0 ms.
2026-05-134 12:08:14 [main] INFO  org.testng.internal.Utils - [Utils] MethodGroupsHelper.collectMethodsByGroup() took 0 ms.
2026-05-134 12:08:14 [main] INFO  org.testng.internal.Utils - [Utils] MethodGroupsHelper.sortMethods() took 9 ms.
2026-05-134 12:08:14 [main] INFO  org.testng.internal.Utils - [Utils] MethodGroupsHelper.collectMethodsByGroup() took 1 ms.
2026-05-134 12:08:14 [main] INFO  org.testng.internal.Utils - [Utils] MethodGroupsHelper.sortMethods() took 1 ms.
2026-05-134 12:08:14 [main] INFO  org.testng.internal.Utils - [Utils] MethodGroupsHelper.collectMethodsByGroup() took 0 ms.
2026-05-134 12:08:14 [main] INFO  org.testng.internal.Utils - [Utils] MethodGroupsHelper.sortMethods() took 1 ms.
2026-05-134 12:08:14 [main] INFO  org.testng.internal.Utils - [Utils] MethodGroupsHelper.collectMethodsByGroup() took 0 ms.
2026-05-134 12:08:14 [main] INFO  org.testng.internal.Utils - [Utils] MethodGroupsHelper.sortMethods() took 0 ms.
2026-05-134 12:08:14 [main] INFO  org.testng.internal.Utils - [Utils] MethodGroupsHelper.collectMethodsByGroup() took 0 ms.
2026-05-134 12:08:14 [main] INFO  org.testng.internal.Utils - [Utils] MethodGroupsHelper.sortMethods() took 0 ms.
2026-05-134 12:08:14 [main] INFO  org.testng.internal.Utils - [Utils] MethodGroupsHelper.collectMethodsByGroup() took 0 ms.
2026-05-134 12:08:14 [main] INFO  org.testng.internal.Utils - [Utils] MethodGroupsHelper.sortMethods() took 0 ms.
2026-05-134 12:08:14 [main] INFO  org.testng.internal.Utils - [Utils] MethodGroupsHelper.collectMethodsByGroup() took 0 ms.
2026-05-134 12:08:14 [main] INFO  org.testng.internal.Utils - [Utils] MethodGroupsHelper.sortMethods() took 0 ms.
2026-05-134 12:08:14 [main] INFO  org.testng.internal.Utils - [TestNG] Running:
  C:\Users\Siddhi\AppData\Local\Temp\testng-eclipse-1503575370\testng-customsuite.xml

2026-05-134 12:08:15 [main] INFO  org.testng.internal.Utils - [Utils] DynamicGraphHelper.createDynamicGraph() took 4 ms.
2026-05-134 12:08:26 [main] INFO  org.utils.qa.Log - Browser launched successfully
2026-05-134 12:08:26 [main] INFO  org.utils.qa.Log - ================================================
2026-05-134 12:08:26 [main] INFO  org.utils.qa.Log - TEST CASE STARTED : TC_001
2026-05-134 12:08:26 [main] INFO  org.utils.qa.Log - SCENARIO : Verify login functionality with valid email and valid password
2026-05-134 12:08:26 [main] INFO  org.utils.qa.Log - TEST TYPE : positive
2026-05-134 12:08:37 [main] INFO  org.utils.qa.Log - TEST PASSED : TC_001
2026-05-134 12:08:37 [main] INFO  org.utils.qa.Log - ================================================
2026-05-134 12:08:38 [main] INFO  org.utils.qa.Log - Browser closed
2026-05-134 12:08:48 [main] INFO  org.utils.qa.Log - Browser launched successfully
2026-05-134 12:08:48 [main] INFO  org.utils.qa.Log - ================================================
2026-05-134 12:08:48 [main] INFO  org.utils.qa.Log - TEST CASE STARTED : TC_002
2026-05-134 12:08:48 [main] INFO  org.utils.qa.Log - SCENARIO : Verify login functionality with valid email and invalid password
2026-05-134 12:08:48 [main] INFO  org.utils.qa.Log - TEST TYPE : negative
2026-05-134 12:08:53 [main] INFO  org.utils.qa.Log - TEST PASSED : TC_002
2026-05-134 12:08:53 [main] INFO  org.utils.qa.Log - ================================================
2026-05-134 12:08:53 [main] INFO  org.utils.qa.Log - Browser closed
2026-05-134 12:09:05 [main] INFO  org.utils.qa.Log - Browser launched successfully
2026-05-134 12:09:05 [main] INFO  org.utils.qa.Log - ================================================
2026-05-134 12:09:05 [main] INFO  org.utils.qa.Log - TEST CASE STARTED : TC_003
2026-05-134 12:09:05 [main] INFO  org.utils.qa.Log - SCENARIO : Verify login functionality with invalid email and valid password
2026-05-134 12:09:05 [main] INFO  org.utils.qa.Log - TEST TYPE : negative
2026-05-134 12:09:09 [main] INFO  org.utils.qa.Log - TEST PASSED : TC_003
2026-05-134 12:09:09 [main] INFO  org.utils.qa.Log - ================================================
2026-05-134 12:09:09 [main] INFO  org.utils.qa.Log - Browser closed
2026-05-134 12:09:21 [main] INFO  org.utils.qa.Log - Browser launched successfully
2026-05-134 12:09:21 [main] INFO  org.utils.qa.Log - ================================================
2026-05-134 12:09:21 [main] INFO  org.utils.qa.Log - TEST CASE STARTED : TC_004
2026-05-134 12:09:21 [main] INFO  org.utils.qa.Log - SCENARIO : Verify login functionality with invalid email and invalid password 
2026-05-134 12:09:21 [main] INFO  org.utils.qa.Log - TEST TYPE : negative
2026-05-134 12:09:24 [main] INFO  org.utils.qa.Log - TEST PASSED : TC_004
2026-05-134 12:09:24 [main] INFO  org.utils.qa.Log - ================================================
2026-05-134 12:09:25 [main] INFO  org.utils.qa.Log - Browser closed
2026-05-134 12:09:32 [main] INFO  org.utils.qa.Log - Browser launched successfully
2026-05-134 12:09:32 [main] INFO  org.utils.qa.Log - ================================================
2026-05-134 12:09:32 [main] INFO  org.utils.qa.Log - TEST CASE STARTED : TC_005
2026-05-134 12:09:32 [main] INFO  org.utils.qa.Log - SCENARIO : Verify validation when password field is left empty
2026-05-134 12:09:32 [main] INFO  org.utils.qa.Log - TEST TYPE : validation
2026-05-134 12:09:43 [main] ERROR org.utils.qa.Log - TEST FAILED : TC_005
2026-05-134 12:09:43 [main] ERROR org.utils.qa.Log - EXCEPTION OCCURRED : TimeoutException
2026-05-134 12:09:43 [main] ERROR org.utils.qa.Log - REASON : Expected condition failed: waiting for visibility of Proxy element for: DefaultElementLocator 'By.xpath: //input[@data-qa='login-email']'
(tried for 10 seconds with 500 milliseconds interval)
2026-05-134 12:09:44 [main] INFO  org.utils.qa.Log - Browser closed
2026-05-134 12:09:44 [main] INFO  org.testng.internal.Utils - [TestNG] Time taken by org.testng.reporters.jq.Main@6a1568d6: 69 ms
2026-05-134 12:09:44 [main] INFO  org.testng.internal.Utils - [TestNG] Time taken by org.testng.reporters.FailedReporter@118041c7: 12 ms
2026-05-134 12:09:44 [main] INFO  org.testng.internal.Utils - [TestNG] Time taken by org.testng.reporters.XMLReporter@4c38cd16: 40 ms
2026-05-134 12:09:44 [main] INFO  org.testng.internal.Utils - [TestNG] Time taken by org.testng.reporters.EmailableReporter2@19fec3d6: 13 ms
2026-05-134 12:09:44 [main] INFO  org.testng.internal.Utils - [TestNG] Time taken by org.testng.reporters.JUnitReportReporter@2aa14ae6: 14 ms
2026-05-134 12:09:44 [main] INFO  org.testng.internal.Utils - [TestNG] Time taken by org.testng.internal.ExitCodeListener@4be490da: 0 ms
2026-05-134 16:40:22 [main] INFO  org.testng.internal.Utils - [Utils] MethodGroupsHelper.collectMethodsByGroup() took 3 ms.
2026-05-134 16:40:22 [main] INFO  org.testng.internal.Utils - [Utils] MethodGroupsHelper.sortMethods() took 6 ms.
2026-05-134 16:40:22 [main] INFO  org.testng.internal.Utils - [Utils] MethodGroupsHelper.collectMethodsByGroup() took 0 ms.
2026-05-134 16:40:22 [main] INFO  org.testng.internal.Utils - [Utils] MethodGroupsHelper.sortMethods() took 0 ms.
2026-05-134 16:40:22 [main] INFO  org.testng.internal.Utils - [Utils] MethodGroupsHelper.collectMethodsByGroup() took 0 ms.
2026-05-134 16:40:22 [main] INFO  org.testng.internal.Utils - [Utils] MethodGroupsHelper.sortMethods() took 0 ms.
2026-05-134 16:40:22 [main] INFO  org.testng.internal.Utils - [Utils] MethodGroupsHelper.collectMethodsByGroup() took 0 ms.
2026-05-134 16:40:22 [main] INFO  org.testng.internal.Utils - [Utils] MethodGroupsHelper.sortMethods() took 0 ms.
2026-05-134 16:40:22 [main] INFO  org.testng.internal.Utils - [Utils] MethodGroupsHelper.collectMethodsByGroup() took 0 ms.
2026-05-134 16:40:22 [main] INFO  org.testng.internal.Utils - [Utils] MethodGroupsHelper.sortMethods() took 0 ms.
2026-05-134 16:40:22 [main] INFO  org.testng.internal.Utils - [Utils] MethodGroupsHelper.collectMethodsByGroup() took 0 ms.
2026-05-134 16:40:22 [main] INFO  org.testng.internal.Utils - [Utils] MethodGroupsHelper.sortMethods() took 0 ms.
2026-05-134 16:40:22 [main] INFO  org.testng.internal.Utils - [Utils] MethodGroupsHelper.collectMethodsByGroup() took 0 ms.
2026-05-134 16:40:22 [main] INFO  org.testng.internal.Utils - [Utils] MethodGroupsHelper.sortMethods() took 0 ms.
2026-05-134 16:40:22 [main] INFO  org.testng.internal.Utils - [Utils] MethodGroupsHelper.collectMethodsByGroup() took 0 ms.
2026-05-134 16:40:22 [main] INFO  org.testng.internal.Utils - [Utils] MethodGroupsHelper.sortMethods() took 0 ms.
2026-05-134 16:40:22 [main] INFO  org.testng.internal.Utils - [Utils] MethodGroupsHelper.collectMethodsByGroup() took 0 ms.
2026-05-134 16:40:22 [main] INFO  org.testng.internal.Utils - [Utils] MethodGroupsHelper.sortMethods() took 8 ms.
2026-05-134 16:40:22 [main] INFO  org.testng.internal.Utils - [Utils] MethodGroupsHelper.collectMethodsByGroup() took 0 ms.
2026-05-134 16:40:22 [main] INFO  org.testng.internal.Utils - [Utils] MethodGroupsHelper.sortMethods() took 1 ms.
2026-05-134 16:40:22 [main] INFO  org.testng.internal.Utils - [Utils] MethodGroupsHelper.collectMethodsByGroup() took 0 ms.
2026-05-134 16:40:22 [main] INFO  org.testng.internal.Utils - [Utils] MethodGroupsHelper.sortMethods() took 1 ms.
2026-05-134 16:40:22 [main] INFO  org.testng.internal.Utils - [Utils] MethodGroupsHelper.collectMethodsByGroup() took 0 ms.
2026-05-134 16:40:22 [main] INFO  org.testng.internal.Utils - [Utils] MethodGroupsHelper.sortMethods() took 0 ms.
2026-05-134 16:40:22 [main] INFO  org.testng.internal.Utils - [Utils] MethodGroupsHelper.collectMethodsByGroup() took 0 ms.
2026-05-134 16:40:22 [main] INFO  org.testng.internal.Utils - [Utils] MethodGroupsHelper.sortMethods() took 0 ms.
2026-05-134 16:40:22 [main] INFO  org.testng.internal.Utils - [Utils] MethodGroupsHelper.collectMethodsByGroup() took 0 ms.
2026-05-134 16:40:22 [main] INFO  org.testng.internal.Utils - [Utils] MethodGroupsHelper.sortMethods() took 0 ms.
2026-05-134 16:40:22 [main] INFO  org.testng.internal.Utils - [Utils] MethodGroupsHelper.collectMethodsByGroup() took 0 ms.
2026-05-134 16:40:22 [main] INFO  org.testng.internal.Utils - [Utils] MethodGroupsHelper.sortMethods() took 0 ms.
2026-05-134 16:40:22 [main] INFO  org.testng.internal.Utils - [TestNG] Running:
  C:\Users\Siddhi\AppData\Local\Temp\testng-eclipse-1295028392\testng-customsuite.xml

2026-05-134 16:40:23 [main] INFO  org.testng.internal.Utils - [Utils] DynamicGraphHelper.createDynamicGraph() took 3 ms.
2026-05-134 16:40:27 [main] INFO  org.utils.qa.Log - Browser launched successfully
2026-05-134 16:40:27 [main] INFO  org.utils.qa.Log - ================================================
2026-05-134 16:40:27 [main] INFO  org.utils.qa.Log - TEST CASE STARTED : TC_001
2026-05-134 16:40:27 [main] INFO  org.utils.qa.Log - SCENARIO : Verify login functionality with valid email and valid password
2026-05-134 16:40:27 [main] INFO  org.utils.qa.Log - TEST TYPE : positive
2026-05-134 16:40:35 [main] INFO  org.utils.qa.Log - TEST PASSED : TC_001
2026-05-134 16:40:35 [main] INFO  org.utils.qa.Log - ================================================
2026-05-134 16:40:35 [main] INFO  org.utils.qa.Log - Browser closed
2026-05-134 16:40:39 [main] INFO  org.utils.qa.Log - Browser launched successfully
2026-05-134 16:40:39 [main] INFO  org.utils.qa.Log - ================================================
2026-05-134 16:40:39 [main] INFO  org.utils.qa.Log - TEST CASE STARTED : TC_002
2026-05-134 16:40:39 [main] INFO  org.utils.qa.Log - SCENARIO : Verify login functionality with valid email and invalid password
2026-05-134 16:40:39 [main] INFO  org.utils.qa.Log - TEST TYPE : negative
2026-05-134 16:40:43 [main] INFO  org.utils.qa.Log - TEST PASSED : TC_002
2026-05-134 16:40:43 [main] INFO  org.utils.qa.Log - ================================================
2026-05-134 16:40:43 [main] INFO  org.utils.qa.Log - Browser closed
2026-05-134 16:40:46 [main] INFO  org.utils.qa.Log - Browser launched successfully
2026-05-134 16:40:46 [main] INFO  org.utils.qa.Log - ================================================
2026-05-134 16:40:46 [main] INFO  org.utils.qa.Log - TEST CASE STARTED : TC_003
2026-05-134 16:40:46 [main] INFO  org.utils.qa.Log - SCENARIO : Verify login functionality with invalid email and valid password
2026-05-134 16:40:46 [main] INFO  org.utils.qa.Log - TEST TYPE : negative
2026-05-134 16:40:51 [main] INFO  org.utils.qa.Log - TEST PASSED : TC_003
2026-05-134 16:40:51 [main] INFO  org.utils.qa.Log - ================================================
2026-05-134 16:40:51 [main] INFO  org.utils.qa.Log - Browser closed
2026-05-134 16:40:55 [main] INFO  org.utils.qa.Log - Browser launched successfully
2026-05-134 16:40:55 [main] INFO  org.utils.qa.Log - ================================================
2026-05-134 16:40:55 [main] INFO  org.utils.qa.Log - TEST CASE STARTED : TC_004
2026-05-134 16:40:55 [main] INFO  org.utils.qa.Log - SCENARIO : Verify login functionality with invalid email and invalid password 
2026-05-134 16:40:55 [main] INFO  org.utils.qa.Log - TEST TYPE : negative
2026-05-134 16:41:00 [main] INFO  org.utils.qa.Log - TEST PASSED : TC_004
2026-05-134 16:41:00 [main] INFO  org.utils.qa.Log - ================================================
2026-05-134 16:41:00 [main] INFO  org.utils.qa.Log - Browser closed
2026-05-134 16:41:04 [main] INFO  org.utils.qa.Log - Browser launched successfully
2026-05-134 16:41:04 [main] INFO  org.utils.qa.Log - ================================================
2026-05-134 16:41:04 [main] INFO  org.utils.qa.Log - TEST CASE STARTED : TC_005
2026-05-134 16:41:04 [main] INFO  org.utils.qa.Log - SCENARIO : Verify validation when password field is left empty
2026-05-134 16:41:04 [main] INFO  org.utils.qa.Log - TEST TYPE : validation
2026-05-134 16:41:17 [main] ERROR org.utils.qa.Log - TEST FAILED : TC_005
2026-05-134 16:41:17 [main] ERROR org.utils.qa.Log - ASSERTION FAILED : FAILED: Error message not displayed for TC_005 expected [true] but found [false]
2026-05-134 16:41:18 [main] INFO  org.utils.qa.Log - Browser closed
2026-05-134 16:41:18 [main] INFO  org.testng.internal.Utils - [TestNG] Time taken by org.testng.reporters.jq.Main@16f7f59f: 36 ms
2026-05-134 16:41:18 [main] INFO  org.testng.internal.Utils - [TestNG] Time taken by org.testng.reporters.FailedReporter@56a05324: 7 ms
2026-05-134 16:41:18 [main] INFO  org.testng.internal.Utils - [TestNG] Time taken by org.testng.reporters.XMLReporter@7ec3a8bd: 21 ms
2026-05-134 16:41:18 [main] INFO  org.testng.internal.Utils - [TestNG] Time taken by org.testng.reporters.EmailableReporter2@76e4212: 10 ms
2026-05-134 16:41:18 [main] INFO  org.testng.internal.Utils - [TestNG] Time taken by org.testng.reporters.JUnitReportReporter@6a8a551e: 9 ms
2026-05-134 16:41:18 [main] INFO  org.testng.internal.Utils - [TestNG] Time taken by org.testng.internal.ExitCodeListener@3cc9632d: 0 ms
2026-05-134 16:57:21 [main] INFO  org.testng.internal.Utils - [Utils] MethodGroupsHelper.collectMethodsByGroup() took 4 ms.
2026-05-134 16:57:21 [main] INFO  org.testng.internal.Utils - [Utils] MethodGroupsHelper.sortMethods() took 7 ms.
2026-05-134 16:57:21 [main] INFO  org.testng.internal.Utils - [Utils] MethodGroupsHelper.collectMethodsByGroup() took 0 ms.
2026-05-134 16:57:21 [main] INFO  org.testng.internal.Utils - [Utils] MethodGroupsHelper.sortMethods() took 0 ms.
2026-05-134 16:57:21 [main] INFO  org.testng.internal.Utils - [Utils] MethodGroupsHelper.collectMethodsByGroup() took 0 ms.
2026-05-134 16:57:21 [main] INFO  org.testng.internal.Utils - [Utils] MethodGroupsHelper.sortMethods() took 0 ms.
2026-05-134 16:57:21 [main] INFO  org.testng.internal.Utils - [Utils] MethodGroupsHelper.collectMethodsByGroup() took 0 ms.
2026-05-134 16:57:21 [main] INFO  org.testng.internal.Utils - [Utils] MethodGroupsHelper.sortMethods() took 0 ms.
2026-05-134 16:57:21 [main] INFO  org.testng.internal.Utils - [Utils] MethodGroupsHelper.collectMethodsByGroup() took 0 ms.
2026-05-134 16:57:21 [main] INFO  org.testng.internal.Utils - [Utils] MethodGroupsHelper.sortMethods() took 0 ms.
2026-05-134 16:57:21 [main] INFO  org.testng.internal.Utils - [Utils] MethodGroupsHelper.collectMethodsByGroup() took 0 ms.
2026-05-134 16:57:21 [main] INFO  org.testng.internal.Utils - [Utils] MethodGroupsHelper.sortMethods() took 0 ms.
2026-05-134 16:57:21 [main] INFO  org.testng.internal.Utils - [Utils] MethodGroupsHelper.collectMethodsByGroup() took 0 ms.
2026-05-134 16:57:21 [main] INFO  org.testng.internal.Utils - [Utils] MethodGroupsHelper.sortMethods() took 0 ms.
2026-05-134 16:57:21 [main] INFO  org.testng.internal.Utils - [Utils] MethodGroupsHelper.collectMethodsByGroup() took 0 ms.
2026-05-134 16:57:21 [main] INFO  org.testng.internal.Utils - [Utils] MethodGroupsHelper.sortMethods() took 0 ms.
2026-05-134 16:57:21 [main] INFO  org.testng.internal.Utils - [Utils] MethodGroupsHelper.collectMethodsByGroup() took 0 ms.
2026-05-134 16:57:21 [main] INFO  org.testng.internal.Utils - [Utils] MethodGroupsHelper.sortMethods() took 11 ms.
2026-05-134 16:57:21 [main] INFO  org.testng.internal.Utils - [Utils] MethodGroupsHelper.collectMethodsByGroup() took 0 ms.
2026-05-134 16:57:21 [main] INFO  org.testng.internal.Utils - [Utils] MethodGroupsHelper.sortMethods() took 0 ms.
2026-05-134 16:57:21 [main] INFO  org.testng.internal.Utils - [Utils] MethodGroupsHelper.collectMethodsByGroup() took 0 ms.
2026-05-134 16:57:21 [main] INFO  org.testng.internal.Utils - [Utils] MethodGroupsHelper.sortMethods() took 0 ms.
2026-05-134 16:57:21 [main] INFO  org.testng.internal.Utils - [Utils] MethodGroupsHelper.collectMethodsByGroup() took 0 ms.
2026-05-134 16:57:21 [main] INFO  org.testng.internal.Utils - [Utils] MethodGroupsHelper.sortMethods() took 0 ms.
2026-05-134 16:57:21 [main] INFO  org.testng.internal.Utils - [Utils] MethodGroupsHelper.collectMethodsByGroup() took 0 ms.
2026-05-134 16:57:21 [main] INFO  org.testng.internal.Utils - [Utils] MethodGroupsHelper.sortMethods() took 0 ms.
2026-05-134 16:57:21 [main] INFO  org.testng.internal.Utils - [Utils] MethodGroupsHelper.collectMethodsByGroup() took 0 ms.
2026-05-134 16:57:21 [main] INFO  org.testng.internal.Utils - [Utils] MethodGroupsHelper.sortMethods() took 0 ms.
2026-05-134 16:57:21 [main] INFO  org.testng.internal.Utils - [Utils] MethodGroupsHelper.collectMethodsByGroup() took 0 ms.
2026-05-134 16:57:21 [main] INFO  org.testng.internal.Utils - [Utils] MethodGroupsHelper.sortMethods() took 0 ms.
2026-05-134 16:57:21 [main] INFO  org.testng.internal.Utils - [TestNG] Running:
  C:\Users\Siddhi\AppData\Local\Temp\testng-eclipse--1874696679\testng-customsuite.xml

2026-05-134 16:57:21 [main] INFO  org.testng.internal.Utils - [Utils] DynamicGraphHelper.createDynamicGraph() took 2 ms.
2026-05-134 16:57:26 [main] INFO  org.utils.qa.Log - Browser launched successfully
2026-05-134 16:57:26 [main] INFO  org.utils.qa.Log - ================================================
2026-05-134 16:57:26 [main] INFO  org.utils.qa.Log - TEST CASE STARTED : TC_001
2026-05-134 16:57:26 [main] INFO  org.utils.qa.Log - SCENARIO : Verify login functionality with valid email and valid password
2026-05-134 16:57:26 [main] INFO  org.utils.qa.Log - TEST TYPE : positive
2026-05-134 16:57:32 [main] INFO  org.utils.qa.Log - TEST PASSED : TC_001
2026-05-134 16:57:32 [main] INFO  org.utils.qa.Log - ================================================
2026-05-134 16:57:32 [main] INFO  org.utils.qa.Log - Browser closed
2026-05-134 16:57:36 [main] INFO  org.utils.qa.Log - Browser launched successfully
2026-05-134 16:57:36 [main] INFO  org.utils.qa.Log - ================================================
2026-05-134 16:57:36 [main] INFO  org.utils.qa.Log - TEST CASE STARTED : TC_002
2026-05-134 16:57:36 [main] INFO  org.utils.qa.Log - SCENARIO : Verify login functionality with valid email and invalid password
2026-05-134 16:57:36 [main] INFO  org.utils.qa.Log - TEST TYPE : negative
2026-05-134 16:57:40 [main] INFO  org.utils.qa.Log - TEST PASSED : TC_002
2026-05-134 16:57:40 [main] INFO  org.utils.qa.Log - ================================================
2026-05-134 16:57:40 [main] INFO  org.utils.qa.Log - Browser closed
2026-05-134 16:57:45 [main] INFO  org.utils.qa.Log - Browser launched successfully
2026-05-134 16:57:45 [main] INFO  org.utils.qa.Log - ================================================
2026-05-134 16:57:45 [main] INFO  org.utils.qa.Log - TEST CASE STARTED : TC_003
2026-05-134 16:57:45 [main] INFO  org.utils.qa.Log - SCENARIO : Verify login functionality with invalid email and valid password
2026-05-134 16:57:45 [main] INFO  org.utils.qa.Log - TEST TYPE : negative
2026-05-134 16:57:49 [main] INFO  org.utils.qa.Log - TEST PASSED : TC_003
2026-05-134 16:57:49 [main] INFO  org.utils.qa.Log - ================================================
2026-05-134 16:57:49 [main] INFO  org.utils.qa.Log - Browser closed
2026-05-134 16:57:53 [main] INFO  org.utils.qa.Log - Browser launched successfully
2026-05-134 16:57:53 [main] INFO  org.utils.qa.Log - ================================================
2026-05-134 16:57:53 [main] INFO  org.utils.qa.Log - TEST CASE STARTED : TC_004
2026-05-134 16:57:53 [main] INFO  org.utils.qa.Log - SCENARIO : Verify login functionality with invalid email and invalid password 
2026-05-134 16:57:53 [main] INFO  org.utils.qa.Log - TEST TYPE : negative
2026-05-134 16:57:57 [main] INFO  org.utils.qa.Log - TEST PASSED : TC_004
2026-05-134 16:57:57 [main] INFO  org.utils.qa.Log - ================================================
2026-05-134 16:57:57 [main] INFO  org.utils.qa.Log - Browser closed
2026-05-134 16:58:00 [main] INFO  org.utils.qa.Log - Browser launched successfully
2026-05-134 16:58:00 [main] INFO  org.utils.qa.Log - ================================================
2026-05-134 16:58:00 [main] INFO  org.utils.qa.Log - TEST CASE STARTED : TC_005
2026-05-134 16:58:00 [main] INFO  org.utils.qa.Log - SCENARIO : Verify validation when password field is left empty
2026-05-134 16:58:00 [main] INFO  org.utils.qa.Log - TEST TYPE : validation
2026-05-134 16:58:01 [main] INFO  org.utils.qa.Log - TEST PASSED : TC_005
2026-05-134 16:58:01 [main] INFO  org.utils.qa.Log - ================================================
2026-05-134 16:58:01 [main] INFO  org.utils.qa.Log - Browser closed
2026-05-134 16:58:04 [main] INFO  org.utils.qa.Log - Browser launched successfully
2026-05-134 16:58:04 [main] INFO  org.utils.qa.Log - ================================================
2026-05-134 16:58:04 [main] INFO  org.utils.qa.Log - TEST CASE STARTED : TC_006
2026-05-134 16:58:04 [main] INFO  org.utils.qa.Log - SCENARIO : Verify validation when email field is left empty
2026-05-134 16:58:04 [main] INFO  org.utils.qa.Log - TEST TYPE : validation
2026-05-134 16:58:06 [main] INFO  org.utils.qa.Log - TEST PASSED : TC_006
2026-05-134 16:58:06 [main] INFO  org.utils.qa.Log - ================================================
2026-05-134 16:58:06 [main] INFO  org.utils.qa.Log - Browser closed
2026-05-134 16:58:11 [main] INFO  org.utils.qa.Log - Browser launched successfully
2026-05-134 16:58:11 [main] INFO  org.utils.qa.Log - ================================================
2026-05-134 16:58:11 [main] INFO  org.utils.qa.Log - TEST CASE STARTED : TC_007
2026-05-134 16:58:11 [main] INFO  org.utils.qa.Log - SCENARIO : Verify validation when both email and password fields are left empty
2026-05-134 16:58:11 [main] INFO  org.utils.qa.Log - TEST TYPE : validation
2026-05-134 16:58:13 [main] INFO  org.utils.qa.Log - TEST PASSED : TC_007
2026-05-134 16:58:13 [main] INFO  org.utils.qa.Log - ================================================
2026-05-134 16:58:13 [main] INFO  org.utils.qa.Log - Browser closed
2026-05-134 16:58:17 [main] INFO  org.utils.qa.Log - Browser launched successfully
2026-05-134 16:58:17 [main] INFO  org.utils.qa.Log - ================================================
2026-05-134 16:58:17 [main] INFO  org.utils.qa.Log - TEST CASE STARTED : TC_008
2026-05-134 16:58:17 [main] INFO  org.utils.qa.Log - SCENARIO : Verify login with invalid email format
2026-05-134 16:58:17 [main] INFO  org.utils.qa.Log - TEST TYPE : validation
2026-05-134 16:58:20 [main] ERROR org.utils.qa.Log - TEST FAILED : TC_008
2026-05-134 16:58:20 [main] ERROR org.utils.qa.Log - ASSERTION FAILED : FAILED: Validation message not displayed for TC_008 expected [true] but found [false]
2026-05-134 16:58:21 [main] INFO  org.utils.qa.Log - Browser closed
2026-05-134 16:58:25 [main] INFO  org.utils.qa.Log - Browser launched successfully
2026-05-134 16:58:25 [main] INFO  org.utils.qa.Log - ================================================
2026-05-134 16:58:25 [main] INFO  org.utils.qa.Log - TEST CASE STARTED : TC_009
2026-05-134 16:58:25 [main] INFO  org.utils.qa.Log - SCENARIO : Verify login with password below minimum character limit
2026-05-134 16:58:25 [main] INFO  org.utils.qa.Log - TEST TYPE : boundary
2026-05-134 16:58:28 [main] INFO  org.utils.qa.Log - TEST PASSED : TC_009
2026-05-134 16:58:28 [main] INFO  org.utils.qa.Log - ================================================
2026-05-134 16:58:28 [main] INFO  org.utils.qa.Log - Browser closed
2026-05-134 16:58:32 [main] INFO  org.utils.qa.Log - Browser launched successfully
2026-05-134 16:58:32 [main] INFO  org.utils.qa.Log - ================================================
2026-05-134 16:58:32 [main] INFO  org.utils.qa.Log - TEST CASE STARTED : TC_010
2026-05-134 16:58:32 [main] INFO  org.utils.qa.Log - SCENARIO : Verify login with password exceeding maximum allowed character limit
2026-05-134 16:58:32 [main] INFO  org.utils.qa.Log - TEST TYPE : boundary
2026-05-134 16:58:35 [main] INFO  org.utils.qa.Log - TEST PASSED : TC_010
2026-05-134 16:58:35 [main] INFO  org.utils.qa.Log - ================================================
2026-05-134 16:58:35 [main] INFO  org.utils.qa.Log - Browser closed
2026-05-134 16:58:39 [main] INFO  org.utils.qa.Log - Browser launched successfully
2026-05-134 16:58:39 [main] INFO  org.utils.qa.Log - ================================================
2026-05-134 16:58:39 [main] INFO  org.utils.qa.Log - TEST CASE STARTED : TC_011
2026-05-134 16:58:39 [main] INFO  org.utils.qa.Log - SCENARIO : Verify application security against SQL Injection attack
2026-05-134 16:58:39 [main] INFO  org.utils.qa.Log - TEST TYPE : security
2026-05-134 16:58:44 [main] INFO  org.utils.qa.Log - TEST PASSED : TC_011
2026-05-134 16:58:44 [main] INFO  org.utils.qa.Log - ================================================
2026-05-134 16:58:44 [main] INFO  org.utils.qa.Log - Browser closed
2026-05-134 16:58:48 [main] INFO  org.utils.qa.Log - Browser launched successfully
2026-05-134 16:58:48 [main] INFO  org.utils.qa.Log - ================================================
2026-05-134 16:58:48 [main] INFO  org.utils.qa.Log - TEST CASE STARTED : TC_012
2026-05-134 16:58:48 [main] INFO  org.utils.qa.Log - SCENARIO : Verify successful login after previous failed login attempts
2026-05-134 16:58:48 [main] INFO  org.utils.qa.Log - TEST TYPE : regression
2026-05-134 16:58:56 [main] INFO  org.utils.qa.Log - TEST PASSED : TC_012
2026-05-134 16:58:56 [main] INFO  org.utils.qa.Log - ================================================
2026-05-134 16:58:56 [main] INFO  org.utils.qa.Log - Browser closed
2026-05-134 16:58:59 [main] INFO  org.utils.qa.Log - Browser launched successfully
2026-05-134 16:58:59 [main] INFO  org.utils.qa.Log - ================================================
2026-05-134 16:58:59 [main] INFO  org.utils.qa.Log - TEST CASE STARTED : TC_013
2026-05-134 16:58:59 [main] INFO  org.utils.qa.Log - SCENARIO : Verify Enter key login
2026-05-134 16:58:59 [main] INFO  org.utils.qa.Log - TEST TYPE : usability
2026-05-134 16:59:05 [main] INFO  org.utils.qa.Log - TEST PASSED : TC_013
2026-05-134 16:59:05 [main] INFO  org.utils.qa.Log - ================================================
2026-05-134 16:59:05 [main] INFO  org.utils.qa.Log - Browser closed
2026-05-134 16:59:09 [main] INFO  org.utils.qa.Log - Browser launched successfully
2026-05-134 16:59:09 [main] INFO  org.utils.qa.Log - ================================================
2026-05-134 16:59:09 [main] INFO  org.utils.qa.Log - TEST CASE STARTED : TC_014
2026-05-134 16:59:09 [main] INFO  org.utils.qa.Log - SCENARIO : Verify Forgot Password functionality
2026-05-134 16:59:09 [main] INFO  org.utils.qa.Log - TEST TYPE : bug
2026-05-134 16:59:10 [main] ERROR org.utils.qa.Log - TEST FAILED : TC_014
2026-05-134 16:59:10 [main] ERROR org.utils.qa.Log - ASSERTION FAILED : Forgot Password feature not implemented
2026-05-134 16:59:11 [main] INFO  org.utils.qa.Log - Browser closed
2026-05-134 16:59:11 [main] INFO  org.testng.internal.Utils - [TestNG] Time taken by org.testng.reporters.jq.Main@1479ed5a: 31 ms
2026-05-134 16:59:11 [main] INFO  org.testng.internal.Utils - [TestNG] Time taken by org.testng.reporters.FailedReporter@2d3eb1ea: 7 ms
2026-05-134 16:59:11 [main] INFO  org.testng.internal.Utils - [TestNG] Time taken by org.testng.reporters.XMLReporter@a859c5: 10 ms
2026-05-134 16:59:11 [main] INFO  org.testng.internal.Utils - [TestNG] Time taken by org.testng.reporters.EmailableReporter2@61b0af9f: 4 ms
2026-05-134 16:59:11 [main] INFO  org.testng.internal.Utils - [TestNG] Time taken by org.testng.reporters.JUnitReportReporter@7ebaf0d: 5 ms
2026-05-134 16:59:11 [main] INFO  org.testng.internal.Utils - [TestNG] Time taken by org.testng.internal.ExitCodeListener@694b1ddb: 0 ms
2026-05-134 17:07:49 [main] INFO  org.testng.internal.Utils - [Utils] MethodGroupsHelper.collectMethodsByGroup() took 4 ms.
2026-05-134 17:07:49 [main] INFO  org.testng.internal.Utils - [Utils] MethodGroupsHelper.sortMethods() took 6 ms.
2026-05-134 17:07:49 [main] INFO  org.testng.internal.Utils - [Utils] MethodGroupsHelper.collectMethodsByGroup() took 0 ms.
2026-05-134 17:07:49 [main] INFO  org.testng.internal.Utils - [Utils] MethodGroupsHelper.sortMethods() took 0 ms.
2026-05-134 17:07:49 [main] INFO  org.testng.internal.Utils - [Utils] MethodGroupsHelper.collectMethodsByGroup() took 0 ms.
2026-05-134 17:07:49 [main] INFO  org.testng.internal.Utils - [Utils] MethodGroupsHelper.sortMethods() took 0 ms.
2026-05-134 17:07:49 [main] INFO  org.testng.internal.Utils - [Utils] MethodGroupsHelper.collectMethodsByGroup() took 0 ms.
2026-05-134 17:07:49 [main] INFO  org.testng.internal.Utils - [Utils] MethodGroupsHelper.sortMethods() took 0 ms.
2026-05-134 17:07:49 [main] INFO  org.testng.internal.Utils - [Utils] MethodGroupsHelper.collectMethodsByGroup() took 0 ms.
2026-05-134 17:07:49 [main] INFO  org.testng.internal.Utils - [Utils] MethodGroupsHelper.sortMethods() took 0 ms.
2026-05-134 17:07:49 [main] INFO  org.testng.internal.Utils - [Utils] MethodGroupsHelper.collectMethodsByGroup() took 0 ms.
2026-05-134 17:07:49 [main] INFO  org.testng.internal.Utils - [Utils] MethodGroupsHelper.sortMethods() took 0 ms.
2026-05-134 17:07:49 [main] INFO  org.testng.internal.Utils - [Utils] MethodGroupsHelper.collectMethodsByGroup() took 0 ms.
2026-05-134 17:07:49 [main] INFO  org.testng.internal.Utils - [Utils] MethodGroupsHelper.sortMethods() took 0 ms.
2026-05-134 17:07:49 [main] INFO  org.testng.internal.Utils - [Utils] MethodGroupsHelper.collectMethodsByGroup() took 0 ms.
2026-05-134 17:07:49 [main] INFO  org.testng.internal.Utils - [Utils] MethodGroupsHelper.sortMethods() took 0 ms.
2026-05-134 17:07:49 [main] INFO  org.testng.internal.Utils - [Utils] MethodGroupsHelper.collectMethodsByGroup() took 3 ms.
2026-05-134 17:07:49 [main] INFO  org.testng.internal.Utils - [Utils] MethodGroupsHelper.sortMethods() took 5 ms.
2026-05-134 17:07:49 [main] INFO  org.testng.internal.Utils - [Utils] MethodGroupsHelper.collectMethodsByGroup() took 0 ms.
2026-05-134 17:07:49 [main] INFO  org.testng.internal.Utils - [Utils] MethodGroupsHelper.sortMethods() took 0 ms.
2026-05-134 17:07:49 [main] INFO  org.testng.internal.Utils - [Utils] MethodGroupsHelper.collectMethodsByGroup() took 1 ms.
2026-05-134 17:07:49 [main] INFO  org.testng.internal.Utils - [Utils] MethodGroupsHelper.sortMethods() took 0 ms.
2026-05-134 17:07:49 [main] INFO  org.testng.internal.Utils - [Utils] MethodGroupsHelper.collectMethodsByGroup() took 0 ms.
2026-05-134 17:07:49 [main] INFO  org.testng.internal.Utils - [Utils] MethodGroupsHelper.sortMethods() took 0 ms.
2026-05-134 17:07:49 [main] INFO  org.testng.internal.Utils - [Utils] MethodGroupsHelper.collectMethodsByGroup() took 0 ms.
2026-05-134 17:07:49 [main] INFO  org.testng.internal.Utils - [Utils] MethodGroupsHelper.sortMethods() took 0 ms.
2026-05-134 17:07:49 [main] INFO  org.testng.internal.Utils - [Utils] MethodGroupsHelper.collectMethodsByGroup() took 0 ms.
2026-05-134 17:07:49 [main] INFO  org.testng.internal.Utils - [Utils] MethodGroupsHelper.sortMethods() took 0 ms.
2026-05-134 17:07:49 [main] INFO  org.testng.internal.Utils - [Utils] MethodGroupsHelper.collectMethodsByGroup() took 0 ms.
2026-05-134 17:07:49 [main] INFO  org.testng.internal.Utils - [Utils] MethodGroupsHelper.sortMethods() took 0 ms.
2026-05-134 17:07:49 [main] INFO  org.testng.internal.Utils - [TestNG] Running:
  C:\Users\Siddhi\AppData\Local\Temp\testng-eclipse--2052911517\testng-customsuite.xml

2026-05-134 17:07:49 [main] INFO  org.testng.internal.Utils - [Utils] DynamicGraphHelper.createDynamicGraph() took 1 ms.
2026-05-134 17:07:54 [main] INFO  org.utils.qa.Log - Browser launched successfully
2026-05-134 17:07:54 [main] INFO  org.utils.qa.Log - ================================================
2026-05-134 17:07:54 [main] INFO  org.utils.qa.Log - TEST CASE STARTED : TC_001
2026-05-134 17:07:54 [main] INFO  org.utils.qa.Log - SCENARIO : Verify login functionality with valid email and valid password
2026-05-134 17:07:54 [main] INFO  org.utils.qa.Log - TEST TYPE : positive
2026-05-134 17:07:59 [main] INFO  org.utils.qa.Log - TEST PASSED : TC_001
2026-05-134 17:07:59 [main] INFO  org.utils.qa.Log - ================================================
2026-05-134 17:08:00 [main] INFO  org.utils.qa.Log - Browser closed
2026-05-134 17:08:04 [main] INFO  org.utils.qa.Log - Browser launched successfully
2026-05-134 17:08:04 [main] INFO  org.utils.qa.Log - ================================================
2026-05-134 17:08:04 [main] INFO  org.utils.qa.Log - TEST CASE STARTED : TC_002
2026-05-134 17:08:04 [main] INFO  org.utils.qa.Log - SCENARIO : Verify login functionality with valid email and invalid password
2026-05-134 17:08:04 [main] INFO  org.utils.qa.Log - TEST TYPE : negative
2026-05-134 17:08:08 [main] INFO  org.utils.qa.Log - TEST PASSED : TC_002
2026-05-134 17:08:08 [main] INFO  org.utils.qa.Log - ================================================
2026-05-134 17:08:08 [main] INFO  org.utils.qa.Log - Browser closed
2026-05-134 17:08:12 [main] INFO  org.utils.qa.Log - Browser launched successfully
2026-05-134 17:08:12 [main] INFO  org.utils.qa.Log - ================================================
2026-05-134 17:08:12 [main] INFO  org.utils.qa.Log - TEST CASE STARTED : TC_003
2026-05-134 17:08:12 [main] INFO  org.utils.qa.Log - SCENARIO : Verify login functionality with invalid email and valid password
2026-05-134 17:08:12 [main] INFO  org.utils.qa.Log - TEST TYPE : negative
2026-05-134 17:08:16 [main] INFO  org.utils.qa.Log - TEST PASSED : TC_003
2026-05-134 17:08:16 [main] INFO  org.utils.qa.Log - ================================================
2026-05-134 17:08:16 [main] INFO  org.utils.qa.Log - Browser closed
2026-05-134 17:08:21 [main] INFO  org.utils.qa.Log - Browser launched successfully
2026-05-134 17:08:21 [main] INFO  org.utils.qa.Log - ================================================
2026-05-134 17:08:21 [main] INFO  org.utils.qa.Log - TEST CASE STARTED : TC_004
2026-05-134 17:08:21 [main] INFO  org.utils.qa.Log - SCENARIO : Verify login functionality with invalid email and invalid password 
2026-05-134 17:08:21 [main] INFO  org.utils.qa.Log - TEST TYPE : negative
2026-05-134 17:08:25 [main] INFO  org.utils.qa.Log - TEST PASSED : TC_004
2026-05-134 17:08:25 [main] INFO  org.utils.qa.Log - ================================================
2026-05-134 17:08:25 [main] INFO  org.utils.qa.Log - Browser closed
2026-05-134 17:08:29 [main] INFO  org.utils.qa.Log - Browser launched successfully
2026-05-134 17:08:29 [main] INFO  org.utils.qa.Log - ================================================
2026-05-134 17:08:29 [main] INFO  org.utils.qa.Log - TEST CASE STARTED : TC_005
2026-05-134 17:08:29 [main] INFO  org.utils.qa.Log - SCENARIO : Verify validation when password field is left empty
2026-05-134 17:08:29 [main] INFO  org.utils.qa.Log - TEST TYPE : validation
2026-05-134 17:08:32 [main] INFO  org.utils.qa.Log - TEST PASSED : TC_005
2026-05-134 17:08:32 [main] INFO  org.utils.qa.Log - ================================================
2026-05-134 17:08:32 [main] INFO  org.utils.qa.Log - Browser closed
2026-05-134 17:08:36 [main] INFO  org.utils.qa.Log - Browser launched successfully
2026-05-134 17:08:36 [main] INFO  org.utils.qa.Log - ================================================
2026-05-134 17:08:36 [main] INFO  org.utils.qa.Log - TEST CASE STARTED : TC_006
2026-05-134 17:08:36 [main] INFO  org.utils.qa.Log - SCENARIO : Verify validation when email field is left empty
2026-05-134 17:08:36 [main] INFO  org.utils.qa.Log - TEST TYPE : validation
2026-05-134 17:08:38 [main] INFO  org.utils.qa.Log - TEST PASSED : TC_006
2026-05-134 17:08:38 [main] INFO  org.utils.qa.Log - ================================================
2026-05-134 17:08:38 [main] INFO  org.utils.qa.Log - Browser closed
2026-05-134 17:08:42 [main] INFO  org.utils.qa.Log - Browser launched successfully
2026-05-134 17:08:42 [main] INFO  org.utils.qa.Log - ================================================
2026-05-134 17:08:42 [main] INFO  org.utils.qa.Log - TEST CASE STARTED : TC_007
2026-05-134 17:08:42 [main] INFO  org.utils.qa.Log - SCENARIO : Verify validation when both email and password fields are left empty
2026-05-134 17:08:42 [main] INFO  org.utils.qa.Log - TEST TYPE : validation
2026-05-134 17:08:45 [main] INFO  org.utils.qa.Log - TEST PASSED : TC_007
2026-05-134 17:08:45 [main] INFO  org.utils.qa.Log - ================================================
2026-05-134 17:08:45 [main] INFO  org.utils.qa.Log - Browser closed
2026-05-134 17:08:49 [main] INFO  org.utils.qa.Log - Browser launched successfully
2026-05-134 17:08:49 [main] INFO  org.utils.qa.Log - ================================================
2026-05-134 17:08:49 [main] INFO  org.utils.qa.Log - TEST CASE STARTED : TC_008
2026-05-134 17:08:49 [main] INFO  org.utils.qa.Log - SCENARIO : Verify login with invalid email format
2026-05-134 17:08:49 [main] INFO  org.utils.qa.Log - TEST TYPE : validation
2026-05-134 17:08:51 [main] ERROR org.utils.qa.Log - TEST FAILED : TC_008
2026-05-134 17:08:51 [main] ERROR org.utils.qa.Log - ASSERTION FAILED : FAILED: Validation message not displayed for TC_008 expected [true] but found [false]
2026-05-134 17:08:51 [main] INFO  org.utils.qa.Log - Browser closed
2026-05-134 17:08:55 [main] INFO  org.utils.qa.Log - Browser launched successfully
2026-05-134 17:08:55 [main] INFO  org.utils.qa.Log - ================================================
2026-05-134 17:08:55 [main] INFO  org.utils.qa.Log - TEST CASE STARTED : TC_009
2026-05-134 17:08:55 [main] INFO  org.utils.qa.Log - SCENARIO : Verify login with password below minimum character limit
2026-05-134 17:08:55 [main] INFO  org.utils.qa.Log - TEST TYPE : boundary
2026-05-134 17:08:58 [main] INFO  org.utils.qa.Log - TEST PASSED : TC_009
2026-05-134 17:08:58 [main] INFO  org.utils.qa.Log - ================================================
2026-05-134 17:08:58 [main] INFO  org.utils.qa.Log - Browser closed
2026-05-134 17:09:02 [main] INFO  org.utils.qa.Log - Browser launched successfully
2026-05-134 17:09:02 [main] INFO  org.utils.qa.Log - ================================================
2026-05-134 17:09:02 [main] INFO  org.utils.qa.Log - TEST CASE STARTED : TC_010
2026-05-134 17:09:02 [main] INFO  org.utils.qa.Log - SCENARIO : Verify login with password exceeding maximum allowed character limit
2026-05-134 17:09:02 [main] INFO  org.utils.qa.Log - TEST TYPE : boundary
2026-05-134 17:09:05 [main] INFO  org.utils.qa.Log - TEST PASSED : TC_010
2026-05-134 17:09:05 [main] INFO  org.utils.qa.Log - ================================================
2026-05-134 17:09:05 [main] INFO  org.utils.qa.Log - Browser closed
2026-05-134 17:09:10 [main] INFO  org.utils.qa.Log - Browser launched successfully
2026-05-134 17:09:10 [main] INFO  org.utils.qa.Log - ================================================
2026-05-134 17:09:10 [main] INFO  org.utils.qa.Log - TEST CASE STARTED : TC_011
2026-05-134 17:09:10 [main] INFO  org.utils.qa.Log - SCENARIO : Verify application security against SQL Injection attack
2026-05-134 17:09:10 [main] INFO  org.utils.qa.Log - TEST TYPE : security
2026-05-134 17:09:13 [main] INFO  org.utils.qa.Log - TEST PASSED : TC_011
2026-05-134 17:09:13 [main] INFO  org.utils.qa.Log - ================================================
2026-05-134 17:09:13 [main] INFO  org.utils.qa.Log - Browser closed
2026-05-134 17:09:18 [main] INFO  org.utils.qa.Log - Browser launched successfully
2026-05-134 17:09:18 [main] INFO  org.utils.qa.Log - ================================================
2026-05-134 17:09:18 [main] INFO  org.utils.qa.Log - TEST CASE STARTED : TC_012
2026-05-134 17:09:18 [main] INFO  org.utils.qa.Log - SCENARIO : Verify successful login after previous failed login attempts
2026-05-134 17:09:18 [main] INFO  org.utils.qa.Log - TEST TYPE : regression
2026-05-134 17:09:23 [main] INFO  org.utils.qa.Log - TEST PASSED : TC_012
2026-05-134 17:09:23 [main] INFO  org.utils.qa.Log - ================================================
2026-05-134 17:09:23 [main] INFO  org.utils.qa.Log - Browser closed
2026-05-134 17:09:27 [main] INFO  org.utils.qa.Log - Browser launched successfully
2026-05-134 17:09:27 [main] INFO  org.utils.qa.Log - ================================================
2026-05-134 17:09:27 [main] INFO  org.utils.qa.Log - TEST CASE STARTED : TC_013
2026-05-134 17:09:27 [main] INFO  org.utils.qa.Log - SCENARIO : Verify Enter key login
2026-05-134 17:09:27 [main] INFO  org.utils.qa.Log - TEST TYPE : usability
2026-05-134 17:09:34 [main] INFO  org.utils.qa.Log - TEST PASSED : TC_013
2026-05-134 17:09:34 [main] INFO  org.utils.qa.Log - ================================================
2026-05-134 17:09:35 [main] INFO  org.utils.qa.Log - Browser closed
2026-05-134 17:09:39 [main] INFO  org.utils.qa.Log - Browser launched successfully
2026-05-134 17:09:39 [main] INFO  org.utils.qa.Log - ================================================
2026-05-134 17:09:39 [main] INFO  org.utils.qa.Log - TEST CASE STARTED : TC_014
2026-05-134 17:09:39 [main] INFO  org.utils.qa.Log - SCENARIO : Verify Forgot Password functionality
2026-05-134 17:09:39 [main] INFO  org.utils.qa.Log - TEST TYPE : bug
2026-05-134 17:09:40 [main] ERROR org.utils.qa.Log - TEST FAILED : TC_014
2026-05-134 17:09:40 [main] ERROR org.utils.qa.Log - ASSERTION FAILED : Forgot Password feature not implemented
2026-05-134 17:09:41 [main] INFO  org.utils.qa.Log - Browser closed
2026-05-134 17:09:41 [main] INFO  org.testng.internal.Utils - [TestNG] Time taken by org.testng.reporters.jq.Main@37083af6: 39 ms
2026-05-134 17:09:41 [main] INFO  org.testng.internal.Utils - [TestNG] Time taken by org.testng.reporters.FailedReporter@366b4a7b: 9 ms
2026-05-134 17:09:41 [main] INFO  org.testng.internal.Utils - [TestNG] Time taken by org.testng.reporters.XMLReporter@6bf28f61: 13 ms
2026-05-134 17:09:41 [main] INFO  org.testng.internal.Utils - [TestNG] Time taken by org.testng.reporters.EmailableReporter2@1e01b195: 6 ms
2026-05-134 17:09:41 [main] INFO  org.testng.internal.Utils - [TestNG] Time taken by org.testng.reporters.JUnitReportReporter@5016f1a: 6 ms
2026-05-134 17:09:41 [main] INFO  org.testng.internal.Utils - [TestNG] Time taken by org.testng.internal.ExitCodeListener@33bfe6d3: 0 ms
2026-05-134 18:12:37 [main] INFO  org.testng.internal.Utils - [Utils] MethodGroupsHelper.collectMethodsByGroup() took 4 ms.
2026-05-134 18:12:37 [main] INFO  org.testng.internal.Utils - [Utils] MethodGroupsHelper.sortMethods() took 7 ms.
2026-05-134 18:12:37 [main] INFO  org.testng.internal.Utils - [Utils] MethodGroupsHelper.collectMethodsByGroup() took 1 ms.
2026-05-134 18:12:37 [main] INFO  org.testng.internal.Utils - [Utils] MethodGroupsHelper.sortMethods() took 0 ms.
2026-05-134 18:12:37 [main] INFO  org.testng.internal.Utils - [Utils] MethodGroupsHelper.collectMethodsByGroup() took 0 ms.
2026-05-134 18:12:37 [main] INFO  org.testng.internal.Utils - [Utils] MethodGroupsHelper.sortMethods() took 0 ms.
2026-05-134 18:12:37 [main] INFO  org.testng.internal.Utils - [Utils] MethodGroupsHelper.collectMethodsByGroup() took 0 ms.
2026-05-134 18:12:37 [main] INFO  org.testng.internal.Utils - [Utils] MethodGroupsHelper.sortMethods() took 0 ms.
2026-05-134 18:12:37 [main] INFO  org.testng.internal.Utils - [Utils] MethodGroupsHelper.collectMethodsByGroup() took 0 ms.
2026-05-134 18:12:37 [main] INFO  org.testng.internal.Utils - [Utils] MethodGroupsHelper.sortMethods() took 0 ms.
2026-05-134 18:12:37 [main] INFO  org.testng.internal.Utils - [Utils] MethodGroupsHelper.collectMethodsByGroup() took 0 ms.
2026-05-134 18:12:37 [main] INFO  org.testng.internal.Utils - [Utils] MethodGroupsHelper.sortMethods() took 0 ms.
2026-05-134 18:12:37 [main] INFO  org.testng.internal.Utils - [Utils] MethodGroupsHelper.collectMethodsByGroup() took 0 ms.
2026-05-134 18:12:37 [main] INFO  org.testng.internal.Utils - [Utils] MethodGroupsHelper.sortMethods() took 0 ms.
2026-05-134 18:12:37 [main] INFO  org.testng.internal.Utils - [Utils] MethodGroupsHelper.collectMethodsByGroup() took 0 ms.
2026-05-134 18:12:37 [main] INFO  org.testng.internal.Utils - [Utils] MethodGroupsHelper.sortMethods() took 0 ms.
2026-05-134 18:12:37 [main] INFO  org.testng.internal.Utils - [Utils] MethodGroupsHelper.collectMethodsByGroup() took 0 ms.
2026-05-134 18:12:37 [main] INFO  org.testng.internal.Utils - [Utils] MethodGroupsHelper.sortMethods() took 10 ms.
2026-05-134 18:12:37 [main] INFO  org.testng.internal.Utils - [Utils] MethodGroupsHelper.collectMethodsByGroup() took 0 ms.
2026-05-134 18:12:37 [main] INFO  org.testng.internal.Utils - [Utils] MethodGroupsHelper.sortMethods() took 0 ms.
2026-05-134 18:12:37 [main] INFO  org.testng.internal.Utils - [Utils] MethodGroupsHelper.collectMethodsByGroup() took 0 ms.
2026-05-134 18:12:37 [main] INFO  org.testng.internal.Utils - [Utils] MethodGroupsHelper.sortMethods() took 0 ms.
2026-05-134 18:12:37 [main] INFO  org.testng.internal.Utils - [Utils] MethodGroupsHelper.collectMethodsByGroup() took 0 ms.
2026-05-134 18:12:37 [main] INFO  org.testng.internal.Utils - [Utils] MethodGroupsHelper.sortMethods() took 0 ms.
2026-05-134 18:12:37 [main] INFO  org.testng.internal.Utils - [Utils] MethodGroupsHelper.collectMethodsByGroup() took 0 ms.
2026-05-134 18:12:37 [main] INFO  org.testng.internal.Utils - [Utils] MethodGroupsHelper.sortMethods() took 0 ms.
2026-05-134 18:12:37 [main] INFO  org.testng.internal.Utils - [Utils] MethodGroupsHelper.collectMethodsByGroup() took 0 ms.
2026-05-134 18:12:37 [main] INFO  org.testng.internal.Utils - [Utils] MethodGroupsHelper.sortMethods() took 0 ms.
2026-05-134 18:12:37 [main] INFO  org.testng.internal.Utils - [Utils] MethodGroupsHelper.collectMethodsByGroup() took 1 ms.
2026-05-134 18:12:37 [main] INFO  org.testng.internal.Utils - [Utils] MethodGroupsHelper.sortMethods() took 0 ms.
2026-05-134 18:12:37 [main] INFO  org.testng.internal.Utils - [TestNG] Running:
  C:\Users\Siddhi\AppData\Local\Temp\testng-eclipse--843884930\testng-customsuite.xml

2026-05-134 18:12:37 [main] INFO  org.testng.internal.Utils - [Utils] DynamicGraphHelper.createDynamicGraph() took 3 ms.
2026-05-134 18:12:37 [main] ERROR org.testng.internal.Utils - [Error] java.lang.NullPointerException: Cannot invoke &quot;org.apache.poi.ss.usermodel.Sheet.getLastRowNum()&quot; because &quot;org.utils.qa.ExcelUtility.sheet&quot; is null
	at org.utils.qa.ExcelUtility.getExcelData(ExcelUtility.java:22)
	at org.test.qa.HomePageTest.getHomeData(HomePageTest.java:162)
	at java.base/jdk.internal.reflect.DirectMethodHandleAccessor.invoke(DirectMethodHandleAccessor.java:103)
	at java.base/java.lang.reflect.Method.invoke(Method.java:580)
	at org.testng.internal.invokers.MethodInvocationHelper.invokeMethod(MethodInvocationHelper.java:141)
	at org.testng.internal.invokers.MethodInvocationHelper.invokeMethod(MethodInvocationHelper.java:86)
	at org.testng.internal.invokers.MethodInvocationHelper.invokeMethodNoCheckedException(MethodInvocationHelper.java:54)
	at org.testng.internal.invokers.MethodInvocationHelper.invokeDataProvider(MethodInvocationHelper.java:159)
	at org.testng.internal.Parameters.handleParameters(Parameters.java:809)
	at org.testng.internal.Parameters.handleParameters(Parameters.java:734)
	at org.testng.internal.invokers.ParameterHandler.handleParameters(ParameterHandler.java:72)
	at org.testng.internal.invokers.ParameterHandler.createParameters(ParameterHandler.java:51)
	at org.testng.internal.invokers.TestInvoker$MethodInvocationAgent.invoke(TestInvoker.java:949)
	at org.testng.internal.invokers.TestInvoker.invokeTestMethods(TestInvoker.java:203)
	at org.testng.internal.invokers.TestMethodWorker.invokeTestMethods(TestMethodWorker.java:154)
	at org.testng.internal.invokers.TestMethodWorker.run(TestMethodWorker.java:134)
	at java.base/java.util.ArrayList.forEach(ArrayList.java:1596)
	at org.testng.TestRunner.privateRun(TestRunner.java:741)
	at org.testng.TestRunner.run(TestRunner.java:616)
	at org.testng.SuiteRunner.runTest(SuiteRunner.java:421)
	at org.testng.SuiteRunner.runSequentially(SuiteRunner.java:413)
	at org.testng.SuiteRunner.privateRun(SuiteRunner.java:373)
	at org.testng.SuiteRunner.run(SuiteRunner.java:312)
	at org.testng.SuiteRunnerWorker.runSuite(SuiteRunnerWorker.java:52)
	at org.testng.SuiteRunnerWorker.run(SuiteRunnerWorker.java:95)
	at org.testng.TestNG.runSuitesSequentially(TestNG.java:1274)
	at org.testng.TestNG.runSuitesLocally(TestNG.java:1208)
	at org.testng.TestNG.runSuites(TestNG.java:1112)
	at org.testng.TestNG.run(TestNG.java:1079)
	at org.testng.remote.AbstractRemoteTestNG.run(AbstractRemoteTestNG.java:115)
	at org.testng.remote.RemoteTestNG.initAndRun(RemoteTestNG.java:293)
	at org.testng.remote.RemoteTestNG.main(RemoteTestNG.java:91)

2026-05-134 18:12:38 [main] INFO  org.testng.internal.Utils - [TestNG] Time taken by org.testng.reporters.jq.Main@43d9f1a2: 40 ms
2026-05-134 18:12:38 [main] INFO  org.testng.internal.Utils - [TestNG] Time taken by org.testng.reporters.FailedReporter@1c8f6a90: 9 ms
2026-05-134 18:12:38 [main] INFO  org.testng.internal.Utils - [TestNG] Time taken by org.testng.reporters.XMLReporter@3722c145: 5 ms
2026-05-134 18:12:38 [main] INFO  org.testng.internal.Utils - [TestNG] Time taken by org.testng.reporters.EmailableReporter2@4d18b73a: 4 ms
2026-05-134 18:12:38 [main] INFO  org.testng.internal.Utils - [TestNG] Time taken by org.testng.reporters.JUnitReportReporter@5578be42: 6 ms
2026-05-134 18:12:38 [main] INFO  org.testng.internal.Utils - [TestNG] Time taken by org.testng.internal.ExitCodeListener@4e49ce2b: 0 ms
2026-05-134 18:13:15 [main] INFO  org.testng.internal.Utils - [Utils] MethodGroupsHelper.collectMethodsByGroup() took 4 ms.
2026-05-134 18:13:15 [main] INFO  org.testng.internal.Utils - [Utils] MethodGroupsHelper.sortMethods() took 8 ms.
2026-05-134 18:13:15 [main] INFO  org.testng.internal.Utils - [Utils] MethodGroupsHelper.collectMethodsByGroup() took 0 ms.
2026-05-134 18:13:15 [main] INFO  org.testng.internal.Utils - [Utils] MethodGroupsHelper.sortMethods() took 0 ms.
2026-05-134 18:13:15 [main] INFO  org.testng.internal.Utils - [Utils] MethodGroupsHelper.collectMethodsByGroup() took 0 ms.
2026-05-134 18:13:15 [main] INFO  org.testng.internal.Utils - [Utils] MethodGroupsHelper.sortMethods() took 0 ms.
2026-05-134 18:13:15 [main] INFO  org.testng.internal.Utils - [Utils] MethodGroupsHelper.collectMethodsByGroup() took 0 ms.
2026-05-134 18:13:15 [main] INFO  org.testng.internal.Utils - [Utils] MethodGroupsHelper.sortMethods() took 0 ms.
2026-05-134 18:13:15 [main] INFO  org.testng.internal.Utils - [Utils] MethodGroupsHelper.collectMethodsByGroup() took 0 ms.
2026-05-134 18:13:15 [main] INFO  org.testng.internal.Utils - [Utils] MethodGroupsHelper.sortMethods() took 0 ms.
2026-05-134 18:13:15 [main] INFO  org.testng.internal.Utils - [Utils] MethodGroupsHelper.collectMethodsByGroup() took 0 ms.
2026-05-134 18:13:15 [main] INFO  org.testng.internal.Utils - [Utils] MethodGroupsHelper.sortMethods() took 0 ms.
2026-05-134 18:13:15 [main] INFO  org.testng.internal.Utils - [Utils] MethodGroupsHelper.collectMethodsByGroup() took 0 ms.
2026-05-134 18:13:15 [main] INFO  org.testng.internal.Utils - [Utils] MethodGroupsHelper.sortMethods() took 0 ms.
2026-05-134 18:13:15 [main] INFO  org.testng.internal.Utils - [Utils] MethodGroupsHelper.collectMethodsByGroup() took 0 ms.
2026-05-134 18:13:15 [main] INFO  org.testng.internal.Utils - [Utils] MethodGroupsHelper.sortMethods() took 0 ms.
2026-05-134 18:13:15 [main] INFO  org.testng.internal.Utils - [Utils] MethodGroupsHelper.collectMethodsByGroup() took 0 ms.
2026-05-134 18:13:15 [main] INFO  org.testng.internal.Utils - [Utils] MethodGroupsHelper.sortMethods() took 10 ms.
2026-05-134 18:13:15 [main] INFO  org.testng.internal.Utils - [Utils] MethodGroupsHelper.collectMethodsByGroup() took 1 ms.
2026-05-134 18:13:15 [main] INFO  org.testng.internal.Utils - [Utils] MethodGroupsHelper.sortMethods() took 0 ms.
2026-05-134 18:13:15 [main] INFO  org.testng.internal.Utils - [Utils] MethodGroupsHelper.collectMethodsByGroup() took 0 ms.
2026-05-134 18:13:15 [main] INFO  org.testng.internal.Utils - [Utils] MethodGroupsHelper.sortMethods() took 1 ms.
2026-05-134 18:13:15 [main] INFO  org.testng.internal.Utils - [Utils] MethodGroupsHelper.collectMethodsByGroup() took 0 ms.
2026-05-134 18:13:15 [main] INFO  org.testng.internal.Utils - [Utils] MethodGroupsHelper.sortMethods() took 0 ms.
2026-05-134 18:13:15 [main] INFO  org.testng.internal.Utils - [Utils] MethodGroupsHelper.collectMethodsByGroup() took 0 ms.
2026-05-134 18:13:15 [main] INFO  org.testng.internal.Utils - [Utils] MethodGroupsHelper.sortMethods() took 0 ms.
2026-05-134 18:13:15 [main] INFO  org.testng.internal.Utils - [Utils] MethodGroupsHelper.collectMethodsByGroup() took 0 ms.
2026-05-134 18:13:15 [main] INFO  org.testng.internal.Utils - [Utils] MethodGroupsHelper.sortMethods() took 0 ms.
2026-05-134 18:13:15 [main] INFO  org.testng.internal.Utils - [Utils] MethodGroupsHelper.collectMethodsByGroup() took 0 ms.
2026-05-134 18:13:15 [main] INFO  org.testng.internal.Utils - [Utils] MethodGroupsHelper.sortMethods() took 0 ms.
2026-05-134 18:13:15 [main] INFO  org.testng.internal.Utils - [TestNG] Running:
  C:\Users\Siddhi\AppData\Local\Temp\testng-eclipse-932747573\testng-customsuite.xml

2026-05-134 18:13:15 [main] INFO  org.testng.internal.Utils - [Utils] DynamicGraphHelper.createDynamicGraph() took 2 ms.
2026-05-134 18:13:16 [main] ERROR org.testng.internal.Utils - [Error] java.lang.NullPointerException: Cannot invoke &quot;org.apache.poi.ss.usermodel.Sheet.getLastRowNum()&quot; because &quot;org.utils.qa.ExcelUtility.sheet&quot; is null
	at org.utils.qa.ExcelUtility.getExcelData(ExcelUtility.java:22)
	at org.test.qa.HomePageTest.getHomeData(HomePageTest.java:162)
	at java.base/jdk.internal.reflect.DirectMethodHandleAccessor.invoke(DirectMethodHandleAccessor.java:103)
	at java.base/java.lang.reflect.Method.invoke(Method.java:580)
	at org.testng.internal.invokers.MethodInvocationHelper.invokeMethod(MethodInvocationHelper.java:141)
	at org.testng.internal.invokers.MethodInvocationHelper.invokeMethod(MethodInvocationHelper.java:86)
	at org.testng.internal.invokers.MethodInvocationHelper.invokeMethodNoCheckedException(MethodInvocationHelper.java:54)
	at org.testng.internal.invokers.MethodInvocationHelper.invokeDataProvider(MethodInvocationHelper.java:159)
	at org.testng.internal.Parameters.handleParameters(Parameters.java:809)
	at org.testng.internal.Parameters.handleParameters(Parameters.java:734)
	at org.testng.internal.invokers.ParameterHandler.handleParameters(ParameterHandler.java:72)
	at org.testng.internal.invokers.ParameterHandler.createParameters(ParameterHandler.java:51)
	at org.testng.internal.invokers.TestInvoker$MethodInvocationAgent.invoke(TestInvoker.java:949)
	at org.testng.internal.invokers.TestInvoker.invokeTestMethods(TestInvoker.java:203)
	at org.testng.internal.invokers.TestMethodWorker.invokeTestMethods(TestMethodWorker.java:154)
	at org.testng.internal.invokers.TestMethodWorker.run(TestMethodWorker.java:134)
	at java.base/java.util.ArrayList.forEach(ArrayList.java:1596)
	at org.testng.TestRunner.privateRun(TestRunner.java:741)
	at org.testng.TestRunner.run(TestRunner.java:616)
	at org.testng.SuiteRunner.runTest(SuiteRunner.java:421)
	at org.testng.SuiteRunner.runSequentially(SuiteRunner.java:413)
	at org.testng.SuiteRunner.privateRun(SuiteRunner.java:373)
	at org.testng.SuiteRunner.run(SuiteRunner.java:312)
	at org.testng.SuiteRunnerWorker.runSuite(SuiteRunnerWorker.java:52)
	at org.testng.SuiteRunnerWorker.run(SuiteRunnerWorker.java:95)
	at org.testng.TestNG.runSuitesSequentially(TestNG.java:1274)
	at org.testng.TestNG.runSuitesLocally(TestNG.java:1208)
	at org.testng.TestNG.runSuites(TestNG.java:1112)
	at org.testng.TestNG.run(TestNG.java:1079)
	at org.testng.remote.AbstractRemoteTestNG.run(AbstractRemoteTestNG.java:115)
	at org.testng.remote.RemoteTestNG.initAndRun(RemoteTestNG.java:293)
	at org.testng.remote.RemoteTestNG.main(RemoteTestNG.java:91)

2026-05-134 18:13:16 [main] INFO  org.testng.internal.Utils - [TestNG] Time taken by org.testng.reporters.jq.Main@43d9f1a2: 35 ms
2026-05-134 18:13:16 [main] INFO  org.testng.internal.Utils - [TestNG] Time taken by org.testng.reporters.FailedReporter@1c8f6a90: 8 ms
2026-05-134 18:13:16 [main] INFO  org.testng.internal.Utils - [TestNG] Time taken by org.testng.reporters.XMLReporter@3722c145: 5 ms
2026-05-134 18:13:16 [main] INFO  org.testng.internal.Utils - [TestNG] Time taken by org.testng.reporters.EmailableReporter2@4d18b73a: 3 ms
2026-05-134 18:13:16 [main] INFO  org.testng.internal.Utils - [TestNG] Time taken by org.testng.reporters.JUnitReportReporter@5578be42: 3 ms
2026-05-134 18:13:16 [main] INFO  org.testng.internal.Utils - [TestNG] Time taken by org.testng.internal.ExitCodeListener@4e49ce2b: 0 ms
2026-05-134 18:22:44 [main] INFO  org.testng.internal.Utils - [Utils] MethodGroupsHelper.collectMethodsByGroup() took 4 ms.
2026-05-134 18:22:44 [main] INFO  org.testng.internal.Utils - [Utils] MethodGroupsHelper.sortMethods() took 7 ms.
2026-05-134 18:22:44 [main] INFO  org.testng.internal.Utils - [Utils] MethodGroupsHelper.collectMethodsByGroup() took 0 ms.
2026-05-134 18:22:44 [main] INFO  org.testng.internal.Utils - [Utils] MethodGroupsHelper.sortMethods() took 0 ms.
2026-05-134 18:22:44 [main] INFO  org.testng.internal.Utils - [Utils] MethodGroupsHelper.collectMethodsByGroup() took 0 ms.
2026-05-134 18:22:44 [main] INFO  org.testng.internal.Utils - [Utils] MethodGroupsHelper.sortMethods() took 0 ms.
2026-05-134 18:22:44 [main] INFO  org.testng.internal.Utils - [Utils] MethodGroupsHelper.collectMethodsByGroup() took 0 ms.
2026-05-134 18:22:44 [main] INFO  org.testng.internal.Utils - [Utils] MethodGroupsHelper.sortMethods() took 0 ms.
2026-05-134 18:22:44 [main] INFO  org.testng.internal.Utils - [Utils] MethodGroupsHelper.collectMethodsByGroup() took 0 ms.
2026-05-134 18:22:44 [main] INFO  org.testng.internal.Utils - [Utils] MethodGroupsHelper.sortMethods() took 0 ms.
2026-05-134 18:22:44 [main] INFO  org.testng.internal.Utils - [Utils] MethodGroupsHelper.collectMethodsByGroup() took 0 ms.
2026-05-134 18:22:44 [main] INFO  org.testng.internal.Utils - [Utils] MethodGroupsHelper.sortMethods() took 0 ms.
2026-05-134 18:22:44 [main] INFO  org.testng.internal.Utils - [Utils] MethodGroupsHelper.collectMethodsByGroup() took 0 ms.
2026-05-134 18:22:44 [main] INFO  org.testng.internal.Utils - [Utils] MethodGroupsHelper.sortMethods() took 0 ms.
2026-05-134 18:22:44 [main] INFO  org.testng.internal.Utils - [Utils] MethodGroupsHelper.collectMethodsByGroup() took 0 ms.
2026-05-134 18:22:44 [main] INFO  org.testng.internal.Utils - [Utils] MethodGroupsHelper.sortMethods() took 0 ms.
2026-05-134 18:22:44 [main] INFO  org.testng.internal.Utils - [Utils] MethodGroupsHelper.collectMethodsByGroup() took 0 ms.
2026-05-134 18:22:44 [main] INFO  org.testng.internal.Utils - [Utils] MethodGroupsHelper.sortMethods() took 10 ms.
2026-05-134 18:22:44 [main] INFO  org.testng.internal.Utils - [Utils] MethodGroupsHelper.collectMethodsByGroup() took 1 ms.
2026-05-134 18:22:44 [main] INFO  org.testng.internal.Utils - [Utils] MethodGroupsHelper.sortMethods() took 0 ms.
2026-05-134 18:22:45 [main] INFO  org.testng.internal.Utils - [Utils] MethodGroupsHelper.collectMethodsByGroup() took 0 ms.
2026-05-134 18:22:45 [main] INFO  org.testng.internal.Utils - [Utils] MethodGroupsHelper.sortMethods() took 0 ms.
2026-05-134 18:22:45 [main] INFO  org.testng.internal.Utils - [Utils] MethodGroupsHelper.collectMethodsByGroup() took 0 ms.
2026-05-134 18:22:45 [main] INFO  org.testng.internal.Utils - [Utils] MethodGroupsHelper.sortMethods() took 0 ms.
2026-05-134 18:22:45 [main] INFO  org.testng.internal.Utils - [Utils] MethodGroupsHelper.collectMethodsByGroup() took 1 ms.
2026-05-134 18:22:45 [main] INFO  org.testng.internal.Utils - [Utils] MethodGroupsHelper.sortMethods() took 0 ms.
2026-05-134 18:22:45 [main] INFO  org.testng.internal.Utils - [Utils] MethodGroupsHelper.collectMethodsByGroup() took 0 ms.
2026-05-134 18:22:45 [main] INFO  org.testng.internal.Utils - [Utils] MethodGroupsHelper.sortMethods() took 0 ms.
2026-05-134 18:22:45 [main] INFO  org.testng.internal.Utils - [Utils] MethodGroupsHelper.collectMethodsByGroup() took 0 ms.
2026-05-134 18:22:45 [main] INFO  org.testng.internal.Utils - [Utils] MethodGroupsHelper.sortMethods() took 0 ms.
2026-05-134 18:22:45 [main] INFO  org.testng.internal.Utils - [TestNG] Running:
  C:\Users\Siddhi\AppData\Local\Temp\testng-eclipse-2106643827\testng-customsuite.xml

2026-05-134 18:22:45 [main] INFO  org.testng.internal.Utils - [Utils] DynamicGraphHelper.createDynamicGraph() took 2 ms.
2026-05-134 18:22:45 [main] ERROR org.testng.internal.Utils - [Error] org.testng.TestNGException: 
Some DataProvider public java.lang.Object[][] org.test.qa.HomePageTest.getHomeData(java.lang.String) throws java.lang.Exception parameters unresolved:  at 0 type class java.lang.String

	at org.testng.internal.invokers.MethodInvocationHelper.getParameters(MethodInvocationHelper.java:239)
	at org.testng.internal.invokers.MethodInvocationHelper.invokeDataProvider(MethodInvocationHelper.java:158)
	at org.testng.internal.Parameters.handleParameters(Parameters.java:809)
	at org.testng.internal.Parameters.handleParameters(Parameters.java:734)
	at org.testng.internal.invokers.ParameterHandler.handleParameters(ParameterHandler.java:72)
	at org.testng.internal.invokers.ParameterHandler.createParameters(ParameterHandler.java:51)
	at org.testng.internal.invokers.TestInvoker$MethodInvocationAgent.invoke(TestInvoker.java:949)
	at org.testng.internal.invokers.TestInvoker.invokeTestMethods(TestInvoker.java:203)
	at org.testng.internal.invokers.TestMethodWorker.invokeTestMethods(TestMethodWorker.java:154)
	at org.testng.internal.invokers.TestMethodWorker.run(TestMethodWorker.java:134)
	at java.base/java.util.ArrayList.forEach(ArrayList.java:1596)
	at org.testng.TestRunner.privateRun(TestRunner.java:741)
	at org.testng.TestRunner.run(TestRunner.java:616)
	at org.testng.SuiteRunner.runTest(SuiteRunner.java:421)
	at org.testng.SuiteRunner.runSequentially(SuiteRunner.java:413)
	at org.testng.SuiteRunner.privateRun(SuiteRunner.java:373)
	at org.testng.SuiteRunner.run(SuiteRunner.java:312)
	at org.testng.SuiteRunnerWorker.runSuite(SuiteRunnerWorker.java:52)
	at org.testng.SuiteRunnerWorker.run(SuiteRunnerWorker.java:95)
	at org.testng.TestNG.runSuitesSequentially(TestNG.java:1274)
	at org.testng.TestNG.runSuitesLocally(TestNG.java:1208)
	at org.testng.TestNG.runSuites(TestNG.java:1112)
	at org.testng.TestNG.run(TestNG.java:1079)
	at org.testng.remote.AbstractRemoteTestNG.run(AbstractRemoteTestNG.java:115)
	at org.testng.remote.RemoteTestNG.initAndRun(RemoteTestNG.java:293)
	at org.testng.remote.RemoteTestNG.main(RemoteTestNG.java:91)

2026-05-134 18:22:45 [main] INFO  org.testng.internal.Utils - [TestNG] Time taken by org.testng.reporters.jq.Main@5f80fa43: 46 ms
2026-05-134 18:22:45 [main] INFO  org.testng.internal.Utils - [TestNG] Time taken by org.testng.reporters.FailedReporter@2679311f: 9 ms
2026-05-134 18:22:45 [main] INFO  org.testng.internal.Utils - [TestNG] Time taken by org.testng.reporters.XMLReporter@377008df: 5 ms
2026-05-134 18:22:45 [main] INFO  org.testng.internal.Utils - [TestNG] Time taken by org.testng.reporters.EmailableReporter2@6818d900: 5 ms
2026-05-134 18:22:45 [main] INFO  org.testng.internal.Utils - [TestNG] Time taken by org.testng.reporters.JUnitReportReporter@6dcd5639: 7 ms
2026-05-134 18:22:45 [main] INFO  org.testng.internal.Utils - [TestNG] Time taken by org.testng.internal.ExitCodeListener@3b36e000: 0 ms
2026-05-134 18:25:42 [main] INFO  org.testng.internal.Utils - [Utils] MethodGroupsHelper.collectMethodsByGroup() took 11 ms.
2026-05-134 18:25:43 [main] INFO  org.testng.internal.Utils - [Utils] MethodGroupsHelper.sortMethods() took 12 ms.
2026-05-134 18:25:43 [main] INFO  org.testng.internal.Utils - [Utils] MethodGroupsHelper.collectMethodsByGroup() took 0 ms.
2026-05-134 18:25:43 [main] INFO  org.testng.internal.Utils - [Utils] MethodGroupsHelper.sortMethods() took 0 ms.
2026-05-134 18:25:43 [main] INFO  org.testng.internal.Utils - [Utils] MethodGroupsHelper.collectMethodsByGroup() took 0 ms.
2026-05-134 18:25:43 [main] INFO  org.testng.internal.Utils - [Utils] MethodGroupsHelper.sortMethods() took 0 ms.
2026-05-134 18:25:43 [main] INFO  org.testng.internal.Utils - [Utils] MethodGroupsHelper.collectMethodsByGroup() took 0 ms.
2026-05-134 18:25:43 [main] INFO  org.testng.internal.Utils - [Utils] MethodGroupsHelper.sortMethods() took 0 ms.
2026-05-134 18:25:43 [main] INFO  org.testng.internal.Utils - [Utils] MethodGroupsHelper.collectMethodsByGroup() took 0 ms.
2026-05-134 18:25:43 [main] INFO  org.testng.internal.Utils - [Utils] MethodGroupsHelper.sortMethods() took 0 ms.
2026-05-134 18:25:43 [main] INFO  org.testng.internal.Utils - [Utils] MethodGroupsHelper.collectMethodsByGroup() took 0 ms.
2026-05-134 18:25:43 [main] INFO  org.testng.internal.Utils - [Utils] MethodGroupsHelper.sortMethods() took 0 ms.
2026-05-134 18:25:43 [main] INFO  org.testng.internal.Utils - [Utils] MethodGroupsHelper.collectMethodsByGroup() took 0 ms.
2026-05-134 18:25:43 [main] INFO  org.testng.internal.Utils - [Utils] MethodGroupsHelper.sortMethods() took 0 ms.
2026-05-134 18:25:43 [main] INFO  org.testng.internal.Utils - [Utils] MethodGroupsHelper.collectMethodsByGroup() took 0 ms.
2026-05-134 18:25:43 [main] INFO  org.testng.internal.Utils - [Utils] MethodGroupsHelper.sortMethods() took 0 ms.
2026-05-134 18:25:43 [main] INFO  org.testng.internal.Utils - [Utils] MethodGroupsHelper.collectMethodsByGroup() took 0 ms.
2026-05-134 18:25:43 [main] INFO  org.testng.internal.Utils - [Utils] MethodGroupsHelper.sortMethods() took 17 ms.
2026-05-134 18:25:43 [main] INFO  org.testng.internal.Utils - [Utils] MethodGroupsHelper.collectMethodsByGroup() took 0 ms.
2026-05-134 18:25:43 [main] INFO  org.testng.internal.Utils - [Utils] MethodGroupsHelper.sortMethods() took 0 ms.
2026-05-134 18:25:43 [main] INFO  org.testng.internal.Utils - [Utils] MethodGroupsHelper.collectMethodsByGroup() took 0 ms.
2026-05-134 18:25:43 [main] INFO  org.testng.internal.Utils - [Utils] MethodGroupsHelper.sortMethods() took 0 ms.
2026-05-134 18:25:43 [main] INFO  org.testng.internal.Utils - [Utils] MethodGroupsHelper.collectMethodsByGroup() took 0 ms.
2026-05-134 18:25:43 [main] INFO  org.testng.internal.Utils - [Utils] MethodGroupsHelper.sortMethods() took 0 ms.
2026-05-134 18:25:43 [main] INFO  org.testng.internal.Utils - [Utils] MethodGroupsHelper.collectMethodsByGroup() took 0 ms.
2026-05-134 18:25:43 [main] INFO  org.testng.internal.Utils - [Utils] MethodGroupsHelper.sortMethods() took 0 ms.
2026-05-134 18:25:43 [main] INFO  org.testng.internal.Utils - [Utils] MethodGroupsHelper.collectMethodsByGroup() took 0 ms.
2026-05-134 18:25:43 [main] INFO  org.testng.internal.Utils - [Utils] MethodGroupsHelper.sortMethods() took 0 ms.
2026-05-134 18:25:43 [main] INFO  org.testng.internal.Utils - [Utils] MethodGroupsHelper.collectMethodsByGroup() took 0 ms.
2026-05-134 18:25:43 [main] INFO  org.testng.internal.Utils - [Utils] MethodGroupsHelper.sortMethods() took 0 ms.
2026-05-134 18:25:43 [main] INFO  org.testng.internal.Utils - [TestNG] Running:
  C:\Users\Siddhi\AppData\Local\Temp\testng-eclipse--1977067319\testng-customsuite.xml

2026-05-134 18:25:43 [main] INFO  org.testng.internal.Utils - [Utils] DynamicGraphHelper.createDynamicGraph() took 4 ms.
2026-05-134 18:25:43 [main] ERROR org.testng.internal.Utils - [Error] java.io.FileNotFoundException: C:\JAVA\E-Commerce Project\E_Commerce\TestData\HomePageTestData.xlsx (The system cannot find the path specified)
	at java.base/java.io.FileInputStream.open0(Native Method)
	at java.base/java.io.FileInputStream.open(FileInputStream.java:213)
	at java.base/java.io.FileInputStream.&lt;init&gt;(FileInputStream.java:152)
	at java.base/java.io.FileInputStream.&lt;init&gt;(FileInputStream.java:106)
	at org.utils.qa.ExcelUtility.getExcelData(ExcelUtility.java:20)
	at org.test.qa.HomePageTest.getHomeData(HomePageTest.java:162)
	at java.base/jdk.internal.reflect.DirectMethodHandleAccessor.invoke(DirectMethodHandleAccessor.java:103)
	at java.base/java.lang.reflect.Method.invoke(Method.java:580)
	at org.testng.internal.invokers.MethodInvocationHelper.invokeMethod(MethodInvocationHelper.java:141)
	at org.testng.internal.invokers.MethodInvocationHelper.invokeMethod(MethodInvocationHelper.java:86)
	at org.testng.internal.invokers.MethodInvocationHelper.invokeMethodNoCheckedException(MethodInvocationHelper.java:54)
	at org.testng.internal.invokers.MethodInvocationHelper.invokeDataProvider(MethodInvocationHelper.java:159)
	at org.testng.internal.Parameters.handleParameters(Parameters.java:809)
	at org.testng.internal.Parameters.handleParameters(Parameters.java:734)
	at org.testng.internal.invokers.ParameterHandler.handleParameters(ParameterHandler.java:72)
	at org.testng.internal.invokers.ParameterHandler.createParameters(ParameterHandler.java:51)
	at org.testng.internal.invokers.TestInvoker$MethodInvocationAgent.invoke(TestInvoker.java:949)
	at org.testng.internal.invokers.TestInvoker.invokeTestMethods(TestInvoker.java:203)
	at org.testng.internal.invokers.TestMethodWorker.invokeTestMethods(TestMethodWorker.java:154)
	at org.testng.internal.invokers.TestMethodWorker.run(TestMethodWorker.java:134)
	at java.base/java.util.ArrayList.forEach(ArrayList.java:1596)
	at org.testng.TestRunner.privateRun(TestRunner.java:741)
	at org.testng.TestRunner.run(TestRunner.java:616)
	at org.testng.SuiteRunner.runTest(SuiteRunner.java:421)
	at org.testng.SuiteRunner.runSequentially(SuiteRunner.java:413)
	at org.testng.SuiteRunner.privateRun(SuiteRunner.java:373)
	at org.testng.SuiteRunner.run(SuiteRunner.java:312)
	at org.testng.SuiteRunnerWorker.runSuite(SuiteRunnerWorker.java:52)
	at org.testng.SuiteRunnerWorker.run(SuiteRunnerWorker.java:95)
	at org.testng.TestNG.runSuitesSequentially(TestNG.java:1274)
	at org.testng.TestNG.runSuitesLocally(TestNG.java:1208)
	at org.testng.TestNG.runSuites(TestNG.java:1112)
	at org.testng.TestNG.run(TestNG.java:1079)
	at org.testng.remote.AbstractRemoteTestNG.run(AbstractRemoteTestNG.java:115)
	at org.testng.remote.RemoteTestNG.initAndRun(RemoteTestNG.java:293)
	at org.testng.remote.RemoteTestNG.main(RemoteTestNG.java:91)

2026-05-134 18:25:43 [main] INFO  org.testng.internal.Utils - [TestNG] Time taken by org.testng.reporters.jq.Main@3db64bd4: 69 ms
2026-05-134 18:25:43 [main] INFO  org.testng.internal.Utils - [TestNG] Time taken by org.testng.reporters.FailedReporter@44cb460e: 13 ms
2026-05-134 18:25:43 [main] INFO  org.testng.internal.Utils - [TestNG] Time taken by org.testng.reporters.XMLReporter@2ce45a7b: 10 ms
2026-05-134 18:25:43 [main] INFO  org.testng.internal.Utils - [TestNG] Time taken by org.testng.reporters.EmailableReporter2@31e72cbc: 6 ms
2026-05-134 18:25:43 [main] INFO  org.testng.internal.Utils - [TestNG] Time taken by org.testng.reporters.JUnitReportReporter@1d25c1c: 8 ms
2026-05-134 18:25:43 [main] INFO  org.testng.internal.Utils - [TestNG] Time taken by org.testng.internal.ExitCodeListener@de88ac6: 1 ms
2026-05-134 18:28:17 [main] INFO  org.testng.internal.Utils - [Utils] MethodGroupsHelper.collectMethodsByGroup() took 9 ms.
2026-05-134 18:28:17 [main] INFO  org.testng.internal.Utils - [Utils] MethodGroupsHelper.sortMethods() took 16 ms.
2026-05-134 18:28:17 [main] INFO  org.testng.internal.Utils - [Utils] MethodGroupsHelper.collectMethodsByGroup() took 0 ms.
2026-05-134 18:28:17 [main] INFO  org.testng.internal.Utils - [Utils] MethodGroupsHelper.sortMethods() took 0 ms.
2026-05-134 18:28:17 [main] INFO  org.testng.internal.Utils - [Utils] MethodGroupsHelper.collectMethodsByGroup() took 0 ms.
2026-05-134 18:28:17 [main] INFO  org.testng.internal.Utils - [Utils] MethodGroupsHelper.sortMethods() took 0 ms.
2026-05-134 18:28:17 [main] INFO  org.testng.internal.Utils - [Utils] MethodGroupsHelper.collectMethodsByGroup() took 0 ms.
2026-05-134 18:28:17 [main] INFO  org.testng.internal.Utils - [Utils] MethodGroupsHelper.sortMethods() took 0 ms.
2026-05-134 18:28:17 [main] INFO  org.testng.internal.Utils - [Utils] MethodGroupsHelper.collectMethodsByGroup() took 0 ms.
2026-05-134 18:28:17 [main] INFO  org.testng.internal.Utils - [Utils] MethodGroupsHelper.sortMethods() took 0 ms.
2026-05-134 18:28:17 [main] INFO  org.testng.internal.Utils - [Utils] MethodGroupsHelper.collectMethodsByGroup() took 0 ms.
2026-05-134 18:28:17 [main] INFO  org.testng.internal.Utils - [Utils] MethodGroupsHelper.sortMethods() took 0 ms.
2026-05-134 18:28:17 [main] INFO  org.testng.internal.Utils - [Utils] MethodGroupsHelper.collectMethodsByGroup() took 0 ms.
2026-05-134 18:28:17 [main] INFO  org.testng.internal.Utils - [Utils] MethodGroupsHelper.sortMethods() took 0 ms.
2026-05-134 18:28:17 [main] INFO  org.testng.internal.Utils - [Utils] MethodGroupsHelper.collectMethodsByGroup() took 0 ms.
2026-05-134 18:28:17 [main] INFO  org.testng.internal.Utils - [Utils] MethodGroupsHelper.sortMethods() took 0 ms.
2026-05-134 18:28:17 [main] INFO  org.testng.internal.Utils - [Utils] MethodGroupsHelper.collectMethodsByGroup() took 7 ms.
2026-05-134 18:28:17 [main] INFO  org.testng.internal.Utils - [Utils] MethodGroupsHelper.sortMethods() took 12 ms.
2026-05-134 18:28:17 [main] INFO  org.testng.internal.Utils - [Utils] MethodGroupsHelper.collectMethodsByGroup() took 0 ms.
2026-05-134 18:28:17 [main] INFO  org.testng.internal.Utils - [Utils] MethodGroupsHelper.sortMethods() took 0 ms.
2026-05-134 18:28:17 [main] INFO  org.testng.internal.Utils - [Utils] MethodGroupsHelper.collectMethodsByGroup() took 0 ms.
2026-05-134 18:28:17 [main] INFO  org.testng.internal.Utils - [Utils] MethodGroupsHelper.sortMethods() took 1 ms.
2026-05-134 18:28:17 [main] INFO  org.testng.internal.Utils - [Utils] MethodGroupsHelper.collectMethodsByGroup() took 0 ms.
2026-05-134 18:28:17 [main] INFO  org.testng.internal.Utils - [Utils] MethodGroupsHelper.sortMethods() took 0 ms.
2026-05-134 18:28:17 [main] INFO  org.testng.internal.Utils - [Utils] MethodGroupsHelper.collectMethodsByGroup() took 0 ms.
2026-05-134 18:28:17 [main] INFO  org.testng.internal.Utils - [Utils] MethodGroupsHelper.sortMethods() took 0 ms.
2026-05-134 18:28:17 [main] INFO  org.testng.internal.Utils - [Utils] MethodGroupsHelper.collectMethodsByGroup() took 0 ms.
2026-05-134 18:28:17 [main] INFO  org.testng.internal.Utils - [Utils] MethodGroupsHelper.sortMethods() took 0 ms.
2026-05-134 18:28:17 [main] INFO  org.testng.internal.Utils - [Utils] MethodGroupsHelper.collectMethodsByGroup() took 0 ms.
2026-05-134 18:28:17 [main] INFO  org.testng.internal.Utils - [Utils] MethodGroupsHelper.sortMethods() took 0 ms.
2026-05-134 18:28:17 [main] INFO  org.testng.internal.Utils - [TestNG] Running:
  C:\Users\Siddhi\AppData\Local\Temp\testng-eclipse-545356337\testng-customsuite.xml

2026-05-134 18:28:17 [main] INFO  org.testng.internal.Utils - [Utils] DynamicGraphHelper.createDynamicGraph() took 3 ms.
2026-05-134 18:28:18 [main] ERROR org.testng.internal.Utils - [Error] java.lang.RuntimeException: Sheet not found: HomePage
	at org.utils.qa.ExcelUtility.getExcelData(ExcelUtility.java:26)
	at org.test.qa.HomePageTest.getHomeData(HomePageTest.java:162)
	at java.base/jdk.internal.reflect.DirectMethodHandleAccessor.invoke(DirectMethodHandleAccessor.java:103)
	at java.base/java.lang.reflect.Method.invoke(Method.java:580)
	at org.testng.internal.invokers.MethodInvocationHelper.invokeMethod(MethodInvocationHelper.java:141)
	at org.testng.internal.invokers.MethodInvocationHelper.invokeMethod(MethodInvocationHelper.java:86)
	at org.testng.internal.invokers.MethodInvocationHelper.invokeMethodNoCheckedException(MethodInvocationHelper.java:54)
	at org.testng.internal.invokers.MethodInvocationHelper.invokeDataProvider(MethodInvocationHelper.java:159)
	at org.testng.internal.Parameters.handleParameters(Parameters.java:809)
	at org.testng.internal.Parameters.handleParameters(Parameters.java:734)
	at org.testng.internal.invokers.ParameterHandler.handleParameters(ParameterHandler.java:72)
	at org.testng.internal.invokers.ParameterHandler.createParameters(ParameterHandler.java:51)
	at org.testng.internal.invokers.TestInvoker$MethodInvocationAgent.invoke(TestInvoker.java:949)
	at org.testng.internal.invokers.TestInvoker.invokeTestMethods(TestInvoker.java:203)
	at org.testng.internal.invokers.TestMethodWorker.invokeTestMethods(TestMethodWorker.java:154)
	at org.testng.internal.invokers.TestMethodWorker.run(TestMethodWorker.java:134)
	at java.base/java.util.ArrayList.forEach(ArrayList.java:1596)
	at org.testng.TestRunner.privateRun(TestRunner.java:741)
	at org.testng.TestRunner.run(TestRunner.java:616)
	at org.testng.SuiteRunner.runTest(SuiteRunner.java:421)
	at org.testng.SuiteRunner.runSequentially(SuiteRunner.java:413)
	at org.testng.SuiteRunner.privateRun(SuiteRunner.java:373)
	at org.testng.SuiteRunner.run(SuiteRunner.java:312)
	at org.testng.SuiteRunnerWorker.runSuite(SuiteRunnerWorker.java:52)
	at org.testng.SuiteRunnerWorker.run(SuiteRunnerWorker.java:95)
	at org.testng.TestNG.runSuitesSequentially(TestNG.java:1274)
	at org.testng.TestNG.runSuitesLocally(TestNG.java:1208)
	at org.testng.TestNG.runSuites(TestNG.java:1112)
	at org.testng.TestNG.run(TestNG.java:1079)
	at org.testng.remote.AbstractRemoteTestNG.run(AbstractRemoteTestNG.java:115)
	at org.testng.remote.RemoteTestNG.initAndRun(RemoteTestNG.java:293)
	at org.testng.remote.RemoteTestNG.main(RemoteTestNG.java:91)

2026-05-134 18:28:18 [main] INFO  org.testng.internal.Utils - [TestNG] Time taken by org.testng.reporters.jq.Main@7e446d92: 62 ms
2026-05-134 18:28:18 [main] INFO  org.testng.internal.Utils - [TestNG] Time taken by org.testng.reporters.FailedReporter@1f53481b: 18 ms
2026-05-134 18:28:18 [main] INFO  org.testng.internal.Utils - [TestNG] Time taken by org.testng.reporters.XMLReporter@12704e15: 8 ms
2026-05-134 18:28:18 [main] INFO  org.testng.internal.Utils - [TestNG] Time taken by org.testng.reporters.EmailableReporter2@2dd0f797: 6 ms
2026-05-134 18:28:18 [main] INFO  org.testng.internal.Utils - [TestNG] Time taken by org.testng.reporters.JUnitReportReporter@53d13cd4: 7 ms
2026-05-134 18:28:18 [main] INFO  org.testng.internal.Utils - [TestNG] Time taken by org.testng.internal.ExitCodeListener@77865933: 0 ms
2026-05-134 18:29:13 [main] INFO  org.testng.internal.Utils - [Utils] MethodGroupsHelper.collectMethodsByGroup() took 6 ms.
2026-05-134 18:29:13 [main] INFO  org.testng.internal.Utils - [Utils] MethodGroupsHelper.sortMethods() took 13 ms.
2026-05-134 18:29:13 [main] INFO  org.testng.internal.Utils - [Utils] MethodGroupsHelper.collectMethodsByGroup() took 0 ms.
2026-05-134 18:29:13 [main] INFO  org.testng.internal.Utils - [Utils] MethodGroupsHelper.sortMethods() took 0 ms.
2026-05-134 18:29:13 [main] INFO  org.testng.internal.Utils - [Utils] MethodGroupsHelper.collectMethodsByGroup() took 0 ms.
2026-05-134 18:29:13 [main] INFO  org.testng.internal.Utils - [Utils] MethodGroupsHelper.sortMethods() took 0 ms.
2026-05-134 18:29:13 [main] INFO  org.testng.internal.Utils - [Utils] MethodGroupsHelper.collectMethodsByGroup() took 0 ms.
2026-05-134 18:29:13 [main] INFO  org.testng.internal.Utils - [Utils] MethodGroupsHelper.sortMethods() took 0 ms.
2026-05-134 18:29:13 [main] INFO  org.testng.internal.Utils - [Utils] MethodGroupsHelper.collectMethodsByGroup() took 0 ms.
2026-05-134 18:29:13 [main] INFO  org.testng.internal.Utils - [Utils] MethodGroupsHelper.sortMethods() took 0 ms.
2026-05-134 18:29:13 [main] INFO  org.testng.internal.Utils - [Utils] MethodGroupsHelper.collectMethodsByGroup() took 0 ms.
2026-05-134 18:29:13 [main] INFO  org.testng.internal.Utils - [Utils] MethodGroupsHelper.sortMethods() took 0 ms.
2026-05-134 18:29:13 [main] INFO  org.testng.internal.Utils - [Utils] MethodGroupsHelper.collectMethodsByGroup() took 0 ms.
2026-05-134 18:29:13 [main] INFO  org.testng.internal.Utils - [Utils] MethodGroupsHelper.sortMethods() took 0 ms.
2026-05-134 18:29:13 [main] INFO  org.testng.internal.Utils - [Utils] MethodGroupsHelper.collectMethodsByGroup() took 0 ms.
2026-05-134 18:29:13 [main] INFO  org.testng.internal.Utils - [Utils] MethodGroupsHelper.sortMethods() took 0 ms.
2026-05-134 18:29:13 [main] INFO  org.testng.internal.Utils - [Utils] MethodGroupsHelper.collectMethodsByGroup() took 0 ms.
2026-05-134 18:29:13 [main] INFO  org.testng.internal.Utils - [Utils] MethodGroupsHelper.sortMethods() took 19 ms.
2026-05-134 18:29:13 [main] INFO  org.testng.internal.Utils - [Utils] MethodGroupsHelper.collectMethodsByGroup() took 0 ms.
2026-05-134 18:29:13 [main] INFO  org.testng.internal.Utils - [Utils] MethodGroupsHelper.sortMethods() took 0 ms.
2026-05-134 18:29:13 [main] INFO  org.testng.internal.Utils - [Utils] MethodGroupsHelper.collectMethodsByGroup() took 1 ms.
2026-05-134 18:29:13 [main] INFO  org.testng.internal.Utils - [Utils] MethodGroupsHelper.sortMethods() took 0 ms.
2026-05-134 18:29:13 [main] INFO  org.testng.internal.Utils - [Utils] MethodGroupsHelper.collectMethodsByGroup() took 0 ms.
2026-05-134 18:29:13 [main] INFO  org.testng.internal.Utils - [Utils] MethodGroupsHelper.sortMethods() took 0 ms.
2026-05-134 18:29:13 [main] INFO  org.testng.internal.Utils - [Utils] MethodGroupsHelper.collectMethodsByGroup() took 0 ms.
2026-05-134 18:29:13 [main] INFO  org.testng.internal.Utils - [Utils] MethodGroupsHelper.sortMethods() took 1 ms.
2026-05-134 18:29:13 [main] INFO  org.testng.internal.Utils - [Utils] MethodGroupsHelper.collectMethodsByGroup() took 0 ms.
2026-05-134 18:29:13 [main] INFO  org.testng.internal.Utils - [Utils] MethodGroupsHelper.sortMethods() took 0 ms.
2026-05-134 18:29:13 [main] INFO  org.testng.internal.Utils - [Utils] MethodGroupsHelper.collectMethodsByGroup() took 0 ms.
2026-05-134 18:29:13 [main] INFO  org.testng.internal.Utils - [Utils] MethodGroupsHelper.sortMethods() took 1 ms.
2026-05-134 18:29:13 [main] INFO  org.testng.internal.Utils - [TestNG] Running:
  C:\Users\Siddhi\AppData\Local\Temp\testng-eclipse--2107979348\testng-customsuite.xml

2026-05-134 18:29:13 [main] INFO  org.testng.internal.Utils - [Utils] DynamicGraphHelper.createDynamicGraph() took 5 ms.
2026-05-134 18:29:14 [main] ERROR org.testng.internal.Utils - [Error] java.lang.RuntimeException: Sheet not found: HomePage
	at org.utils.qa.ExcelUtility.getExcelData(ExcelUtility.java:26)
	at org.test.qa.HomePageTest.getHomeData(HomePageTest.java:162)
	at java.base/jdk.internal.reflect.DirectMethodHandleAccessor.invoke(DirectMethodHandleAccessor.java:103)
	at java.base/java.lang.reflect.Method.invoke(Method.java:580)
	at org.testng.internal.invokers.MethodInvocationHelper.invokeMethod(MethodInvocationHelper.java:141)
	at org.testng.internal.invokers.MethodInvocationHelper.invokeMethod(MethodInvocationHelper.java:86)
	at org.testng.internal.invokers.MethodInvocationHelper.invokeMethodNoCheckedException(MethodInvocationHelper.java:54)
	at org.testng.internal.invokers.MethodInvocationHelper.invokeDataProvider(MethodInvocationHelper.java:159)
	at org.testng.internal.Parameters.handleParameters(Parameters.java:809)
	at org.testng.internal.Parameters.handleParameters(Parameters.java:734)
	at org.testng.internal.invokers.ParameterHandler.handleParameters(ParameterHandler.java:72)
	at org.testng.internal.invokers.ParameterHandler.createParameters(ParameterHandler.java:51)
	at org.testng.internal.invokers.TestInvoker$MethodInvocationAgent.invoke(TestInvoker.java:949)
	at org.testng.internal.invokers.TestInvoker.invokeTestMethods(TestInvoker.java:203)
	at org.testng.internal.invokers.TestMethodWorker.invokeTestMethods(TestMethodWorker.java:154)
	at org.testng.internal.invokers.TestMethodWorker.run(TestMethodWorker.java:134)
	at java.base/java.util.ArrayList.forEach(ArrayList.java:1596)
	at org.testng.TestRunner.privateRun(TestRunner.java:741)
	at org.testng.TestRunner.run(TestRunner.java:616)
	at org.testng.SuiteRunner.runTest(SuiteRunner.java:421)
	at org.testng.SuiteRunner.runSequentially(SuiteRunner.java:413)
	at org.testng.SuiteRunner.privateRun(SuiteRunner.java:373)
	at org.testng.SuiteRunner.run(SuiteRunner.java:312)
	at org.testng.SuiteRunnerWorker.runSuite(SuiteRunnerWorker.java:52)
	at org.testng.SuiteRunnerWorker.run(SuiteRunnerWorker.java:95)
	at org.testng.TestNG.runSuitesSequentially(TestNG.java:1274)
	at org.testng.TestNG.runSuitesLocally(TestNG.java:1208)
	at org.testng.TestNG.runSuites(TestNG.java:1112)
	at org.testng.TestNG.run(TestNG.java:1079)
	at org.testng.remote.AbstractRemoteTestNG.run(AbstractRemoteTestNG.java:115)
	at org.testng.remote.RemoteTestNG.initAndRun(RemoteTestNG.java:293)
	at org.testng.remote.RemoteTestNG.main(RemoteTestNG.java:91)

2026-05-134 18:29:14 [main] INFO  org.testng.internal.Utils - [TestNG] Time taken by org.testng.reporters.jq.Main@7e446d92: 61 ms
2026-05-134 18:29:14 [main] INFO  org.testng.internal.Utils - [TestNG] Time taken by org.testng.reporters.FailedReporter@1f53481b: 14 ms
2026-05-134 18:29:14 [main] INFO  org.testng.internal.Utils - [TestNG] Time taken by org.testng.reporters.XMLReporter@12704e15: 7 ms
2026-05-134 18:29:14 [main] INFO  org.testng.internal.Utils - [TestNG] Time taken by org.testng.reporters.EmailableReporter2@2dd0f797: 6 ms
2026-05-134 18:29:14 [main] INFO  org.testng.internal.Utils - [TestNG] Time taken by org.testng.reporters.JUnitReportReporter@53d13cd4: 5 ms
2026-05-134 18:29:14 [main] INFO  org.testng.internal.Utils - [TestNG] Time taken by org.testng.internal.ExitCodeListener@77865933: 0 ms
2026-05-134 18:32:23 [main] INFO  org.testng.internal.Utils - [Utils] MethodGroupsHelper.collectMethodsByGroup() took 8 ms.
2026-05-134 18:32:23 [main] INFO  org.testng.internal.Utils - [Utils] MethodGroupsHelper.sortMethods() took 13 ms.
2026-05-134 18:32:23 [main] INFO  org.testng.internal.Utils - [Utils] MethodGroupsHelper.collectMethodsByGroup() took 0 ms.
2026-05-134 18:32:23 [main] INFO  org.testng.internal.Utils - [Utils] MethodGroupsHelper.sortMethods() took 0 ms.
2026-05-134 18:32:23 [main] INFO  org.testng.internal.Utils - [Utils] MethodGroupsHelper.collectMethodsByGroup() took 0 ms.
2026-05-134 18:32:23 [main] INFO  org.testng.internal.Utils - [Utils] MethodGroupsHelper.sortMethods() took 0 ms.
2026-05-134 18:32:23 [main] INFO  org.testng.internal.Utils - [Utils] MethodGroupsHelper.collectMethodsByGroup() took 0 ms.
2026-05-134 18:32:23 [main] INFO  org.testng.internal.Utils - [Utils] MethodGroupsHelper.sortMethods() took 0 ms.
2026-05-134 18:32:23 [main] INFO  org.testng.internal.Utils - [Utils] MethodGroupsHelper.collectMethodsByGroup() took 0 ms.
2026-05-134 18:32:23 [main] INFO  org.testng.internal.Utils - [Utils] MethodGroupsHelper.sortMethods() took 0 ms.
2026-05-134 18:32:23 [main] INFO  org.testng.internal.Utils - [Utils] MethodGroupsHelper.collectMethodsByGroup() took 0 ms.
2026-05-134 18:32:23 [main] INFO  org.testng.internal.Utils - [Utils] MethodGroupsHelper.sortMethods() took 0 ms.
2026-05-134 18:32:23 [main] INFO  org.testng.internal.Utils - [Utils] MethodGroupsHelper.collectMethodsByGroup() took 0 ms.
2026-05-134 18:32:23 [main] INFO  org.testng.internal.Utils - [Utils] MethodGroupsHelper.sortMethods() took 0 ms.
2026-05-134 18:32:23 [main] INFO  org.testng.internal.Utils - [Utils] MethodGroupsHelper.collectMethodsByGroup() took 0 ms.
2026-05-134 18:32:23 [main] INFO  org.testng.internal.Utils - [Utils] MethodGroupsHelper.sortMethods() took 0 ms.
2026-05-134 18:32:23 [main] INFO  org.testng.internal.Utils - [Utils] MethodGroupsHelper.collectMethodsByGroup() took 0 ms.
2026-05-134 18:32:23 [main] INFO  org.testng.internal.Utils - [Utils] MethodGroupsHelper.sortMethods() took 14 ms.
2026-05-134 18:32:23 [main] INFO  org.testng.internal.Utils - [Utils] MethodGroupsHelper.collectMethodsByGroup() took 0 ms.
2026-05-134 18:32:23 [main] INFO  org.testng.internal.Utils - [Utils] MethodGroupsHelper.sortMethods() took 0 ms.
2026-05-134 18:32:23 [main] INFO  org.testng.internal.Utils - [Utils] MethodGroupsHelper.collectMethodsByGroup() took 0 ms.
2026-05-134 18:32:23 [main] INFO  org.testng.internal.Utils - [Utils] MethodGroupsHelper.sortMethods() took 0 ms.
2026-05-134 18:32:23 [main] INFO  org.testng.internal.Utils - [Utils] MethodGroupsHelper.collectMethodsByGroup() took 0 ms.
2026-05-134 18:32:23 [main] INFO  org.testng.internal.Utils - [Utils] MethodGroupsHelper.sortMethods() took 0 ms.
2026-05-134 18:32:23 [main] INFO  org.testng.internal.Utils - [Utils] MethodGroupsHelper.collectMethodsByGroup() took 0 ms.
2026-05-134 18:32:23 [main] INFO  org.testng.internal.Utils - [Utils] MethodGroupsHelper.sortMethods() took 1 ms.
2026-05-134 18:32:23 [main] INFO  org.testng.internal.Utils - [Utils] MethodGroupsHelper.collectMethodsByGroup() took 0 ms.
2026-05-134 18:32:23 [main] INFO  org.testng.internal.Utils - [Utils] MethodGroupsHelper.sortMethods() took 0 ms.
2026-05-134 18:32:23 [main] INFO  org.testng.internal.Utils - [Utils] MethodGroupsHelper.collectMethodsByGroup() took 0 ms.
2026-05-134 18:32:23 [main] INFO  org.testng.internal.Utils - [Utils] MethodGroupsHelper.sortMethods() took 0 ms.
2026-05-134 18:32:23 [main] INFO  org.testng.internal.Utils - [TestNG] Running:
  C:\Users\Siddhi\AppData\Local\Temp\testng-eclipse-386022675\testng-customsuite.xml

2026-05-134 18:32:24 [main] INFO  org.testng.internal.Utils - [Utils] DynamicGraphHelper.createDynamicGraph() took 4 ms.
2026-05-134 18:32:32 [main] INFO  org.utils.qa.Log - LOGIN SUCCESSFUL
2026-05-134 18:32:32 [main] INFO  org.utils.qa.Log - ================================================
2026-05-134 18:32:32 [main] INFO  org.utils.qa.Log - TEST CASE STARTED : TC_HM_001
2026-05-134 18:32:32 [main] INFO  org.utils.qa.Log - ACTION : verifyuser
2026-05-134 18:32:32 [main] INFO  org.utils.qa.Log - TEST TYPE : positive
2026-05-134 18:32:35 [main] INFO  org.utils.qa.Log - TEST PASSED : TC_HM_001
2026-05-134 18:32:35 [main] INFO  org.utils.qa.Log - ================================================
2026-05-134 18:32:35 [main] INFO  org.utils.qa.Log - Browser closed
2026-05-134 18:32:42 [main] INFO  org.utils.qa.Log - LOGIN SUCCESSFUL
2026-05-134 18:32:42 [main] INFO  org.utils.qa.Log - ================================================
2026-05-134 18:32:42 [main] INFO  org.utils.qa.Log - TEST CASE STARTED : TC_HM_002
2026-05-134 18:32:42 [main] INFO  org.utils.qa.Log - ACTION : products
2026-05-134 18:32:42 [main] INFO  org.utils.qa.Log - TEST TYPE : navigation
2026-05-134 18:32:45 [main] INFO  org.utils.qa.Log - Browser closed
2026-05-134 18:32:52 [main] INFO  org.utils.qa.Log - LOGIN SUCCESSFUL
2026-05-134 18:32:52 [main] INFO  org.utils.qa.Log - ================================================
2026-05-134 18:32:52 [main] INFO  org.utils.qa.Log - TEST CASE STARTED : TC_HM_003
2026-05-134 18:32:52 [main] INFO  org.utils.qa.Log - ACTION : cart
2026-05-134 18:32:52 [main] INFO  org.utils.qa.Log - TEST TYPE : navigation
2026-05-134 18:32:55 [main] INFO  org.utils.qa.Log - TEST PASSED : TC_HM_003
2026-05-134 18:32:55 [main] INFO  org.utils.qa.Log - ================================================
2026-05-134 18:32:56 [main] INFO  org.utils.qa.Log - Browser closed
2026-05-134 18:33:06 [main] INFO  org.utils.qa.Log - LOGIN SUCCESSFUL
2026-05-134 18:33:06 [main] INFO  org.utils.qa.Log - ================================================
2026-05-134 18:33:06 [main] INFO  org.utils.qa.Log - TEST CASE STARTED : TC_HM_004
2026-05-134 18:33:06 [main] INFO  org.utils.qa.Log - ACTION : logout
2026-05-134 18:33:06 [main] INFO  org.utils.qa.Log - TEST TYPE : functional
2026-05-134 18:33:08 [main] INFO  org.utils.qa.Log - TEST PASSED : TC_HM_004
2026-05-134 18:33:08 [main] INFO  org.utils.qa.Log - ================================================
2026-05-134 18:33:08 [main] INFO  org.utils.qa.Log - Browser closed
2026-05-134 18:33:18 [main] INFO  org.utils.qa.Log - LOGIN SUCCESSFUL
2026-05-134 18:33:18 [main] INFO  org.utils.qa.Log - ================================================
2026-05-134 18:33:18 [main] INFO  org.utils.qa.Log - TEST CASE STARTED : TC_HM_005
2026-05-134 18:33:18 [main] INFO  org.utils.qa.Log - ACTION : category
2026-05-134 18:33:18 [main] INFO  org.utils.qa.Log - TEST TYPE : dropdown
2026-05-134 18:33:19 [main] ERROR org.utils.qa.Log - TEST FAILED : TC_HM_005
2026-05-134 18:33:19 [main] ERROR org.utils.qa.Log - no such element: Unable to locate element: {"method":"xpath","selector":"//a[contains(text(),'Women')]"}
  (Session info: MicrosoftEdge=148.0.3967.54)
For documentation on this error, please visit: https://www.selenium.dev/documentation/webdriver/troubleshooting/errors#nosuchelementexception
Build info: version: '4.43.0', revision: 'dd0f534'
System info: os.name: 'Windows 11', os.arch: 'amd64', os.version: '10.0', java.version: '21.0.10'
Driver info: org.openqa.selenium.edge.EdgeDriver
Command: [99e297b85e82a379f0519d20eb3ccad4, findElement {using=xpath, value=//a[contains(text(),'Women')]}]
Capabilities {acceptInsecureCerts: false, browserName: MicrosoftEdge, browserVersion: 148.0.3967.54, fedcm:accounts: true, goog:processID: 11752, ms:edgeOptions: {debuggerAddress: localhost:62057}, msedge: {msedgedriverVersion: 148.0.3967.54 (c994e204927e..., userDataDir: C:\Users\Siddhi\AppData\Loc...}, networkConnectionEnabled: false, pageLoadStrategy: normal, platformName: windows, proxy: Proxy(), se:cdp: ws://localhost:62057/devtoo..., se:cdpVersion: 148.0.3967.54, setWindowRect: true, strictFileInteractability: false, timeouts: {implicit: 0, pageLoad: 300000, script: 30000}, unhandledPromptBehavior: dismiss and notify, webauthn:extension:credBlob: true, webauthn:extension:largeBlob: true, webauthn:extension:minPinLength: true, webauthn:extension:prf: true, webauthn:virtualAuthenticators: true}
Session ID: 99e297b85e82a379f0519d20eb3ccad4
2026-05-134 18:33:19 [main] INFO  org.utils.qa.Log - Browser closed
2026-05-134 18:33:29 [main] INFO  org.utils.qa.Log - LOGIN SUCCESSFUL
2026-05-134 18:33:29 [main] INFO  org.utils.qa.Log - ================================================
2026-05-134 18:33:29 [main] INFO  org.utils.qa.Log - TEST CASE STARTED : TC_HM_006
2026-05-134 18:33:29 [main] INFO  org.utils.qa.Log - ACTION : category
2026-05-134 18:33:29 [main] INFO  org.utils.qa.Log - TEST TYPE : dropdown
2026-05-134 18:33:29 [main] ERROR org.utils.qa.Log - TEST FAILED : TC_HM_006
2026-05-134 18:33:29 [main] ERROR org.utils.qa.Log - no such element: Unable to locate element: {"method":"xpath","selector":"//a[contains(text(),'Men')]"}
  (Session info: MicrosoftEdge=148.0.3967.54)
For documentation on this error, please visit: https://www.selenium.dev/documentation/webdriver/troubleshooting/errors#nosuchelementexception
Build info: version: '4.43.0', revision: 'dd0f534'
System info: os.name: 'Windows 11', os.arch: 'amd64', os.version: '10.0', java.version: '21.0.10'
Driver info: org.openqa.selenium.edge.EdgeDriver
Command: [5da2896599d34770e371c07ccce72427, findElement {using=xpath, value=//a[contains(text(),'Men')]}]
Capabilities {acceptInsecureCerts: false, browserName: MicrosoftEdge, browserVersion: 148.0.3967.54, fedcm:accounts: true, goog:processID: 23500, ms:edgeOptions: {debuggerAddress: localhost:61854}, msedge: {msedgedriverVersion: 148.0.3967.54 (c994e204927e..., userDataDir: C:\Users\Siddhi\AppData\Loc...}, networkConnectionEnabled: false, pageLoadStrategy: normal, platformName: windows, proxy: Proxy(), se:cdp: ws://localhost:61854/devtoo..., se:cdpVersion: 148.0.3967.54, setWindowRect: true, strictFileInteractability: false, timeouts: {implicit: 0, pageLoad: 300000, script: 30000}, unhandledPromptBehavior: dismiss and notify, webauthn:extension:credBlob: true, webauthn:extension:largeBlob: true, webauthn:extension:minPinLength: true, webauthn:extension:prf: true, webauthn:virtualAuthenticators: true}
Session ID: 5da2896599d34770e371c07ccce72427
2026-05-134 18:33:30 [main] INFO  org.utils.qa.Log - Browser closed
2026-05-134 18:33:39 [main] INFO  org.utils.qa.Log - LOGIN SUCCESSFUL
2026-05-134 18:33:39 [main] INFO  org.utils.qa.Log - ================================================
2026-05-134 18:33:39 [main] INFO  org.utils.qa.Log - TEST CASE STARTED : TC_HM_007
2026-05-134 18:33:39 [main] INFO  org.utils.qa.Log - ACTION : category
2026-05-134 18:33:39 [main] INFO  org.utils.qa.Log - TEST TYPE : dropdown
2026-05-134 18:33:40 [main] ERROR org.utils.qa.Log - TEST FAILED : TC_HM_007
2026-05-134 18:33:40 [main] ERROR org.utils.qa.Log - no such element: Unable to locate element: {"method":"xpath","selector":"//a[contains(text(),'Kids')]"}
  (Session info: MicrosoftEdge=148.0.3967.54)
For documentation on this error, please visit: https://www.selenium.dev/documentation/webdriver/troubleshooting/errors#nosuchelementexception
Build info: version: '4.43.0', revision: 'dd0f534'
System info: os.name: 'Windows 11', os.arch: 'amd64', os.version: '10.0', java.version: '21.0.10'
Driver info: org.openqa.selenium.edge.EdgeDriver
Command: [7c30a2342988cecdb6bd275e9a675e93, findElement {using=xpath, value=//a[contains(text(),'Kids')]}]
Capabilities {acceptInsecureCerts: false, browserName: MicrosoftEdge, browserVersion: 148.0.3967.54, fedcm:accounts: true, goog:processID: 12516, ms:edgeOptions: {debuggerAddress: localhost:54941}, msedge: {msedgedriverVersion: 148.0.3967.54 (c994e204927e..., userDataDir: C:\Users\Siddhi\AppData\Loc...}, networkConnectionEnabled: false, pageLoadStrategy: normal, platformName: windows, proxy: Proxy(), se:cdp: ws://localhost:54941/devtoo..., se:cdpVersion: 148.0.3967.54, setWindowRect: true, strictFileInteractability: false, timeouts: {implicit: 0, pageLoad: 300000, script: 30000}, unhandledPromptBehavior: dismiss and notify, webauthn:extension:credBlob: true, webauthn:extension:largeBlob: true, webauthn:extension:minPinLength: true, webauthn:extension:prf: true, webauthn:virtualAuthenticators: true}
Session ID: 7c30a2342988cecdb6bd275e9a675e93
2026-05-134 18:33:41 [main] INFO  org.utils.qa.Log - Browser closed
2026-05-134 18:33:51 [main] INFO  org.utils.qa.Log - LOGIN SUCCESSFUL
2026-05-134 18:33:51 [main] INFO  org.utils.qa.Log - ================================================
2026-05-134 18:33:51 [main] INFO  org.utils.qa.Log - TEST CASE STARTED : TC_HM_008
2026-05-134 18:33:51 [main] INFO  org.utils.qa.Log - ACTION : brand
2026-05-134 18:33:51 [main] INFO  org.utils.qa.Log - TEST TYPE : brand
2026-05-134 18:33:52 [main] ERROR org.utils.qa.Log - TEST FAILED : TC_HM_008
2026-05-134 18:33:52 [main] ERROR org.utils.qa.Log - no such element: Unable to locate element: {"method":"xpath","selector":"//a[contains(text(),'Biba')]"}
  (Session info: MicrosoftEdge=148.0.3967.54)
For documentation on this error, please visit: https://www.selenium.dev/documentation/webdriver/troubleshooting/errors#nosuchelementexception
Build info: version: '4.43.0', revision: 'dd0f534'
System info: os.name: 'Windows 11', os.arch: 'amd64', os.version: '10.0', java.version: '21.0.10'
Driver info: org.openqa.selenium.edge.EdgeDriver
Command: [f479fb406914845dfd6db838898b2366, findElement {using=xpath, value=//a[contains(text(),'Biba')]}]
Capabilities {acceptInsecureCerts: false, browserName: MicrosoftEdge, browserVersion: 148.0.3967.54, fedcm:accounts: true, goog:processID: 25692, ms:edgeOptions: {debuggerAddress: localhost:62963}, msedge: {msedgedriverVersion: 148.0.3967.54 (c994e204927e..., userDataDir: C:\Users\Siddhi\AppData\Loc...}, networkConnectionEnabled: false, pageLoadStrategy: normal, platformName: windows, proxy: Proxy(), se:cdp: ws://localhost:62963/devtoo..., se:cdpVersion: 148.0.3967.54, setWindowRect: true, strictFileInteractability: false, timeouts: {implicit: 0, pageLoad: 300000, script: 30000}, unhandledPromptBehavior: dismiss and notify, webauthn:extension:credBlob: true, webauthn:extension:largeBlob: true, webauthn:extension:minPinLength: true, webauthn:extension:prf: true, webauthn:virtualAuthenticators: true}
Session ID: f479fb406914845dfd6db838898b2366
2026-05-134 18:33:52 [main] INFO  org.utils.qa.Log - Browser closed
2026-05-134 18:34:02 [main] INFO  org.utils.qa.Log - LOGIN SUCCESSFUL
2026-05-134 18:34:02 [main] INFO  org.utils.qa.Log - ================================================
2026-05-134 18:34:02 [main] INFO  org.utils.qa.Log - TEST CASE STARTED : TC_HM_009
2026-05-134 18:34:02 [main] INFO  org.utils.qa.Log - ACTION : brand
2026-05-134 18:34:02 [main] INFO  org.utils.qa.Log - TEST TYPE : brand
2026-05-134 18:34:02 [main] ERROR org.utils.qa.Log - TEST FAILED : TC_HM_009
2026-05-134 18:34:02 [main] ERROR org.utils.qa.Log - no such element: Unable to locate element: {"method":"xpath","selector":"//a[contains(text(),'Polo')]"}
  (Session info: MicrosoftEdge=148.0.3967.54)
For documentation on this error, please visit: https://www.selenium.dev/documentation/webdriver/troubleshooting/errors#nosuchelementexception
Build info: version: '4.43.0', revision: 'dd0f534'
System info: os.name: 'Windows 11', os.arch: 'amd64', os.version: '10.0', java.version: '21.0.10'
Driver info: org.openqa.selenium.edge.EdgeDriver
Command: [82b8f59f874f823348f8f573cbc59fbe, findElement {using=xpath, value=//a[contains(text(),'Polo')]}]
Capabilities {acceptInsecureCerts: false, browserName: MicrosoftEdge, browserVersion: 148.0.3967.54, fedcm:accounts: true, goog:processID: 11356, ms:edgeOptions: {debuggerAddress: localhost:56055}, msedge: {msedgedriverVersion: 148.0.3967.54 (c994e204927e..., userDataDir: C:\Users\Siddhi\AppData\Loc...}, networkConnectionEnabled: false, pageLoadStrategy: normal, platformName: windows, proxy: Proxy(), se:cdp: ws://localhost:56055/devtoo..., se:cdpVersion: 148.0.3967.54, setWindowRect: true, strictFileInteractability: false, timeouts: {implicit: 0, pageLoad: 300000, script: 30000}, unhandledPromptBehavior: dismiss and notify, webauthn:extension:credBlob: true, webauthn:extension:largeBlob: true, webauthn:extension:minPinLength: true, webauthn:extension:prf: true, webauthn:virtualAuthenticators: true}
Session ID: 82b8f59f874f823348f8f573cbc59fbe
2026-05-134 18:34:03 [main] INFO  org.utils.qa.Log - Browser closed
2026-05-134 18:34:11 [main] INFO  org.utils.qa.Log - LOGIN SUCCESSFUL
2026-05-134 18:34:11 [main] INFO  org.utils.qa.Log - ================================================
2026-05-134 18:34:11 [main] INFO  org.utils.qa.Log - TEST CASE STARTED : TC_HM_010
2026-05-134 18:34:11 [main] INFO  org.utils.qa.Log - ACTION : brand
2026-05-134 18:34:11 [main] INFO  org.utils.qa.Log - TEST TYPE : brand
2026-05-134 18:34:12 [main] ERROR org.utils.qa.Log - TEST FAILED : TC_HM_010
2026-05-134 18:34:12 [main] ERROR org.utils.qa.Log - no such element: Unable to locate element: {"method":"xpath","selector":"//a[contains(text(),'H&M')]"}
  (Session info: MicrosoftEdge=148.0.3967.54)
For documentation on this error, please visit: https://www.selenium.dev/documentation/webdriver/troubleshooting/errors#nosuchelementexception
Build info: version: '4.43.0', revision: 'dd0f534'
System info: os.name: 'Windows 11', os.arch: 'amd64', os.version: '10.0', java.version: '21.0.10'
Driver info: org.openqa.selenium.edge.EdgeDriver
Command: [97ee5c5708b6cfd287c1b00db53bbecb, findElement {using=xpath, value=//a[contains(text(),'H&M')]}]
Capabilities {acceptInsecureCerts: false, browserName: MicrosoftEdge, browserVersion: 148.0.3967.54, fedcm:accounts: true, goog:processID: 6504, ms:edgeOptions: {debuggerAddress: localhost:55817}, msedge: {msedgedriverVersion: 148.0.3967.54 (c994e204927e..., userDataDir: C:\Users\Siddhi\AppData\Loc...}, networkConnectionEnabled: false, pageLoadStrategy: normal, platformName: windows, proxy: Proxy(), se:cdp: ws://localhost:55817/devtoo..., se:cdpVersion: 148.0.3967.54, setWindowRect: true, strictFileInteractability: false, timeouts: {implicit: 0, pageLoad: 300000, script: 30000}, unhandledPromptBehavior: dismiss and notify, webauthn:extension:credBlob: true, webauthn:extension:largeBlob: true, webauthn:extension:minPinLength: true, webauthn:extension:prf: true, webauthn:virtualAuthenticators: true}
Session ID: 97ee5c5708b6cfd287c1b00db53bbecb
2026-05-134 18:34:12 [main] INFO  org.utils.qa.Log - Browser closed
2026-05-134 18:34:19 [main] INFO  org.utils.qa.Log - LOGIN SUCCESSFUL
2026-05-134 18:34:19 [main] INFO  org.utils.qa.Log - ================================================
2026-05-134 18:34:19 [main] INFO  org.utils.qa.Log - TEST CASE STARTED : TC_HM_011
2026-05-134 18:34:19 [main] INFO  org.utils.qa.Log - ACTION : addtocart
2026-05-134 18:34:19 [main] INFO  org.utils.qa.Log - TEST TYPE : cart
2026-05-134 18:34:22 [main] INFO  org.utils.qa.Log - TEST PASSED : TC_HM_011
2026-05-134 18:34:22 [main] INFO  org.utils.qa.Log - ================================================
2026-05-134 18:34:22 [main] INFO  org.utils.qa.Log - Browser closed
2026-05-134 18:34:23 [main] INFO  org.testng.internal.Utils - [TestNG] Time taken by org.testng.reporters.jq.Main@42ffbab6: 61 ms
2026-05-134 18:34:23 [main] INFO  org.testng.internal.Utils - [TestNG] Time taken by org.testng.reporters.FailedReporter@31fe0ce5: 13 ms
2026-05-134 18:34:23 [main] INFO  org.testng.internal.Utils - [TestNG] Time taken by org.testng.reporters.XMLReporter@2ca1e49a: 24 ms
2026-05-134 18:34:23 [main] INFO  org.testng.internal.Utils - [TestNG] Time taken by org.testng.reporters.EmailableReporter2@4de158ca: 11 ms
2026-05-134 18:34:23 [main] INFO  org.testng.internal.Utils - [TestNG] Time taken by org.testng.reporters.JUnitReportReporter@68f2363: 8 ms
2026-05-134 18:34:23 [main] INFO  org.testng.internal.Utils - [TestNG] Time taken by org.testng.internal.ExitCodeListener@37fca349: 0 ms
2026-05-134 18:44:04 [main] INFO  org.testng.internal.Utils - [Utils] MethodGroupsHelper.collectMethodsByGroup() took 9 ms.
2026-05-134 18:44:04 [main] INFO  org.testng.internal.Utils - [Utils] MethodGroupsHelper.sortMethods() took 14 ms.
2026-05-134 18:44:04 [main] INFO  org.testng.internal.Utils - [Utils] MethodGroupsHelper.collectMethodsByGroup() took 1 ms.
2026-05-134 18:44:04 [main] INFO  org.testng.internal.Utils - [Utils] MethodGroupsHelper.sortMethods() took 0 ms.
2026-05-134 18:44:04 [main] INFO  org.testng.internal.Utils - [Utils] MethodGroupsHelper.collectMethodsByGroup() took 0 ms.
2026-05-134 18:44:04 [main] INFO  org.testng.internal.Utils - [Utils] MethodGroupsHelper.sortMethods() took 0 ms.
2026-05-134 18:44:04 [main] INFO  org.testng.internal.Utils - [Utils] MethodGroupsHelper.collectMethodsByGroup() took 0 ms.
2026-05-134 18:44:04 [main] INFO  org.testng.internal.Utils - [Utils] MethodGroupsHelper.sortMethods() took 0 ms.
2026-05-134 18:44:04 [main] INFO  org.testng.internal.Utils - [Utils] MethodGroupsHelper.collectMethodsByGroup() took 0 ms.
2026-05-134 18:44:04 [main] INFO  org.testng.internal.Utils - [Utils] MethodGroupsHelper.sortMethods() took 0 ms.
2026-05-134 18:44:04 [main] INFO  org.testng.internal.Utils - [Utils] MethodGroupsHelper.collectMethodsByGroup() took 0 ms.
2026-05-134 18:44:04 [main] INFO  org.testng.internal.Utils - [Utils] MethodGroupsHelper.sortMethods() took 0 ms.
2026-05-134 18:44:04 [main] INFO  org.testng.internal.Utils - [Utils] MethodGroupsHelper.collectMethodsByGroup() took 0 ms.
2026-05-134 18:44:04 [main] INFO  org.testng.internal.Utils - [Utils] MethodGroupsHelper.sortMethods() took 0 ms.
2026-05-134 18:44:04 [main] INFO  org.testng.internal.Utils - [Utils] MethodGroupsHelper.collectMethodsByGroup() took 0 ms.
2026-05-134 18:44:04 [main] INFO  org.testng.internal.Utils - [Utils] MethodGroupsHelper.sortMethods() took 0 ms.
2026-05-134 18:44:04 [main] INFO  org.testng.internal.Utils - [Utils] MethodGroupsHelper.collectMethodsByGroup() took 0 ms.
2026-05-134 18:44:04 [main] INFO  org.testng.internal.Utils - [Utils] MethodGroupsHelper.sortMethods() took 9 ms.
2026-05-134 18:44:04 [main] INFO  org.testng.internal.Utils - [Utils] MethodGroupsHelper.collectMethodsByGroup() took 0 ms.
2026-05-134 18:44:04 [main] INFO  org.testng.internal.Utils - [Utils] MethodGroupsHelper.sortMethods() took 0 ms.
2026-05-134 18:44:04 [main] INFO  org.testng.internal.Utils - [Utils] MethodGroupsHelper.collectMethodsByGroup() took 0 ms.
2026-05-134 18:44:04 [main] INFO  org.testng.internal.Utils - [Utils] MethodGroupsHelper.sortMethods() took 0 ms.
2026-05-134 18:44:04 [main] INFO  org.testng.internal.Utils - [Utils] MethodGroupsHelper.collectMethodsByGroup() took 0 ms.
2026-05-134 18:44:04 [main] INFO  org.testng.internal.Utils - [Utils] MethodGroupsHelper.sortMethods() took 0 ms.
2026-05-134 18:44:04 [main] INFO  org.testng.internal.Utils - [Utils] MethodGroupsHelper.collectMethodsByGroup() took 1 ms.
2026-05-134 18:44:04 [main] INFO  org.testng.internal.Utils - [Utils] MethodGroupsHelper.sortMethods() took 0 ms.
2026-05-134 18:44:04 [main] INFO  org.testng.internal.Utils - [Utils] MethodGroupsHelper.collectMethodsByGroup() took 0 ms.
2026-05-134 18:44:04 [main] INFO  org.testng.internal.Utils - [Utils] MethodGroupsHelper.sortMethods() took 0 ms.
2026-05-134 18:44:04 [main] INFO  org.testng.internal.Utils - [Utils] MethodGroupsHelper.collectMethodsByGroup() took 1 ms.
2026-05-134 18:44:04 [main] INFO  org.testng.internal.Utils - [Utils] MethodGroupsHelper.sortMethods() took 0 ms.
2026-05-134 18:44:04 [main] INFO  org.testng.internal.Utils - [TestNG] Running:
  C:\Users\Siddhi\AppData\Local\Temp\testng-eclipse--825122534\testng-customsuite.xml

2026-05-134 18:44:04 [main] INFO  org.testng.internal.Utils - [Utils] DynamicGraphHelper.createDynamicGraph() took 3 ms.
2026-05-134 18:44:13 [main] INFO  org.utils.qa.Log - LOGIN SUCCESSFUL
2026-05-134 18:44:13 [main] INFO  org.utils.qa.Log - ================================================
2026-05-134 18:44:13 [main] INFO  org.utils.qa.Log - TEST CASE STARTED : TC_HM_001
2026-05-134 18:44:13 [main] INFO  org.utils.qa.Log - ACTION : verifyuser
2026-05-134 18:44:13 [main] INFO  org.utils.qa.Log - TEST TYPE : positive
2026-05-134 18:44:15 [main] INFO  org.utils.qa.Log - TEST PASSED : TC_HM_001
2026-05-134 18:44:15 [main] INFO  org.utils.qa.Log - ================================================
2026-05-134 18:44:16 [main] INFO  org.utils.qa.Log - Browser closed
2026-05-134 18:44:26 [main] INFO  org.utils.qa.Log - LOGIN SUCCESSFUL
2026-05-134 18:44:26 [main] INFO  org.utils.qa.Log - ================================================
2026-05-134 18:44:26 [main] INFO  org.utils.qa.Log - TEST CASE STARTED : TC_HM_002
2026-05-134 18:44:26 [main] INFO  org.utils.qa.Log - ACTION : products
2026-05-134 18:44:26 [main] INFO  org.utils.qa.Log - TEST TYPE : navigation
2026-05-134 18:44:28 [main] INFO  org.utils.qa.Log - TEST PASSED : TC_HM_002
2026-05-134 18:44:28 [main] INFO  org.utils.qa.Log - ================================================
2026-05-134 18:44:28 [main] INFO  org.utils.qa.Log - Browser closed
2026-05-134 18:44:39 [main] INFO  org.utils.qa.Log - LOGIN SUCCESSFUL
2026-05-134 18:44:39 [main] INFO  org.utils.qa.Log - ================================================
2026-05-134 18:44:39 [main] INFO  org.utils.qa.Log - TEST CASE STARTED : TC_HM_003
2026-05-134 18:44:39 [main] INFO  org.utils.qa.Log - ACTION : cart
2026-05-134 18:44:39 [main] INFO  org.utils.qa.Log - TEST TYPE : navigation
2026-05-134 18:44:41 [main] INFO  org.utils.qa.Log - TEST PASSED : TC_HM_003
2026-05-134 18:44:41 [main] INFO  org.utils.qa.Log - ================================================
2026-05-134 18:44:41 [main] INFO  org.utils.qa.Log - Browser closed
2026-05-134 18:44:52 [main] INFO  org.utils.qa.Log - LOGIN SUCCESSFUL
2026-05-134 18:44:52 [main] INFO  org.utils.qa.Log - ================================================
2026-05-134 18:44:52 [main] INFO  org.utils.qa.Log - TEST CASE STARTED : TC_HM_004
2026-05-134 18:44:52 [main] INFO  org.utils.qa.Log - ACTION : logout
2026-05-134 18:44:52 [main] INFO  org.utils.qa.Log - TEST TYPE : functional
2026-05-134 18:44:54 [main] INFO  org.utils.qa.Log - TEST PASSED : TC_HM_004
2026-05-134 18:44:54 [main] INFO  org.utils.qa.Log - ================================================
2026-05-134 18:44:54 [main] INFO  org.utils.qa.Log - Browser closed
2026-05-134 18:45:01 [main] INFO  org.utils.qa.Log - LOGIN SUCCESSFUL
2026-05-134 18:45:01 [main] INFO  org.utils.qa.Log - ================================================
2026-05-134 18:45:01 [main] INFO  org.utils.qa.Log - TEST CASE STARTED : TC_HM_005
2026-05-134 18:45:01 [main] INFO  org.utils.qa.Log - ACTION : category
2026-05-134 18:45:01 [main] INFO  org.utils.qa.Log - TEST TYPE : dropdown
2026-05-134 18:45:12 [main] ERROR org.utils.qa.Log - TEST FAILED : TC_HM_005
2026-05-134 18:45:12 [main] ERROR org.utils.qa.Log - Expected condition failed: waiting for element found by By.xpath: //a[contains(text(),'Women')] to be clickable, but the element was not found: org.openqa.selenium.NoSuchElementException: no such element: Unable to locate element: {"method":"xpath","selector":"//a[contains(text(),'Women')]"}.
(tried for 10 seconds with 500 milliseconds interval)
Build info: version: '4.43.0', revision: 'dd0f534'
System info: os.name: 'Windows 11', os.arch: 'amd64', os.version: '10.0', java.version: '21.0.10'
Driver info: org.openqa.selenium.edge.EdgeDriver
Capabilities {acceptInsecureCerts: false, browserName: MicrosoftEdge, browserVersion: 148.0.3967.54, fedcm:accounts: true, goog:processID: 24660, ms:edgeOptions: {debuggerAddress: localhost:60117}, msedge: {msedgedriverVersion: 148.0.3967.54 (c994e204927e..., userDataDir: C:\Users\Siddhi\AppData\Loc...}, networkConnectionEnabled: false, pageLoadStrategy: normal, platformName: windows, proxy: Proxy(), se:cdp: ws://localhost:60117/devtoo..., se:cdpVersion: 148.0.3967.54, setWindowRect: true, strictFileInteractability: false, timeouts: {implicit: 0, pageLoad: 300000, script: 30000}, unhandledPromptBehavior: dismiss and notify, webauthn:extension:credBlob: true, webauthn:extension:largeBlob: true, webauthn:extension:minPinLength: true, webauthn:extension:prf: true, webauthn:virtualAuthenticators: true}
Session ID: ebcefe0ba2b48e64889fa71ce5a03a5c
2026-05-134 18:45:12 [main] INFO  org.utils.qa.Log - Browser closed
2026-05-134 18:45:21 [main] INFO  org.utils.qa.Log - LOGIN SUCCESSFUL
2026-05-134 18:45:21 [main] INFO  org.utils.qa.Log - ================================================
2026-05-134 18:45:21 [main] INFO  org.utils.qa.Log - TEST CASE STARTED : TC_HM_006
2026-05-134 18:45:21 [main] INFO  org.utils.qa.Log - ACTION : category
2026-05-134 18:45:21 [main] INFO  org.utils.qa.Log - TEST TYPE : dropdown
2026-05-134 18:45:32 [main] ERROR org.utils.qa.Log - TEST FAILED : TC_HM_006
2026-05-134 18:45:32 [main] ERROR org.utils.qa.Log - Expected condition failed: waiting for element found by By.xpath: //a[contains(text(),'Men')] to be clickable, but the element was not found: org.openqa.selenium.NoSuchElementException: no such element: Unable to locate element: {"method":"xpath","selector":"//a[contains(text(),'Men')]"}.
(tried for 10 seconds with 500 milliseconds interval)
Build info: version: '4.43.0', revision: 'dd0f534'
System info: os.name: 'Windows 11', os.arch: 'amd64', os.version: '10.0', java.version: '21.0.10'
Driver info: org.openqa.selenium.edge.EdgeDriver
Capabilities {acceptInsecureCerts: false, browserName: MicrosoftEdge, browserVersion: 148.0.3967.54, fedcm:accounts: true, goog:processID: 25908, ms:edgeOptions: {debuggerAddress: localhost:63591}, msedge: {msedgedriverVersion: 148.0.3967.54 (c994e204927e..., userDataDir: C:\Users\Siddhi\AppData\Loc...}, networkConnectionEnabled: false, pageLoadStrategy: normal, platformName: windows, proxy: Proxy(), se:cdp: ws://localhost:63591/devtoo..., se:cdpVersion: 148.0.3967.54, setWindowRect: true, strictFileInteractability: false, timeouts: {implicit: 0, pageLoad: 300000, script: 30000}, unhandledPromptBehavior: dismiss and notify, webauthn:extension:credBlob: true, webauthn:extension:largeBlob: true, webauthn:extension:minPinLength: true, webauthn:extension:prf: true, webauthn:virtualAuthenticators: true}
Session ID: 97b1570d615a64aa87be24c1962bc2aa
2026-05-134 18:45:32 [main] INFO  org.utils.qa.Log - Browser closed
2026-05-134 18:45:43 [main] INFO  org.utils.qa.Log - LOGIN SUCCESSFUL
2026-05-134 18:45:43 [main] INFO  org.utils.qa.Log - ================================================
2026-05-134 18:45:43 [main] INFO  org.utils.qa.Log - TEST CASE STARTED : TC_HM_007
2026-05-134 18:45:43 [main] INFO  org.utils.qa.Log - ACTION : category
2026-05-134 18:45:43 [main] INFO  org.utils.qa.Log - TEST TYPE : dropdown
2026-05-134 18:45:53 [main] ERROR org.utils.qa.Log - TEST FAILED : TC_HM_007
2026-05-134 18:45:53 [main] ERROR org.utils.qa.Log - Expected condition failed: waiting for element found by By.xpath: //a[contains(text(),'Kids')] to be clickable, but the element was not found: org.openqa.selenium.NoSuchElementException: no such element: Unable to locate element: {"method":"xpath","selector":"//a[contains(text(),'Kids')]"}.
(tried for 10 seconds with 500 milliseconds interval)
Build info: version: '4.43.0', revision: 'dd0f534'
System info: os.name: 'Windows 11', os.arch: 'amd64', os.version: '10.0', java.version: '21.0.10'
Driver info: org.openqa.selenium.edge.EdgeDriver
Capabilities {acceptInsecureCerts: false, browserName: MicrosoftEdge, browserVersion: 148.0.3967.54, fedcm:accounts: true, goog:processID: 22552, ms:edgeOptions: {debuggerAddress: localhost:49678}, msedge: {msedgedriverVersion: 148.0.3967.54 (c994e204927e..., userDataDir: C:\Users\Siddhi\AppData\Loc...}, networkConnectionEnabled: false, pageLoadStrategy: normal, platformName: windows, proxy: Proxy(), se:cdp: ws://localhost:49678/devtoo..., se:cdpVersion: 148.0.3967.54, setWindowRect: true, strictFileInteractability: false, timeouts: {implicit: 0, pageLoad: 300000, script: 30000}, unhandledPromptBehavior: dismiss and notify, webauthn:extension:credBlob: true, webauthn:extension:largeBlob: true, webauthn:extension:minPinLength: true, webauthn:extension:prf: true, webauthn:virtualAuthenticators: true}
Session ID: 39ed5573c370984508791c67f34600f1
2026-05-134 18:45:54 [main] INFO  org.utils.qa.Log - Browser closed
2026-05-134 18:46:03 [main] INFO  org.utils.qa.Log - LOGIN SUCCESSFUL
2026-05-134 18:46:03 [main] INFO  org.utils.qa.Log - ================================================
2026-05-134 18:46:03 [main] INFO  org.utils.qa.Log - TEST CASE STARTED : TC_HM_008
2026-05-134 18:46:03 [main] INFO  org.utils.qa.Log - ACTION : brand
2026-05-134 18:46:03 [main] INFO  org.utils.qa.Log - TEST TYPE : brand
2026-05-134 18:46:14 [main] ERROR org.utils.qa.Log - TEST FAILED : TC_HM_008
2026-05-134 18:46:14 [main] ERROR org.utils.qa.Log - Expected condition failed: waiting for element found by By.xpath: //a[contains(text(),'Biba')] to be clickable, but the element was not found: org.openqa.selenium.NoSuchElementException: no such element: Unable to locate element: {"method":"xpath","selector":"//a[contains(text(),'Biba')]"}.
(tried for 10 seconds with 500 milliseconds interval)
Build info: version: '4.43.0', revision: 'dd0f534'
System info: os.name: 'Windows 11', os.arch: 'amd64', os.version: '10.0', java.version: '21.0.10'
Driver info: org.openqa.selenium.edge.EdgeDriver
Capabilities {acceptInsecureCerts: false, browserName: MicrosoftEdge, browserVersion: 148.0.3967.54, fedcm:accounts: true, goog:processID: 4580, ms:edgeOptions: {debuggerAddress: localhost:59555}, msedge: {msedgedriverVersion: 148.0.3967.54 (c994e204927e..., userDataDir: C:\Users\Siddhi\AppData\Loc...}, networkConnectionEnabled: false, pageLoadStrategy: normal, platformName: windows, proxy: Proxy(), se:cdp: ws://localhost:59555/devtoo..., se:cdpVersion: 148.0.3967.54, setWindowRect: true, strictFileInteractability: false, timeouts: {implicit: 0, pageLoad: 300000, script: 30000}, unhandledPromptBehavior: dismiss and notify, webauthn:extension:credBlob: true, webauthn:extension:largeBlob: true, webauthn:extension:minPinLength: true, webauthn:extension:prf: true, webauthn:virtualAuthenticators: true}
Session ID: c921e10ca29e0dcd3d0faed81a805562
2026-05-134 18:46:15 [main] INFO  org.utils.qa.Log - Browser closed
2026-05-134 18:46:24 [main] INFO  org.utils.qa.Log - LOGIN SUCCESSFUL
2026-05-134 18:46:24 [main] INFO  org.utils.qa.Log - ================================================
2026-05-134 18:46:24 [main] INFO  org.utils.qa.Log - TEST CASE STARTED : TC_HM_009
2026-05-134 18:46:24 [main] INFO  org.utils.qa.Log - ACTION : brand
2026-05-134 18:46:24 [main] INFO  org.utils.qa.Log - TEST TYPE : brand
2026-05-134 18:46:34 [main] ERROR org.utils.qa.Log - TEST FAILED : TC_HM_009
2026-05-134 18:46:34 [main] ERROR org.utils.qa.Log - Expected condition failed: waiting for element found by By.xpath: //a[contains(text(),'Polo')] to be clickable, but the element was not found: org.openqa.selenium.NoSuchElementException: no such element: Unable to locate element: {"method":"xpath","selector":"//a[contains(text(),'Polo')]"}.
(tried for 10 seconds with 500 milliseconds interval)
Build info: version: '4.43.0', revision: 'dd0f534'
System info: os.name: 'Windows 11', os.arch: 'amd64', os.version: '10.0', java.version: '21.0.10'
Driver info: org.openqa.selenium.edge.EdgeDriver
Capabilities {acceptInsecureCerts: false, browserName: MicrosoftEdge, browserVersion: 148.0.3967.54, fedcm:accounts: true, goog:processID: 26364, ms:edgeOptions: {debuggerAddress: localhost:60944}, msedge: {msedgedriverVersion: 148.0.3967.54 (c994e204927e..., userDataDir: C:\Users\Siddhi\AppData\Loc...}, networkConnectionEnabled: false, pageLoadStrategy: normal, platformName: windows, proxy: Proxy(), se:cdp: ws://localhost:60944/devtoo..., se:cdpVersion: 148.0.3967.54, setWindowRect: true, strictFileInteractability: false, timeouts: {implicit: 0, pageLoad: 300000, script: 30000}, unhandledPromptBehavior: dismiss and notify, webauthn:extension:credBlob: true, webauthn:extension:largeBlob: true, webauthn:extension:minPinLength: true, webauthn:extension:prf: true, webauthn:virtualAuthenticators: true}
Session ID: 89e55f489471359a69c4dc5f9d1a43aa
2026-05-134 18:46:35 [main] INFO  org.utils.qa.Log - Browser closed
2026-05-134 18:46:45 [main] INFO  org.utils.qa.Log - LOGIN SUCCESSFUL
2026-05-134 18:46:45 [main] INFO  org.utils.qa.Log - ================================================
2026-05-134 18:46:45 [main] INFO  org.utils.qa.Log - TEST CASE STARTED : TC_HM_010
2026-05-134 18:46:45 [main] INFO  org.utils.qa.Log - ACTION : brand
2026-05-134 18:46:45 [main] INFO  org.utils.qa.Log - TEST TYPE : brand
2026-05-134 18:46:55 [main] ERROR org.utils.qa.Log - TEST FAILED : TC_HM_010
2026-05-134 18:46:55 [main] ERROR org.utils.qa.Log - Expected condition failed: waiting for element found by By.xpath: //a[contains(text(),'H&M')] to be clickable, but the element was not found: org.openqa.selenium.NoSuchElementException: no such element: Unable to locate element: {"method":"xpath","selector":"//a[contains(text(),'H&M')]"}.
(tried for 10 seconds with 500 milliseconds interval)
Build info: version: '4.43.0', revision: 'dd0f534'
System info: os.name: 'Windows 11', os.arch: 'amd64', os.version: '10.0', java.version: '21.0.10'
Driver info: org.openqa.selenium.edge.EdgeDriver
Capabilities {acceptInsecureCerts: false, browserName: MicrosoftEdge, browserVersion: 148.0.3967.54, fedcm:accounts: true, goog:processID: 12044, ms:edgeOptions: {debuggerAddress: localhost:52408}, msedge: {msedgedriverVersion: 148.0.3967.54 (c994e204927e..., userDataDir: C:\Users\Siddhi\AppData\Loc...}, networkConnectionEnabled: false, pageLoadStrategy: normal, platformName: windows, proxy: Proxy(), se:cdp: ws://localhost:52408/devtoo..., se:cdpVersion: 148.0.3967.54, setWindowRect: true, strictFileInteractability: false, timeouts: {implicit: 0, pageLoad: 300000, script: 30000}, unhandledPromptBehavior: dismiss and notify, webauthn:extension:credBlob: true, webauthn:extension:largeBlob: true, webauthn:extension:minPinLength: true, webauthn:extension:prf: true, webauthn:virtualAuthenticators: true}
Session ID: 9833203a2fc345d146fbbdb304146192
2026-05-134 18:46:56 [main] INFO  org.utils.qa.Log - Browser closed
2026-05-134 18:47:03 [main] INFO  org.utils.qa.Log - LOGIN SUCCESSFUL
2026-05-134 18:47:03 [main] INFO  org.utils.qa.Log - ================================================
2026-05-134 18:47:03 [main] INFO  org.utils.qa.Log - TEST CASE STARTED : TC_HM_011
2026-05-134 18:47:03 [main] INFO  org.utils.qa.Log - ACTION : addtocart
2026-05-134 18:47:03 [main] INFO  org.utils.qa.Log - TEST TYPE : cart
2026-05-134 18:47:06 [main] INFO  org.utils.qa.Log - TEST PASSED : TC_HM_011
2026-05-134 18:47:06 [main] INFO  org.utils.qa.Log - ================================================
2026-05-134 18:47:06 [main] INFO  org.utils.qa.Log - Browser closed
2026-05-134 18:47:07 [main] INFO  org.testng.internal.Utils - [TestNG] Time taken by org.testng.reporters.jq.Main@1ead3c67: 61 ms
2026-05-134 18:47:07 [main] INFO  org.testng.internal.Utils - [TestNG] Time taken by org.testng.reporters.FailedReporter@102ecb61: 17 ms
2026-05-134 18:47:07 [main] INFO  org.testng.internal.Utils - [TestNG] Time taken by org.testng.reporters.XMLReporter@25765a49: 21 ms
2026-05-134 18:47:07 [main] INFO  org.testng.internal.Utils - [TestNG] Time taken by org.testng.reporters.EmailableReporter2@2f3a8166: 10 ms
2026-05-134 18:47:07 [main] INFO  org.testng.internal.Utils - [TestNG] Time taken by org.testng.reporters.JUnitReportReporter@7cd25bf5: 9 ms
2026-05-134 18:47:07 [main] INFO  org.testng.internal.Utils - [TestNG] Time taken by org.testng.internal.ExitCodeListener@e2f6e13: 0 ms
2026-05-134 19:01:38 [main] INFO  org.testng.internal.Utils - [Utils] MethodGroupsHelper.collectMethodsByGroup() took 8 ms.
2026-05-134 19:01:38 [main] INFO  org.testng.internal.Utils - [Utils] MethodGroupsHelper.sortMethods() took 16 ms.
2026-05-134 19:01:38 [main] INFO  org.testng.internal.Utils - [Utils] MethodGroupsHelper.collectMethodsByGroup() took 1 ms.
2026-05-134 19:01:38 [main] INFO  org.testng.internal.Utils - [Utils] MethodGroupsHelper.sortMethods() took 0 ms.
2026-05-134 19:01:38 [main] INFO  org.testng.internal.Utils - [Utils] MethodGroupsHelper.collectMethodsByGroup() took 0 ms.
2026-05-134 19:01:38 [main] INFO  org.testng.internal.Utils - [Utils] MethodGroupsHelper.sortMethods() took 1 ms.
2026-05-134 19:01:38 [main] INFO  org.testng.internal.Utils - [Utils] MethodGroupsHelper.collectMethodsByGroup() took 0 ms.
2026-05-134 19:01:38 [main] INFO  org.testng.internal.Utils - [Utils] MethodGroupsHelper.sortMethods() took 0 ms.
2026-05-134 19:01:38 [main] INFO  org.testng.internal.Utils - [Utils] MethodGroupsHelper.collectMethodsByGroup() took 0 ms.
2026-05-134 19:01:38 [main] INFO  org.testng.internal.Utils - [Utils] MethodGroupsHelper.sortMethods() took 0 ms.
2026-05-134 19:01:38 [main] INFO  org.testng.internal.Utils - [Utils] MethodGroupsHelper.collectMethodsByGroup() took 0 ms.
2026-05-134 19:01:38 [main] INFO  org.testng.internal.Utils - [Utils] MethodGroupsHelper.sortMethods() took 0 ms.
2026-05-134 19:01:38 [main] INFO  org.testng.internal.Utils - [Utils] MethodGroupsHelper.collectMethodsByGroup() took 0 ms.
2026-05-134 19:01:38 [main] INFO  org.testng.internal.Utils - [Utils] MethodGroupsHelper.sortMethods() took 0 ms.
2026-05-134 19:01:38 [main] INFO  org.testng.internal.Utils - [Utils] MethodGroupsHelper.collectMethodsByGroup() took 0 ms.
2026-05-134 19:01:38 [main] INFO  org.testng.internal.Utils - [Utils] MethodGroupsHelper.sortMethods() took 0 ms.
2026-05-134 19:01:38 [main] INFO  org.testng.internal.Utils - [Utils] MethodGroupsHelper.collectMethodsByGroup() took 0 ms.
2026-05-134 19:01:38 [main] INFO  org.testng.internal.Utils - [Utils] MethodGroupsHelper.sortMethods() took 19 ms.
2026-05-134 19:01:38 [main] INFO  org.testng.internal.Utils - [Utils] MethodGroupsHelper.collectMethodsByGroup() took 0 ms.
2026-05-134 19:01:38 [main] INFO  org.testng.internal.Utils - [Utils] MethodGroupsHelper.sortMethods() took 0 ms.
2026-05-134 19:01:38 [main] INFO  org.testng.internal.Utils - [Utils] MethodGroupsHelper.collectMethodsByGroup() took 0 ms.
2026-05-134 19:01:38 [main] INFO  org.testng.internal.Utils - [Utils] MethodGroupsHelper.sortMethods() took 0 ms.
2026-05-134 19:01:38 [main] INFO  org.testng.internal.Utils - [Utils] MethodGroupsHelper.collectMethodsByGroup() took 0 ms.
2026-05-134 19:01:38 [main] INFO  org.testng.internal.Utils - [Utils] MethodGroupsHelper.sortMethods() took 0 ms.
2026-05-134 19:01:38 [main] INFO  org.testng.internal.Utils - [Utils] MethodGroupsHelper.collectMethodsByGroup() took 0 ms.
2026-05-134 19:01:38 [main] INFO  org.testng.internal.Utils - [Utils] MethodGroupsHelper.sortMethods() took 0 ms.
2026-05-134 19:01:38 [main] INFO  org.testng.internal.Utils - [Utils] MethodGroupsHelper.collectMethodsByGroup() took 0 ms.
2026-05-134 19:01:38 [main] INFO  org.testng.internal.Utils - [Utils] MethodGroupsHelper.sortMethods() took 0 ms.
2026-05-134 19:01:38 [main] INFO  org.testng.internal.Utils - [Utils] MethodGroupsHelper.collectMethodsByGroup() took 1 ms.
2026-05-134 19:01:38 [main] INFO  org.testng.internal.Utils - [Utils] MethodGroupsHelper.sortMethods() took 0 ms.
2026-05-134 19:01:38 [main] INFO  org.testng.internal.Utils - [TestNG] Running:
  C:\Users\Siddhi\AppData\Local\Temp\testng-eclipse-551228785\testng-customsuite.xml

2026-05-134 19:01:38 [main] INFO  org.testng.internal.Utils - [Utils] DynamicGraphHelper.createDynamicGraph() took 4 ms.
2026-05-134 19:01:45 [main] INFO  org.utils.qa.Log - LOGIN SUCCESSFUL
2026-05-134 19:01:45 [main] INFO  org.utils.qa.Log - ================================================
2026-05-134 19:01:45 [main] INFO  org.utils.qa.Log - TEST CASE STARTED : TC_HM_001
2026-05-134 19:01:45 [main] INFO  org.utils.qa.Log - ACTION : verifyuser
2026-05-134 19:01:48 [main] INFO  org.utils.qa.Log - TEST PASSED : TC_HM_001
2026-05-134 19:01:48 [main] INFO  org.utils.qa.Log - ================================================
2026-05-134 19:01:48 [main] INFO  org.utils.qa.Log - Browser closed
2026-05-134 19:01:57 [main] INFO  org.utils.qa.Log - LOGIN SUCCESSFUL
2026-05-134 19:01:57 [main] INFO  org.utils.qa.Log - ================================================
2026-05-134 19:01:57 [main] INFO  org.utils.qa.Log - TEST CASE STARTED : TC_HM_002
2026-05-134 19:01:57 [main] INFO  org.utils.qa.Log - ACTION : products
2026-05-134 19:02:02 [main] INFO  org.utils.qa.Log - TEST PASSED : TC_HM_002
2026-05-134 19:02:02 [main] INFO  org.utils.qa.Log - ================================================
2026-05-134 19:02:02 [main] INFO  org.utils.qa.Log - Browser closed
2026-05-134 19:02:14 [main] INFO  org.utils.qa.Log - LOGIN SUCCESSFUL
2026-05-134 19:02:14 [main] INFO  org.utils.qa.Log - ================================================
2026-05-134 19:02:14 [main] INFO  org.utils.qa.Log - TEST CASE STARTED : TC_HM_003
2026-05-134 19:02:14 [main] INFO  org.utils.qa.Log - ACTION : cart
2026-05-134 19:02:15 [main] INFO  org.utils.qa.Log - TEST PASSED : TC_HM_003
2026-05-134 19:02:15 [main] INFO  org.utils.qa.Log - ================================================
2026-05-134 19:02:16 [main] INFO  org.utils.qa.Log - Browser closed
2026-05-134 19:02:23 [main] INFO  org.utils.qa.Log - LOGIN SUCCESSFUL
2026-05-134 19:02:23 [main] INFO  org.utils.qa.Log - ================================================
2026-05-134 19:02:23 [main] INFO  org.utils.qa.Log - TEST CASE STARTED : TC_HM_004
2026-05-134 19:02:23 [main] INFO  org.utils.qa.Log - ACTION : logout
2026-05-134 19:02:28 [main] INFO  org.utils.qa.Log - TEST PASSED : TC_HM_004
2026-05-134 19:02:28 [main] INFO  org.utils.qa.Log - ================================================
2026-05-134 19:02:28 [main] INFO  org.utils.qa.Log - Browser closed
2026-05-134 19:02:38 [main] INFO  org.utils.qa.Log - LOGIN SUCCESSFUL
2026-05-134 19:02:38 [main] INFO  org.utils.qa.Log - ================================================
2026-05-134 19:02:38 [main] INFO  org.utils.qa.Log - TEST CASE STARTED : TC_HM_005
2026-05-134 19:02:38 [main] INFO  org.utils.qa.Log - ACTION : category
2026-05-134 19:02:49 [main] ERROR org.utils.qa.Log - TEST FAILED : TC_HM_005
2026-05-134 19:02:49 [main] ERROR org.utils.qa.Log - Expected condition failed: waiting for visibility of element found by By.xpath: //a[contains(text(),'Category')], but... org.openqa.selenium.NoSuchElementException: no such element: Unable to locate element: {"method":"xpath","selector":"//a[contains(text(),'Category')]"}.
(tried for 10 seconds with 500 milliseconds interval)
Build info: version: '4.43.0', revision: 'dd0f534'
System info: os.name: 'Windows 11', os.arch: 'amd64', os.version: '10.0', java.version: '21.0.10'
Driver info: org.openqa.selenium.edge.EdgeDriver
Capabilities {acceptInsecureCerts: false, browserName: MicrosoftEdge, browserVersion: 148.0.3967.54, fedcm:accounts: true, goog:processID: 21868, ms:edgeOptions: {debuggerAddress: localhost:58416}, msedge: {msedgedriverVersion: 148.0.3967.54 (c994e204927e..., userDataDir: C:\Users\Siddhi\AppData\Loc...}, networkConnectionEnabled: false, pageLoadStrategy: normal, platformName: windows, proxy: Proxy(), se:cdp: ws://localhost:58416/devtoo..., se:cdpVersion: 148.0.3967.54, setWindowRect: true, strictFileInteractability: false, timeouts: {implicit: 0, pageLoad: 300000, script: 30000}, unhandledPromptBehavior: dismiss and notify, webauthn:extension:credBlob: true, webauthn:extension:largeBlob: true, webauthn:extension:minPinLength: true, webauthn:extension:prf: true, webauthn:virtualAuthenticators: true}
Session ID: c99e13d9b60c12a32cb531c62f959d77
2026-05-134 19:02:49 [main] INFO  org.utils.qa.Log - Browser closed
2026-05-134 19:03:01 [main] INFO  org.utils.qa.Log - LOGIN SUCCESSFUL
2026-05-134 19:03:01 [main] INFO  org.utils.qa.Log - ================================================
2026-05-134 19:03:01 [main] INFO  org.utils.qa.Log - TEST CASE STARTED : TC_HM_006
2026-05-134 19:03:01 [main] INFO  org.utils.qa.Log - ACTION : category
2026-05-134 19:03:11 [main] ERROR org.utils.qa.Log - TEST FAILED : TC_HM_006
2026-05-134 19:03:11 [main] ERROR org.utils.qa.Log - Expected condition failed: waiting for visibility of element found by By.xpath: //a[contains(text(),'Category')], but... org.openqa.selenium.NoSuchElementException: no such element: Unable to locate element: {"method":"xpath","selector":"//a[contains(text(),'Category')]"}.
(tried for 10 seconds with 500 milliseconds interval)
Build info: version: '4.43.0', revision: 'dd0f534'
System info: os.name: 'Windows 11', os.arch: 'amd64', os.version: '10.0', java.version: '21.0.10'
Driver info: org.openqa.selenium.edge.EdgeDriver
Capabilities {acceptInsecureCerts: false, browserName: MicrosoftEdge, browserVersion: 148.0.3967.54, fedcm:accounts: true, goog:processID: 13992, ms:edgeOptions: {debuggerAddress: localhost:49216}, msedge: {msedgedriverVersion: 148.0.3967.54 (c994e204927e..., userDataDir: C:\Users\Siddhi\AppData\Loc...}, networkConnectionEnabled: false, pageLoadStrategy: normal, platformName: windows, proxy: Proxy(), se:cdp: ws://localhost:49216/devtoo..., se:cdpVersion: 148.0.3967.54, setWindowRect: true, strictFileInteractability: false, timeouts: {implicit: 0, pageLoad: 300000, script: 30000}, unhandledPromptBehavior: dismiss and notify, webauthn:extension:credBlob: true, webauthn:extension:largeBlob: true, webauthn:extension:minPinLength: true, webauthn:extension:prf: true, webauthn:virtualAuthenticators: true}
Session ID: b186879b2a77245fc756896e0aa2bc24
2026-05-134 19:03:12 [main] INFO  org.utils.qa.Log - Browser closed
2026-05-134 19:03:21 [main] INFO  org.utils.qa.Log - LOGIN SUCCESSFUL
2026-05-134 19:03:21 [main] INFO  org.utils.qa.Log - ================================================
2026-05-134 19:03:21 [main] INFO  org.utils.qa.Log - TEST CASE STARTED : TC_HM_007
2026-05-134 19:03:21 [main] INFO  org.utils.qa.Log - ACTION : category
2026-05-134 19:03:31 [main] ERROR org.utils.qa.Log - TEST FAILED : TC_HM_007
2026-05-134 19:03:31 [main] ERROR org.utils.qa.Log - Expected condition failed: waiting for visibility of element found by By.xpath: //a[contains(text(),'Category')], but... org.openqa.selenium.NoSuchElementException: no such element: Unable to locate element: {"method":"xpath","selector":"//a[contains(text(),'Category')]"}.
(tried for 10 seconds with 500 milliseconds interval)
Build info: version: '4.43.0', revision: 'dd0f534'
System info: os.name: 'Windows 11', os.arch: 'amd64', os.version: '10.0', java.version: '21.0.10'
Driver info: org.openqa.selenium.edge.EdgeDriver
Capabilities {acceptInsecureCerts: false, browserName: MicrosoftEdge, browserVersion: 148.0.3967.54, fedcm:accounts: true, goog:processID: 5596, ms:edgeOptions: {debuggerAddress: localhost:52202}, msedge: {msedgedriverVersion: 148.0.3967.54 (c994e204927e..., userDataDir: C:\Users\Siddhi\AppData\Loc...}, networkConnectionEnabled: false, pageLoadStrategy: normal, platformName: windows, proxy: Proxy(), se:cdp: ws://localhost:52202/devtoo..., se:cdpVersion: 148.0.3967.54, setWindowRect: true, strictFileInteractability: false, timeouts: {implicit: 0, pageLoad: 300000, script: 30000}, unhandledPromptBehavior: dismiss and notify, webauthn:extension:credBlob: true, webauthn:extension:largeBlob: true, webauthn:extension:minPinLength: true, webauthn:extension:prf: true, webauthn:virtualAuthenticators: true}
Session ID: feded7e14b3322db82ea5e784c13cf95
2026-05-134 19:03:32 [main] INFO  org.utils.qa.Log - Browser closed
2026-05-134 19:03:42 [main] INFO  org.utils.qa.Log - LOGIN SUCCESSFUL
2026-05-134 19:03:42 [main] INFO  org.utils.qa.Log - ================================================
2026-05-134 19:03:42 [main] INFO  org.utils.qa.Log - TEST CASE STARTED : TC_HM_008
2026-05-134 19:03:42 [main] INFO  org.utils.qa.Log - ACTION : brand
2026-05-134 19:03:52 [main] ERROR org.utils.qa.Log - TEST FAILED : TC_HM_008
2026-05-134 19:03:52 [main] ERROR org.utils.qa.Log - Expected condition failed: waiting for visibility of element found by By.xpath: //a[contains(text(),'Brands')], but... org.openqa.selenium.NoSuchElementException: no such element: Unable to locate element: {"method":"xpath","selector":"//a[contains(text(),'Brands')]"}.
(tried for 10 seconds with 500 milliseconds interval)
Build info: version: '4.43.0', revision: 'dd0f534'
System info: os.name: 'Windows 11', os.arch: 'amd64', os.version: '10.0', java.version: '21.0.10'
Driver info: org.openqa.selenium.edge.EdgeDriver
Capabilities {acceptInsecureCerts: false, browserName: MicrosoftEdge, browserVersion: 148.0.3967.54, fedcm:accounts: true, goog:processID: 19720, ms:edgeOptions: {debuggerAddress: localhost:54668}, msedge: {msedgedriverVersion: 148.0.3967.54 (c994e204927e..., userDataDir: C:\Users\Siddhi\AppData\Loc...}, networkConnectionEnabled: false, pageLoadStrategy: normal, platformName: windows, proxy: Proxy(), se:cdp: ws://localhost:54668/devtoo..., se:cdpVersion: 148.0.3967.54, setWindowRect: true, strictFileInteractability: false, timeouts: {implicit: 0, pageLoad: 300000, script: 30000}, unhandledPromptBehavior: dismiss and notify, webauthn:extension:credBlob: true, webauthn:extension:largeBlob: true, webauthn:extension:minPinLength: true, webauthn:extension:prf: true, webauthn:virtualAuthenticators: true}
Session ID: de540f3dbb063c633e5c9543f19faf8a
2026-05-134 19:03:53 [main] INFO  org.utils.qa.Log - Browser closed
2026-05-134 19:04:01 [main] INFO  org.utils.qa.Log - LOGIN SUCCESSFUL
2026-05-134 19:04:01 [main] INFO  org.utils.qa.Log - ================================================
2026-05-134 19:04:01 [main] INFO  org.utils.qa.Log - TEST CASE STARTED : TC_HM_009
2026-05-134 19:04:01 [main] INFO  org.utils.qa.Log - ACTION : brand
2026-05-134 19:04:11 [main] ERROR org.utils.qa.Log - TEST FAILED : TC_HM_009
2026-05-134 19:04:11 [main] ERROR org.utils.qa.Log - Expected condition failed: waiting for visibility of element found by By.xpath: //a[contains(text(),'Brands')], but... org.openqa.selenium.NoSuchElementException: no such element: Unable to locate element: {"method":"xpath","selector":"//a[contains(text(),'Brands')]"}.
(tried for 10 seconds with 500 milliseconds interval)
Build info: version: '4.43.0', revision: 'dd0f534'
System info: os.name: 'Windows 11', os.arch: 'amd64', os.version: '10.0', java.version: '21.0.10'
Driver info: org.openqa.selenium.edge.EdgeDriver
Capabilities {acceptInsecureCerts: false, browserName: MicrosoftEdge, browserVersion: 148.0.3967.54, fedcm:accounts: true, goog:processID: 4252, ms:edgeOptions: {debuggerAddress: localhost:56820}, msedge: {msedgedriverVersion: 148.0.3967.54 (c994e204927e..., userDataDir: C:\Users\Siddhi\AppData\Loc...}, networkConnectionEnabled: false, pageLoadStrategy: normal, platformName: windows, proxy: Proxy(), se:cdp: ws://localhost:56820/devtoo..., se:cdpVersion: 148.0.3967.54, setWindowRect: true, strictFileInteractability: false, timeouts: {implicit: 0, pageLoad: 300000, script: 30000}, unhandledPromptBehavior: dismiss and notify, webauthn:extension:credBlob: true, webauthn:extension:largeBlob: true, webauthn:extension:minPinLength: true, webauthn:extension:prf: true, webauthn:virtualAuthenticators: true}
Session ID: 532853aeaf7e74296c213c437a260b70
2026-05-134 19:04:12 [main] INFO  org.utils.qa.Log - Browser closed
2026-05-134 19:04:21 [main] INFO  org.utils.qa.Log - LOGIN SUCCESSFUL
2026-05-134 19:04:21 [main] INFO  org.utils.qa.Log - ================================================
2026-05-134 19:04:21 [main] INFO  org.utils.qa.Log - TEST CASE STARTED : TC_HM_010
2026-05-134 19:04:21 [main] INFO  org.utils.qa.Log - ACTION : brand
2026-05-134 19:04:31 [main] ERROR org.utils.qa.Log - TEST FAILED : TC_HM_010
2026-05-134 19:04:31 [main] ERROR org.utils.qa.Log - Expected condition failed: waiting for visibility of element found by By.xpath: //a[contains(text(),'Brands')], but... org.openqa.selenium.NoSuchElementException: no such element: Unable to locate element: {"method":"xpath","selector":"//a[contains(text(),'Brands')]"}.
(tried for 10 seconds with 500 milliseconds interval)
Build info: version: '4.43.0', revision: 'dd0f534'
System info: os.name: 'Windows 11', os.arch: 'amd64', os.version: '10.0', java.version: '21.0.10'
Driver info: org.openqa.selenium.edge.EdgeDriver
Capabilities {acceptInsecureCerts: false, browserName: MicrosoftEdge, browserVersion: 148.0.3967.54, fedcm:accounts: true, goog:processID: 26212, ms:edgeOptions: {debuggerAddress: localhost:64483}, msedge: {msedgedriverVersion: 148.0.3967.54 (c994e204927e..., userDataDir: C:\Users\Siddhi\AppData\Loc...}, networkConnectionEnabled: false, pageLoadStrategy: normal, platformName: windows, proxy: Proxy(), se:cdp: ws://localhost:64483/devtoo..., se:cdpVersion: 148.0.3967.54, setWindowRect: true, strictFileInteractability: false, timeouts: {implicit: 0, pageLoad: 300000, script: 30000}, unhandledPromptBehavior: dismiss and notify, webauthn:extension:credBlob: true, webauthn:extension:largeBlob: true, webauthn:extension:minPinLength: true, webauthn:extension:prf: true, webauthn:virtualAuthenticators: true}
Session ID: d248da57a693503621fd81808b290b97
2026-05-134 19:04:32 [main] INFO  org.utils.qa.Log - Browser closed
2026-05-134 19:04:43 [main] INFO  org.utils.qa.Log - LOGIN SUCCESSFUL
2026-05-134 19:04:43 [main] INFO  org.utils.qa.Log - ================================================
2026-05-134 19:04:43 [main] INFO  org.utils.qa.Log - TEST CASE STARTED : TC_HM_011
2026-05-134 19:04:43 [main] INFO  org.utils.qa.Log - ACTION : addtocart
2026-05-134 19:04:46 [main] INFO  org.utils.qa.Log - TEST PASSED : TC_HM_011
2026-05-134 19:04:46 [main] INFO  org.utils.qa.Log - ================================================
2026-05-134 19:04:46 [main] INFO  org.utils.qa.Log - Browser closed
2026-05-134 19:04:47 [main] INFO  org.testng.internal.Utils - [TestNG] Time taken by org.testng.reporters.jq.Main@1554eaa4: 60 ms
2026-05-134 19:04:47 [main] INFO  org.testng.internal.Utils - [TestNG] Time taken by org.testng.reporters.FailedReporter@3c4c7e51: 15 ms
2026-05-134 19:04:47 [main] INFO  org.testng.internal.Utils - [TestNG] Time taken by org.testng.reporters.XMLReporter@6068cda1: 17 ms
2026-05-134 19:04:47 [main] INFO  org.testng.internal.Utils - [TestNG] Time taken by org.testng.reporters.EmailableReporter2@352e4b6d: 6 ms
2026-05-134 19:04:47 [main] INFO  org.testng.internal.Utils - [TestNG] Time taken by org.testng.reporters.JUnitReportReporter@547052: 11 ms
2026-05-134 19:04:47 [main] INFO  org.testng.internal.Utils - [TestNG] Time taken by org.testng.internal.ExitCodeListener@3ca3eba2: 0 ms
2026-05-134 19:22:55 [main] INFO  org.testng.internal.Utils - [Utils] MethodGroupsHelper.collectMethodsByGroup() took 9 ms.
2026-05-134 19:22:55 [main] INFO  org.testng.internal.Utils - [Utils] MethodGroupsHelper.sortMethods() took 19 ms.
2026-05-134 19:22:55 [main] INFO  org.testng.internal.Utils - [Utils] MethodGroupsHelper.collectMethodsByGroup() took 1 ms.
2026-05-134 19:22:55 [main] INFO  org.testng.internal.Utils - [Utils] MethodGroupsHelper.sortMethods() took 0 ms.
2026-05-134 19:22:55 [main] INFO  org.testng.internal.Utils - [Utils] MethodGroupsHelper.collectMethodsByGroup() took 0 ms.
2026-05-134 19:22:55 [main] INFO  org.testng.internal.Utils - [Utils] MethodGroupsHelper.sortMethods() took 0 ms.
2026-05-134 19:22:55 [main] INFO  org.testng.internal.Utils - [Utils] MethodGroupsHelper.collectMethodsByGroup() took 0 ms.
2026-05-134 19:22:55 [main] INFO  org.testng.internal.Utils - [Utils] MethodGroupsHelper.sortMethods() took 0 ms.
2026-05-134 19:22:55 [main] INFO  org.testng.internal.Utils - [Utils] MethodGroupsHelper.collectMethodsByGroup() took 0 ms.
2026-05-134 19:22:55 [main] INFO  org.testng.internal.Utils - [Utils] MethodGroupsHelper.sortMethods() took 0 ms.
2026-05-134 19:22:55 [main] INFO  org.testng.internal.Utils - [Utils] MethodGroupsHelper.collectMethodsByGroup() took 0 ms.
2026-05-134 19:22:55 [main] INFO  org.testng.internal.Utils - [Utils] MethodGroupsHelper.sortMethods() took 0 ms.
2026-05-134 19:22:55 [main] INFO  org.testng.internal.Utils - [Utils] MethodGroupsHelper.collectMethodsByGroup() took 0 ms.
2026-05-134 19:22:55 [main] INFO  org.testng.internal.Utils - [Utils] MethodGroupsHelper.sortMethods() took 0 ms.
2026-05-134 19:22:55 [main] INFO  org.testng.internal.Utils - [Utils] MethodGroupsHelper.collectMethodsByGroup() took 0 ms.
2026-05-134 19:22:55 [main] INFO  org.testng.internal.Utils - [Utils] MethodGroupsHelper.sortMethods() took 0 ms.
2026-05-134 19:22:55 [main] INFO  org.testng.internal.Utils - [Utils] MethodGroupsHelper.collectMethodsByGroup() took 1 ms.
2026-05-134 19:22:55 [main] INFO  org.testng.internal.Utils - [Utils] MethodGroupsHelper.sortMethods() took 8 ms.
2026-05-134 19:22:55 [main] INFO  org.testng.internal.Utils - [Utils] MethodGroupsHelper.collectMethodsByGroup() took 0 ms.
2026-05-134 19:22:55 [main] INFO  org.testng.internal.Utils - [Utils] MethodGroupsHelper.sortMethods() took 1 ms.
2026-05-134 19:22:55 [main] INFO  org.testng.internal.Utils - [Utils] MethodGroupsHelper.collectMethodsByGroup() took 0 ms.
2026-05-134 19:22:55 [main] INFO  org.testng.internal.Utils - [Utils] MethodGroupsHelper.sortMethods() took 1 ms.
2026-05-134 19:22:55 [main] INFO  org.testng.internal.Utils - [Utils] MethodGroupsHelper.collectMethodsByGroup() took 0 ms.
2026-05-134 19:22:55 [main] INFO  org.testng.internal.Utils - [Utils] MethodGroupsHelper.sortMethods() took 0 ms.
2026-05-134 19:22:55 [main] INFO  org.testng.internal.Utils - [Utils] MethodGroupsHelper.collectMethodsByGroup() took 0 ms.
2026-05-134 19:22:55 [main] INFO  org.testng.internal.Utils - [Utils] MethodGroupsHelper.sortMethods() took 0 ms.
2026-05-134 19:22:55 [main] INFO  org.testng.internal.Utils - [Utils] MethodGroupsHelper.collectMethodsByGroup() took 0 ms.
2026-05-134 19:22:55 [main] INFO  org.testng.internal.Utils - [Utils] MethodGroupsHelper.sortMethods() took 0 ms.
2026-05-134 19:22:55 [main] INFO  org.testng.internal.Utils - [Utils] MethodGroupsHelper.collectMethodsByGroup() took 0 ms.
2026-05-134 19:22:55 [main] INFO  org.testng.internal.Utils - [Utils] MethodGroupsHelper.sortMethods() took 0 ms.
2026-05-134 19:22:55 [main] INFO  org.testng.internal.Utils - [TestNG] Running:
  C:\Users\Siddhi\AppData\Local\Temp\testng-eclipse-348457892\testng-customsuite.xml

2026-05-134 19:22:56 [main] INFO  org.testng.internal.Utils - [Utils] DynamicGraphHelper.createDynamicGraph() took 3 ms.
2026-05-134 19:23:06 [main] INFO  org.utils.qa.Log - LOGIN SUCCESSFUL
2026-05-134 19:23:06 [main] INFO  org.utils.qa.Log - ================================================
2026-05-134 19:23:06 [main] INFO  org.utils.qa.Log - TEST CASE STARTED : TC_HM_001
2026-05-134 19:23:06 [main] INFO  org.utils.qa.Log - ACTION : verifyuser
2026-05-134 19:23:06 [main] INFO  org.utils.qa.Log - TEST PASSED : TC_HM_001
2026-05-134 19:23:06 [main] INFO  org.utils.qa.Log - ================================================
2026-05-134 19:23:07 [main] INFO  org.utils.qa.Log - Browser closed
2026-05-134 19:23:16 [main] INFO  org.utils.qa.Log - LOGIN SUCCESSFUL
2026-05-134 19:23:16 [main] INFO  org.utils.qa.Log - ================================================
2026-05-134 19:23:16 [main] INFO  org.utils.qa.Log - TEST CASE STARTED : TC_HM_002
2026-05-134 19:23:16 [main] INFO  org.utils.qa.Log - ACTION : products
2026-05-134 19:23:32 [main] ERROR org.utils.qa.Log - TEST FAILED : TC_HM_002
2026-05-134 19:23:32 [main] ERROR org.utils.qa.Log - Expected condition failed: waiting for element found by By.linkText: Products to be clickable, but the element was not found: org.openqa.selenium.NoSuchElementException: no such element: Unable to locate element: {"method":"link text","selector":"Products"}.
(tried for 15 seconds with 500 milliseconds interval)
Build info: version: '4.43.0', revision: 'dd0f534'
System info: os.name: 'Windows 11', os.arch: 'amd64', os.version: '10.0', java.version: '21.0.10'
Driver info: org.openqa.selenium.edge.EdgeDriver
Capabilities {acceptInsecureCerts: false, browserName: MicrosoftEdge, browserVersion: 148.0.3967.54, fedcm:accounts: true, goog:processID: 22688, ms:edgeOptions: {debuggerAddress: localhost:59154}, msedge: {msedgedriverVersion: 148.0.3967.54 (c994e204927e..., userDataDir: C:\Users\Siddhi\AppData\Loc...}, networkConnectionEnabled: false, pageLoadStrategy: normal, platformName: windows, proxy: Proxy(), se:cdp: ws://localhost:59154/devtoo..., se:cdpVersion: 148.0.3967.54, setWindowRect: true, strictFileInteractability: false, timeouts: {implicit: 0, pageLoad: 300000, script: 30000}, unhandledPromptBehavior: dismiss and notify, webauthn:extension:credBlob: true, webauthn:extension:largeBlob: true, webauthn:extension:minPinLength: true, webauthn:extension:prf: true, webauthn:virtualAuthenticators: true}
Session ID: 4645554ecdc016dfc547702b21af180a
2026-05-134 19:23:33 [main] INFO  org.utils.qa.Log - Browser closed
2026-05-134 19:23:43 [main] INFO  org.utils.qa.Log - LOGIN SUCCESSFUL
2026-05-134 19:23:43 [main] INFO  org.utils.qa.Log - ================================================
2026-05-134 19:23:43 [main] INFO  org.utils.qa.Log - TEST CASE STARTED : TC_HM_003
2026-05-134 19:23:43 [main] INFO  org.utils.qa.Log - ACTION : cart
2026-05-134 19:23:44 [main] INFO  org.utils.qa.Log - TEST PASSED : TC_HM_003
2026-05-134 19:23:44 [main] INFO  org.utils.qa.Log - ================================================
2026-05-134 19:23:44 [main] INFO  org.utils.qa.Log - Browser closed
2026-05-134 19:23:55 [main] INFO  org.utils.qa.Log - LOGIN SUCCESSFUL
2026-05-134 19:23:55 [main] INFO  org.utils.qa.Log - ================================================
2026-05-134 19:23:55 [main] INFO  org.utils.qa.Log - TEST CASE STARTED : TC_HM_004
2026-05-134 19:23:55 [main] INFO  org.utils.qa.Log - ACTION : logout
2026-05-134 19:23:56 [main] INFO  org.utils.qa.Log - TEST PASSED : TC_HM_004
2026-05-134 19:23:56 [main] INFO  org.utils.qa.Log - ================================================
2026-05-134 19:23:57 [main] INFO  org.utils.qa.Log - Browser closed
2026-05-134 19:24:06 [main] INFO  org.utils.qa.Log - LOGIN SUCCESSFUL
2026-05-134 19:24:06 [main] INFO  org.utils.qa.Log - ================================================
2026-05-134 19:24:06 [main] INFO  org.utils.qa.Log - TEST CASE STARTED : TC_HM_005
2026-05-134 19:24:06 [main] INFO  org.utils.qa.Log - ACTION : category
2026-05-134 19:24:22 [main] ERROR org.utils.qa.Log - TEST FAILED : TC_HM_005
2026-05-134 19:24:22 [main] ERROR org.utils.qa.Log - Expected condition failed: waiting for presence of element found by By.cssSelector: a[href='#Category']
(tried for 15 seconds with 500 milliseconds interval)
Build info: version: '4.43.0', revision: 'dd0f534'
System info: os.name: 'Windows 11', os.arch: 'amd64', os.version: '10.0', java.version: '21.0.10'
Driver info: org.openqa.selenium.edge.EdgeDriver
Capabilities {acceptInsecureCerts: false, browserName: MicrosoftEdge, browserVersion: 148.0.3967.54, fedcm:accounts: true, goog:processID: 22700, ms:edgeOptions: {debuggerAddress: localhost:56690}, msedge: {msedgedriverVersion: 148.0.3967.54 (c994e204927e..., userDataDir: C:\Users\Siddhi\AppData\Loc...}, networkConnectionEnabled: false, pageLoadStrategy: normal, platformName: windows, proxy: Proxy(), se:cdp: ws://localhost:56690/devtoo..., se:cdpVersion: 148.0.3967.54, setWindowRect: true, strictFileInteractability: false, timeouts: {implicit: 0, pageLoad: 300000, script: 30000}, unhandledPromptBehavior: dismiss and notify, webauthn:extension:credBlob: true, webauthn:extension:largeBlob: true, webauthn:extension:minPinLength: true, webauthn:extension:prf: true, webauthn:virtualAuthenticators: true}
Session ID: ea03653cdb28ae1801b068f3b1349577
2026-05-134 19:24:22 [main] INFO  org.utils.qa.Log - Browser closed
2026-05-134 19:24:30 [main] INFO  org.utils.qa.Log - LOGIN SUCCESSFUL
2026-05-134 19:24:30 [main] INFO  org.utils.qa.Log - ================================================
2026-05-134 19:24:30 [main] INFO  org.utils.qa.Log - TEST CASE STARTED : TC_HM_006
2026-05-134 19:24:30 [main] INFO  org.utils.qa.Log - ACTION : category
2026-05-134 19:24:46 [main] ERROR org.utils.qa.Log - TEST FAILED : TC_HM_006
2026-05-134 19:24:46 [main] ERROR org.utils.qa.Log - Expected condition failed: waiting for presence of element found by By.cssSelector: a[href='#Category']
(tried for 15 seconds with 500 milliseconds interval)
Build info: version: '4.43.0', revision: 'dd0f534'
System info: os.name: 'Windows 11', os.arch: 'amd64', os.version: '10.0', java.version: '21.0.10'
Driver info: org.openqa.selenium.edge.EdgeDriver
Capabilities {acceptInsecureCerts: false, browserName: MicrosoftEdge, browserVersion: 148.0.3967.54, fedcm:accounts: true, goog:processID: 22168, ms:edgeOptions: {debuggerAddress: localhost:56534}, msedge: {msedgedriverVersion: 148.0.3967.54 (c994e204927e..., userDataDir: C:\Users\Siddhi\AppData\Loc...}, networkConnectionEnabled: false, pageLoadStrategy: normal, platformName: windows, proxy: Proxy(), se:cdp: ws://localhost:56534/devtoo..., se:cdpVersion: 148.0.3967.54, setWindowRect: true, strictFileInteractability: false, timeouts: {implicit: 0, pageLoad: 300000, script: 30000}, unhandledPromptBehavior: dismiss and notify, webauthn:extension:credBlob: true, webauthn:extension:largeBlob: true, webauthn:extension:minPinLength: true, webauthn:extension:prf: true, webauthn:virtualAuthenticators: true}
Session ID: 6795bb19c3624f3f37cbc61d8fbd3898
2026-05-134 19:24:46 [main] INFO  org.utils.qa.Log - Browser closed
2026-05-134 19:25:06 [main] INFO  org.utils.qa.Log - LOGIN SUCCESSFUL
2026-05-134 19:25:06 [main] INFO  org.utils.qa.Log - ================================================
2026-05-134 19:25:06 [main] INFO  org.utils.qa.Log - TEST CASE STARTED : TC_HM_007
2026-05-134 19:25:06 [main] INFO  org.utils.qa.Log - ACTION : category
2026-05-134 19:25:14 [main] INFO  org.testng.internal.Utils - [TestNG] Time taken by org.testng.reporters.jq.Main@15186ce0: 58 ms
2026-05-134 19:25:14 [main] INFO  org.testng.internal.Utils - [TestNG] Time taken by org.testng.reporters.FailedReporter@f4f843f: 12 ms
2026-05-134 19:25:14 [main] INFO  org.testng.internal.Utils - [TestNG] Time taken by org.testng.reporters.XMLReporter@8851ec: 24 ms
2026-05-134 19:25:14 [main] INFO  org.testng.internal.Utils - [TestNG] Time taken by org.testng.reporters.EmailableReporter2@1850f2da: 8 ms
2026-05-134 19:25:14 [main] INFO  org.testng.internal.Utils - [TestNG] Time taken by org.testng.reporters.JUnitReportReporter@8f6b4ab: 10 ms
2026-05-134 19:25:14 [main] INFO  org.testng.internal.Utils - [TestNG] Time taken by org.testng.internal.ExitCodeListener@6e517c9e: 1 ms
2026-05-134 19:27:55 [main] INFO  org.testng.internal.Utils - [Utils] MethodGroupsHelper.collectMethodsByGroup() took 6 ms.
2026-05-134 19:27:55 [main] INFO  org.testng.internal.Utils - [Utils] MethodGroupsHelper.sortMethods() took 18 ms.
2026-05-134 19:27:55 [main] INFO  org.testng.internal.Utils - [Utils] MethodGroupsHelper.collectMethodsByGroup() took 0 ms.
2026-05-134 19:27:55 [main] INFO  org.testng.internal.Utils - [Utils] MethodGroupsHelper.sortMethods() took 0 ms.
2026-05-134 19:27:55 [main] INFO  org.testng.internal.Utils - [Utils] MethodGroupsHelper.collectMethodsByGroup() took 0 ms.
2026-05-134 19:27:55 [main] INFO  org.testng.internal.Utils - [Utils] MethodGroupsHelper.sortMethods() took 0 ms.
2026-05-134 19:27:55 [main] INFO  org.testng.internal.Utils - [Utils] MethodGroupsHelper.collectMethodsByGroup() took 0 ms.
2026-05-134 19:27:55 [main] INFO  org.testng.internal.Utils - [Utils] MethodGroupsHelper.sortMethods() took 0 ms.
2026-05-134 19:27:55 [main] INFO  org.testng.internal.Utils - [Utils] MethodGroupsHelper.collectMethodsByGroup() took 0 ms.
2026-05-134 19:27:55 [main] INFO  org.testng.internal.Utils - [Utils] MethodGroupsHelper.sortMethods() took 0 ms.
2026-05-134 19:27:55 [main] INFO  org.testng.internal.Utils - [Utils] MethodGroupsHelper.collectMethodsByGroup() took 0 ms.
2026-05-134 19:27:55 [main] INFO  org.testng.internal.Utils - [Utils] MethodGroupsHelper.sortMethods() took 0 ms.
2026-05-134 19:27:55 [main] INFO  org.testng.internal.Utils - [Utils] MethodGroupsHelper.collectMethodsByGroup() took 0 ms.
2026-05-134 19:27:55 [main] INFO  org.testng.internal.Utils - [Utils] MethodGroupsHelper.sortMethods() took 0 ms.
2026-05-134 19:27:55 [main] INFO  org.testng.internal.Utils - [Utils] MethodGroupsHelper.collectMethodsByGroup() took 0 ms.
2026-05-134 19:27:55 [main] INFO  org.testng.internal.Utils - [Utils] MethodGroupsHelper.sortMethods() took 0 ms.
2026-05-134 19:27:55 [main] INFO  org.testng.internal.Utils - [Utils] MethodGroupsHelper.collectMethodsByGroup() took 0 ms.
2026-05-134 19:27:55 [main] INFO  org.testng.internal.Utils - [Utils] MethodGroupsHelper.sortMethods() took 16 ms.
2026-05-134 19:27:55 [main] INFO  org.testng.internal.Utils - [Utils] MethodGroupsHelper.collectMethodsByGroup() took 0 ms.
2026-05-134 19:27:55 [main] INFO  org.testng.internal.Utils - [Utils] MethodGroupsHelper.sortMethods() took 0 ms.
2026-05-134 19:27:55 [main] INFO  org.testng.internal.Utils - [Utils] MethodGroupsHelper.collectMethodsByGroup() took 0 ms.
2026-05-134 19:27:55 [main] INFO  org.testng.internal.Utils - [Utils] MethodGroupsHelper.sortMethods() took 1 ms.
2026-05-134 19:27:55 [main] INFO  org.testng.internal.Utils - [Utils] MethodGroupsHelper.collectMethodsByGroup() took 0 ms.
2026-05-134 19:27:55 [main] INFO  org.testng.internal.Utils - [Utils] MethodGroupsHelper.sortMethods() took 0 ms.
2026-05-134 19:27:55 [main] INFO  org.testng.internal.Utils - [Utils] MethodGroupsHelper.collectMethodsByGroup() took 0 ms.
2026-05-134 19:27:55 [main] INFO  org.testng.internal.Utils - [Utils] MethodGroupsHelper.sortMethods() took 1 ms.
2026-05-134 19:27:55 [main] INFO  org.testng.internal.Utils - [Utils] MethodGroupsHelper.collectMethodsByGroup() took 0 ms.
2026-05-134 19:27:55 [main] INFO  org.testng.internal.Utils - [Utils] MethodGroupsHelper.sortMethods() took 0 ms.
2026-05-134 19:27:55 [main] INFO  org.testng.internal.Utils - [Utils] MethodGroupsHelper.collectMethodsByGroup() took 0 ms.
2026-05-134 19:27:55 [main] INFO  org.testng.internal.Utils - [Utils] MethodGroupsHelper.sortMethods() took 1 ms.
2026-05-134 19:27:55 [main] INFO  org.testng.internal.Utils - [TestNG] Running:
  C:\Users\Siddhi\AppData\Local\Temp\testng-eclipse--1762044711\testng-customsuite.xml

2026-05-134 19:27:55 [main] INFO  org.testng.internal.Utils - [Utils] DynamicGraphHelper.createDynamicGraph() took 4 ms.
2026-05-134 19:28:03 [main] INFO  org.utils.qa.Log - LOGIN SUCCESSFUL
2026-05-134 19:28:03 [main] INFO  org.utils.qa.Log - ================================================
2026-05-134 19:28:03 [main] INFO  org.utils.qa.Log - TEST CASE STARTED : TC_HM_001
2026-05-134 19:28:03 [main] INFO  org.utils.qa.Log - ACTION : verifyuser
2026-05-134 19:28:07 [main] INFO  org.utils.qa.Log - TEST PASSED : TC_HM_001
2026-05-134 19:28:07 [main] INFO  org.utils.qa.Log - ================================================
2026-05-134 19:28:07 [main] INFO  org.utils.qa.Log - Browser closed
2026-05-134 19:28:17 [main] INFO  org.utils.qa.Log - LOGIN SUCCESSFUL
2026-05-134 19:28:17 [main] INFO  org.utils.qa.Log - ================================================
2026-05-134 19:28:17 [main] INFO  org.utils.qa.Log - TEST CASE STARTED : TC_HM_002
2026-05-134 19:28:17 [main] INFO  org.utils.qa.Log - ACTION : products
2026-05-134 19:28:20 [main] INFO  org.utils.qa.Log - TEST PASSED : TC_HM_002
2026-05-134 19:28:20 [main] INFO  org.utils.qa.Log - ================================================
2026-05-134 19:28:20 [main] INFO  org.utils.qa.Log - Browser closed
2026-05-134 19:28:28 [main] INFO  org.utils.qa.Log - LOGIN SUCCESSFUL
2026-05-134 19:28:28 [main] INFO  org.utils.qa.Log - ================================================
2026-05-134 19:28:28 [main] INFO  org.utils.qa.Log - TEST CASE STARTED : TC_HM_003
2026-05-134 19:28:28 [main] INFO  org.utils.qa.Log - ACTION : cart
2026-05-134 19:28:32 [main] INFO  org.utils.qa.Log - TEST PASSED : TC_HM_003
2026-05-134 19:28:32 [main] INFO  org.utils.qa.Log - ================================================
2026-05-134 19:28:32 [main] INFO  org.utils.qa.Log - Browser closed
2026-05-134 19:28:43 [main] INFO  org.utils.qa.Log - LOGIN SUCCESSFUL
2026-05-134 19:28:43 [main] INFO  org.utils.qa.Log - ================================================
2026-05-134 19:28:43 [main] INFO  org.utils.qa.Log - TEST CASE STARTED : TC_HM_004
2026-05-134 19:28:43 [main] INFO  org.utils.qa.Log - ACTION : logout
2026-05-134 19:28:45 [main] INFO  org.utils.qa.Log - TEST PASSED : TC_HM_004
2026-05-134 19:28:45 [main] INFO  org.utils.qa.Log - ================================================
2026-05-134 19:28:45 [main] INFO  org.utils.qa.Log - Browser closed
2026-05-134 19:28:55 [main] INFO  org.utils.qa.Log - LOGIN SUCCESSFUL
2026-05-134 19:28:55 [main] INFO  org.utils.qa.Log - ================================================
2026-05-134 19:28:55 [main] INFO  org.utils.qa.Log - TEST CASE STARTED : TC_HM_005
2026-05-134 19:28:55 [main] INFO  org.utils.qa.Log - ACTION : category
2026-05-134 19:29:16 [main] ERROR org.utils.qa.Log - TEST FAILED : TC_HM_005
2026-05-134 19:29:16 [main] ERROR org.utils.qa.Log - Expected condition failed: waiting for element found by By.xpath: //a[contains(@href,'women')] | //a[contains(text(),'Women')] to be clickable, but the element was not found: org.openqa.selenium.NoSuchElementException: no such element: Unable to locate element: {"method":"xpath","selector":"//a[contains(@href,'women')] | //a[contains(text(),'Women')]"}.
(tried for 20 seconds with 500 milliseconds interval)
Build info: version: '4.43.0', revision: 'dd0f534'
System info: os.name: 'Windows 11', os.arch: 'amd64', os.version: '10.0', java.version: '21.0.10'
Driver info: org.openqa.selenium.edge.EdgeDriver
Capabilities {acceptInsecureCerts: false, browserName: MicrosoftEdge, browserVersion: 148.0.3967.54, fedcm:accounts: true, goog:processID: 18916, ms:edgeOptions: {debuggerAddress: localhost:51898}, msedge: {msedgedriverVersion: 148.0.3967.54 (c994e204927e..., userDataDir: C:\Users\Siddhi\AppData\Loc...}, networkConnectionEnabled: false, pageLoadStrategy: normal, platformName: windows, proxy: Proxy(), se:cdp: ws://localhost:51898/devtoo..., se:cdpVersion: 148.0.3967.54, setWindowRect: true, strictFileInteractability: false, timeouts: {implicit: 0, pageLoad: 300000, script: 30000}, unhandledPromptBehavior: dismiss and notify, webauthn:extension:credBlob: true, webauthn:extension:largeBlob: true, webauthn:extension:minPinLength: true, webauthn:extension:prf: true, webauthn:virtualAuthenticators: true}
Session ID: 3060e925c6af85da0f1a1f20af25515c
2026-05-134 19:29:16 [main] INFO  org.utils.qa.Log - Browser closed
2026-05-134 19:29:26 [main] INFO  org.utils.qa.Log - LOGIN SUCCESSFUL
2026-05-134 19:29:26 [main] INFO  org.utils.qa.Log - ================================================
2026-05-134 19:29:26 [main] INFO  org.utils.qa.Log - TEST CASE STARTED : TC_HM_006
2026-05-134 19:29:26 [main] INFO  org.utils.qa.Log - ACTION : category
2026-05-134 19:29:27 [main] INFO  org.utils.qa.Log - TEST PASSED : TC_HM_006
2026-05-134 19:29:27 [main] INFO  org.utils.qa.Log - ================================================
2026-05-134 19:29:27 [main] INFO  org.utils.qa.Log - Browser closed
2026-05-134 19:29:38 [main] INFO  org.utils.qa.Log - LOGIN SUCCESSFUL
2026-05-134 19:29:38 [main] INFO  org.utils.qa.Log - ================================================
2026-05-134 19:29:38 [main] INFO  org.utils.qa.Log - TEST CASE STARTED : TC_HM_007
2026-05-134 19:29:38 [main] INFO  org.utils.qa.Log - ACTION : category
2026-05-134 19:29:58 [main] ERROR org.utils.qa.Log - TEST FAILED : TC_HM_007
2026-05-134 19:29:58 [main] ERROR org.utils.qa.Log - Expected condition failed: waiting for element found by By.xpath: //a[contains(@href,'kids')] | //a[contains(text(),'Kids')] to be clickable, but the element was not found: org.openqa.selenium.NoSuchElementException: no such element: Unable to locate element: {"method":"xpath","selector":"//a[contains(@href,'kids')] | //a[contains(text(),'Kids')]"}.
(tried for 20 seconds with 500 milliseconds interval)
Build info: version: '4.43.0', revision: 'dd0f534'
System info: os.name: 'Windows 11', os.arch: 'amd64', os.version: '10.0', java.version: '21.0.10'
Driver info: org.openqa.selenium.edge.EdgeDriver
Capabilities {acceptInsecureCerts: false, browserName: MicrosoftEdge, browserVersion: 148.0.3967.54, fedcm:accounts: true, goog:processID: 18740, ms:edgeOptions: {debuggerAddress: localhost:64762}, msedge: {msedgedriverVersion: 148.0.3967.54 (c994e204927e..., userDataDir: C:\Users\Siddhi\AppData\Loc...}, networkConnectionEnabled: false, pageLoadStrategy: normal, platformName: windows, proxy: Proxy(), se:cdp: ws://localhost:64762/devtoo..., se:cdpVersion: 148.0.3967.54, setWindowRect: true, strictFileInteractability: false, timeouts: {implicit: 0, pageLoad: 300000, script: 30000}, unhandledPromptBehavior: dismiss and notify, webauthn:extension:credBlob: true, webauthn:extension:largeBlob: true, webauthn:extension:minPinLength: true, webauthn:extension:prf: true, webauthn:virtualAuthenticators: true}
Session ID: bc19c5edbf10e9038bfb8070e991adc9
2026-05-134 19:29:59 [main] INFO  org.utils.qa.Log - Browser closed
2026-05-134 19:30:10 [main] INFO  org.utils.qa.Log - LOGIN SUCCESSFUL
2026-05-134 19:30:10 [main] INFO  org.utils.qa.Log - ================================================
2026-05-134 19:30:10 [main] INFO  org.utils.qa.Log - TEST CASE STARTED : TC_HM_008
2026-05-134 19:30:10 [main] INFO  org.utils.qa.Log - ACTION : brand
2026-05-134 19:30:30 [main] ERROR org.utils.qa.Log - TEST FAILED : TC_HM_008
2026-05-134 19:30:30 [main] ERROR org.utils.qa.Log - Expected condition failed: waiting for element found by By.xpath: //a[contains(@href,'biba')] | //a[contains(text(),'Biba')] to be clickable, but the element was not found: org.openqa.selenium.NoSuchElementException: no such element: Unable to locate element: {"method":"xpath","selector":"//a[contains(@href,'biba')] | //a[contains(text(),'Biba')]"}.
(tried for 20 seconds with 500 milliseconds interval)
Build info: version: '4.43.0', revision: 'dd0f534'
System info: os.name: 'Windows 11', os.arch: 'amd64', os.version: '10.0', java.version: '21.0.10'
Driver info: org.openqa.selenium.edge.EdgeDriver
Capabilities {acceptInsecureCerts: false, browserName: MicrosoftEdge, browserVersion: 148.0.3967.54, fedcm:accounts: true, goog:processID: 5312, ms:edgeOptions: {debuggerAddress: localhost:61438}, msedge: {msedgedriverVersion: 148.0.3967.54 (c994e204927e..., userDataDir: C:\Users\Siddhi\AppData\Loc...}, networkConnectionEnabled: false, pageLoadStrategy: normal, platformName: windows, proxy: Proxy(), se:cdp: ws://localhost:61438/devtoo..., se:cdpVersion: 148.0.3967.54, setWindowRect: true, strictFileInteractability: false, timeouts: {implicit: 0, pageLoad: 300000, script: 30000}, unhandledPromptBehavior: dismiss and notify, webauthn:extension:credBlob: true, webauthn:extension:largeBlob: true, webauthn:extension:minPinLength: true, webauthn:extension:prf: true, webauthn:virtualAuthenticators: true}
Session ID: e059529de41708230138a9bf9d465573
2026-05-134 19:30:31 [main] INFO  org.utils.qa.Log - Browser closed
2026-05-134 19:30:41 [main] INFO  org.utils.qa.Log - LOGIN SUCCESSFUL
2026-05-134 19:30:41 [main] INFO  org.utils.qa.Log - ================================================
2026-05-134 19:30:41 [main] INFO  org.utils.qa.Log - TEST CASE STARTED : TC_HM_009
2026-05-134 19:30:41 [main] INFO  org.utils.qa.Log - ACTION : brand
2026-05-134 19:31:01 [main] ERROR org.utils.qa.Log - TEST FAILED : TC_HM_009
2026-05-134 19:31:01 [main] ERROR org.utils.qa.Log - Expected condition failed: waiting for element found by By.xpath: //a[contains(@href,'polo')] | //a[contains(text(),'Polo')] to be clickable, but the element was not found: org.openqa.selenium.NoSuchElementException: no such element: Unable to locate element: {"method":"xpath","selector":"//a[contains(@href,'polo')] | //a[contains(text(),'Polo')]"}.
(tried for 20 seconds with 500 milliseconds interval)
Build info: version: '4.43.0', revision: 'dd0f534'
System info: os.name: 'Windows 11', os.arch: 'amd64', os.version: '10.0', java.version: '21.0.10'
Driver info: org.openqa.selenium.edge.EdgeDriver
Capabilities {acceptInsecureCerts: false, browserName: MicrosoftEdge, browserVersion: 148.0.3967.54, fedcm:accounts: true, goog:processID: 2612, ms:edgeOptions: {debuggerAddress: localhost:52285}, msedge: {msedgedriverVersion: 148.0.3967.54 (c994e204927e..., userDataDir: C:\Users\Siddhi\AppData\Loc...}, networkConnectionEnabled: false, pageLoadStrategy: normal, platformName: windows, proxy: Proxy(), se:cdp: ws://localhost:52285/devtoo..., se:cdpVersion: 148.0.3967.54, setWindowRect: true, strictFileInteractability: false, timeouts: {implicit: 0, pageLoad: 300000, script: 30000}, unhandledPromptBehavior: dismiss and notify, webauthn:extension:credBlob: true, webauthn:extension:largeBlob: true, webauthn:extension:minPinLength: true, webauthn:extension:prf: true, webauthn:virtualAuthenticators: true}
Session ID: 97a5b2bfea79f655f736a7efd7251a5e
2026-05-134 19:31:02 [main] INFO  org.utils.qa.Log - Browser closed
2026-05-134 19:31:12 [main] INFO  org.utils.qa.Log - LOGIN SUCCESSFUL
2026-05-134 19:31:12 [main] INFO  org.utils.qa.Log - ================================================
2026-05-134 19:31:12 [main] INFO  org.utils.qa.Log - TEST CASE STARTED : TC_HM_010
2026-05-134 19:31:12 [main] INFO  org.utils.qa.Log - ACTION : brand
2026-05-134 19:31:33 [main] ERROR org.utils.qa.Log - TEST FAILED : TC_HM_010
2026-05-134 19:31:33 [main] ERROR org.utils.qa.Log - Expected condition failed: waiting for element found by By.xpath: //a[contains(@href,'h&m')] | //a[contains(text(),'H&M')] to be clickable, but the element was not found: org.openqa.selenium.NoSuchElementException: no such element: Unable to locate element: {"method":"xpath","selector":"//a[contains(@href,'h&m')] | //a[contains(text(),'H&M')]"}.
(tried for 20 seconds with 500 milliseconds interval)
Build info: version: '4.43.0', revision: 'dd0f534'
System info: os.name: 'Windows 11', os.arch: 'amd64', os.version: '10.0', java.version: '21.0.10'
Driver info: org.openqa.selenium.edge.EdgeDriver
Capabilities {acceptInsecureCerts: false, browserName: MicrosoftEdge, browserVersion: 148.0.3967.54, fedcm:accounts: true, goog:processID: 23488, ms:edgeOptions: {debuggerAddress: localhost:54723}, msedge: {msedgedriverVersion: 148.0.3967.54 (c994e204927e..., userDataDir: C:\Users\Siddhi\AppData\Loc...}, networkConnectionEnabled: false, pageLoadStrategy: normal, platformName: windows, proxy: Proxy(), se:cdp: ws://localhost:54723/devtoo..., se:cdpVersion: 148.0.3967.54, setWindowRect: true, strictFileInteractability: false, timeouts: {implicit: 0, pageLoad: 300000, script: 30000}, unhandledPromptBehavior: dismiss and notify, webauthn:extension:credBlob: true, webauthn:extension:largeBlob: true, webauthn:extension:minPinLength: true, webauthn:extension:prf: true, webauthn:virtualAuthenticators: true}
Session ID: 7297e52367724958d76d88407c72cdcc
2026-05-134 19:31:34 [main] INFO  org.utils.qa.Log - Browser closed
2026-05-134 19:31:49 [main] INFO  org.utils.qa.Log - LOGIN SUCCESSFUL
2026-05-134 19:31:49 [main] INFO  org.utils.qa.Log - ================================================
2026-05-134 19:31:49 [main] INFO  org.utils.qa.Log - TEST CASE STARTED : TC_HM_011
2026-05-134 19:31:49 [main] INFO  org.utils.qa.Log - ACTION : addtocart
2026-05-134 19:31:49 [main] INFO  org.utils.qa.Log - TEST PASSED : TC_HM_011
2026-05-134 19:31:49 [main] INFO  org.utils.qa.Log - ================================================
2026-05-134 19:31:50 [main] INFO  org.utils.qa.Log - Browser closed
2026-05-134 19:31:50 [main] INFO  org.testng.internal.Utils - [TestNG] Time taken by org.testng.reporters.jq.Main@8b1170f: 68 ms
2026-05-134 19:31:50 [main] INFO  org.testng.internal.Utils - [TestNG] Time taken by org.testng.reporters.FailedReporter@4f65af91: 12 ms
2026-05-134 19:31:50 [main] INFO  org.testng.internal.Utils - [TestNG] Time taken by org.testng.reporters.XMLReporter@3e0327dd: 19 ms
2026-05-134 19:31:50 [main] INFO  org.testng.internal.Utils - [TestNG] Time taken by org.testng.reporters.EmailableReporter2@416c1b0: 8 ms
2026-05-134 19:31:50 [main] INFO  org.testng.internal.Utils - [TestNG] Time taken by org.testng.reporters.JUnitReportReporter@7c6ab057: 9 ms
2026-05-134 19:31:50 [main] INFO  org.testng.internal.Utils - [TestNG] Time taken by org.testng.internal.ExitCodeListener@7ce4498f: 0 ms
2026-05-134 19:45:54 [main] INFO  org.testng.internal.Utils - [Utils] MethodGroupsHelper.collectMethodsByGroup() took 8 ms.
2026-05-134 19:45:54 [main] INFO  org.testng.internal.Utils - [Utils] MethodGroupsHelper.sortMethods() took 11 ms.
2026-05-134 19:45:54 [main] INFO  org.testng.internal.Utils - [Utils] MethodGroupsHelper.collectMethodsByGroup() took 0 ms.
2026-05-134 19:45:54 [main] INFO  org.testng.internal.Utils - [Utils] MethodGroupsHelper.sortMethods() took 0 ms.
2026-05-134 19:45:54 [main] INFO  org.testng.internal.Utils - [Utils] MethodGroupsHelper.collectMethodsByGroup() took 0 ms.
2026-05-134 19:45:54 [main] INFO  org.testng.internal.Utils - [Utils] MethodGroupsHelper.sortMethods() took 0 ms.
2026-05-134 19:45:54 [main] INFO  org.testng.internal.Utils - [Utils] MethodGroupsHelper.collectMethodsByGroup() took 0 ms.
2026-05-134 19:45:54 [main] INFO  org.testng.internal.Utils - [Utils] MethodGroupsHelper.sortMethods() took 0 ms.
2026-05-134 19:45:54 [main] INFO  org.testng.internal.Utils - [Utils] MethodGroupsHelper.collectMethodsByGroup() took 0 ms.
2026-05-134 19:45:54 [main] INFO  org.testng.internal.Utils - [Utils] MethodGroupsHelper.sortMethods() took 0 ms.
2026-05-134 19:45:54 [main] INFO  org.testng.internal.Utils - [Utils] MethodGroupsHelper.collectMethodsByGroup() took 0 ms.
2026-05-134 19:45:54 [main] INFO  org.testng.internal.Utils - [Utils] MethodGroupsHelper.sortMethods() took 0 ms.
2026-05-134 19:45:54 [main] INFO  org.testng.internal.Utils - [Utils] MethodGroupsHelper.collectMethodsByGroup() took 0 ms.
2026-05-134 19:45:54 [main] INFO  org.testng.internal.Utils - [Utils] MethodGroupsHelper.sortMethods() took 0 ms.
2026-05-134 19:45:54 [main] INFO  org.testng.internal.Utils - [Utils] MethodGroupsHelper.collectMethodsByGroup() took 0 ms.
2026-05-134 19:45:54 [main] INFO  org.testng.internal.Utils - [Utils] MethodGroupsHelper.sortMethods() took 0 ms.
2026-05-134 19:45:54 [main] INFO  org.testng.internal.Utils - [Utils] MethodGroupsHelper.collectMethodsByGroup() took 0 ms.
2026-05-134 19:45:54 [main] INFO  org.testng.internal.Utils - [Utils] MethodGroupsHelper.sortMethods() took 15 ms.
2026-05-134 19:45:54 [main] INFO  org.testng.internal.Utils - [Utils] MethodGroupsHelper.collectMethodsByGroup() took 0 ms.
2026-05-134 19:45:54 [main] INFO  org.testng.internal.Utils - [Utils] MethodGroupsHelper.sortMethods() took 0 ms.
2026-05-134 19:45:54 [main] INFO  org.testng.internal.Utils - [Utils] MethodGroupsHelper.collectMethodsByGroup() took 0 ms.
2026-05-134 19:45:54 [main] INFO  org.testng.internal.Utils - [Utils] MethodGroupsHelper.sortMethods() took 0 ms.
2026-05-134 19:45:54 [main] INFO  org.testng.internal.Utils - [Utils] MethodGroupsHelper.collectMethodsByGroup() took 0 ms.
2026-05-134 19:45:54 [main] INFO  org.testng.internal.Utils - [Utils] MethodGroupsHelper.sortMethods() took 0 ms.
2026-05-134 19:45:54 [main] INFO  org.testng.internal.Utils - [Utils] MethodGroupsHelper.collectMethodsByGroup() took 1 ms.
2026-05-134 19:45:54 [main] INFO  org.testng.internal.Utils - [Utils] MethodGroupsHelper.sortMethods() took 0 ms.
2026-05-134 19:45:54 [main] INFO  org.testng.internal.Utils - [Utils] MethodGroupsHelper.collectMethodsByGroup() took 0 ms.
2026-05-134 19:45:54 [main] INFO  org.testng.internal.Utils - [Utils] MethodGroupsHelper.sortMethods() took 0 ms.
2026-05-134 19:45:54 [main] INFO  org.testng.internal.Utils - [Utils] MethodGroupsHelper.collectMethodsByGroup() took 0 ms.
2026-05-134 19:45:54 [main] INFO  org.testng.internal.Utils - [Utils] MethodGroupsHelper.sortMethods() took 0 ms.
2026-05-134 19:45:54 [main] INFO  org.testng.internal.Utils - [TestNG] Running:
  C:\Users\Siddhi\AppData\Local\Temp\testng-eclipse-823394566\testng-customsuite.xml

2026-05-134 19:45:54 [main] INFO  org.testng.internal.Utils - [Utils] DynamicGraphHelper.createDynamicGraph() took 2 ms.
2026-05-134 19:46:05 [main] INFO  org.utils.qa.Log - LOGIN SUCCESSFUL
2026-05-134 19:46:05 [main] INFO  org.utils.qa.Log - ================================================
2026-05-134 19:46:05 [main] INFO  org.utils.qa.Log - TEST CASE STARTED : TC_HM_001
2026-05-134 19:46:05 [main] INFO  org.utils.qa.Log - ACTION : verifyuser
2026-05-134 19:46:05 [main] INFO  org.utils.qa.Log - TEST PASSED : TC_HM_001
2026-05-134 19:46:05 [main] INFO  org.utils.qa.Log - ================================================
2026-05-134 19:46:05 [main] INFO  org.utils.qa.Log - Browser closed
2026-05-134 19:46:16 [main] INFO  org.utils.qa.Log - LOGIN SUCCESSFUL
2026-05-134 19:46:16 [main] INFO  org.utils.qa.Log - ================================================
2026-05-134 19:46:16 [main] INFO  org.utils.qa.Log - TEST CASE STARTED : TC_HM_002
2026-05-134 19:46:16 [main] INFO  org.utils.qa.Log - ACTION : products
2026-05-134 19:46:37 [main] ERROR org.utils.qa.Log - TEST FAILED : TC_HM_002
2026-05-134 19:46:37 [main] ERROR org.utils.qa.Log - Expected condition failed: waiting for element found by By.linkText: Products to be clickable, but the element was not found: org.openqa.selenium.NoSuchElementException: no such element: Unable to locate element: {"method":"link text","selector":"Products"}.
(tried for 20 seconds with 500 milliseconds interval)
Build info: version: '4.43.0', revision: 'dd0f534'
System info: os.name: 'Windows 11', os.arch: 'amd64', os.version: '10.0', java.version: '21.0.10'
Driver info: org.openqa.selenium.edge.EdgeDriver
Capabilities {acceptInsecureCerts: false, browserName: MicrosoftEdge, browserVersion: 148.0.3967.54, fedcm:accounts: true, goog:processID: 15556, ms:edgeOptions: {debuggerAddress: localhost:64469}, msedge: {msedgedriverVersion: 148.0.3967.54 (c994e204927e..., userDataDir: C:\Users\Siddhi\AppData\Loc...}, networkConnectionEnabled: false, pageLoadStrategy: normal, platformName: windows, proxy: Proxy(), se:cdp: ws://localhost:64469/devtoo..., se:cdpVersion: 148.0.3967.54, setWindowRect: true, strictFileInteractability: false, timeouts: {implicit: 0, pageLoad: 300000, script: 30000}, unhandledPromptBehavior: dismiss and notify, webauthn:extension:credBlob: true, webauthn:extension:largeBlob: true, webauthn:extension:minPinLength: true, webauthn:extension:prf: true, webauthn:virtualAuthenticators: true}
Session ID: 1db1f38b4a927d9801936de4cdf96254
2026-05-134 19:46:37 [main] INFO  org.utils.qa.Log - Browser closed
2026-05-134 19:46:50 [main] INFO  org.utils.qa.Log - LOGIN SUCCESSFUL
2026-05-134 19:46:50 [main] INFO  org.utils.qa.Log - ================================================
2026-05-134 19:46:50 [main] INFO  org.utils.qa.Log - TEST CASE STARTED : TC_HM_003
2026-05-134 19:46:50 [main] INFO  org.utils.qa.Log - ACTION : cart
2026-05-134 19:46:52 [main] INFO  org.utils.qa.Log - TEST PASSED : TC_HM_003
2026-05-134 19:46:52 [main] INFO  org.utils.qa.Log - ================================================
2026-05-134 19:46:52 [main] INFO  org.utils.qa.Log - Browser closed
2026-05-134 19:47:04 [main] INFO  org.utils.qa.Log - LOGIN SUCCESSFUL
2026-05-134 19:47:04 [main] INFO  org.utils.qa.Log - ================================================
2026-05-134 19:47:04 [main] INFO  org.utils.qa.Log - TEST CASE STARTED : TC_HM_004
2026-05-134 19:47:04 [main] INFO  org.utils.qa.Log - ACTION : logout
2026-05-134 19:47:06 [main] INFO  org.utils.qa.Log - TEST PASSED : TC_HM_004
2026-05-134 19:47:06 [main] INFO  org.utils.qa.Log - ================================================
2026-05-134 19:47:07 [main] INFO  org.utils.qa.Log - Browser closed
2026-05-134 19:47:14 [main] INFO  org.utils.qa.Log - LOGIN SUCCESSFUL
2026-05-134 19:47:14 [main] INFO  org.utils.qa.Log - ================================================
2026-05-134 19:47:14 [main] INFO  org.utils.qa.Log - TEST CASE STARTED : TC_HM_005
2026-05-134 19:47:14 [main] INFO  org.utils.qa.Log - ACTION : category
2026-05-134 19:47:35 [main] INFO  org.testng.internal.Utils - [TestNG] Time taken by org.testng.reporters.jq.Main@aa752bb: 68 ms
2026-05-134 19:47:35 [main] INFO  org.testng.internal.Utils - [TestNG] Time taken by org.testng.reporters.FailedReporter@5c53c235: 11 ms
2026-05-134 19:47:35 [main] INFO  org.testng.internal.Utils - [TestNG] Time taken by org.testng.reporters.XMLReporter@28554ac8: 24 ms
2026-05-134 19:47:35 [main] INFO  org.testng.internal.Utils - [TestNG] Time taken by org.testng.reporters.EmailableReporter2@32da97fd: 12 ms
2026-05-134 19:47:35 [main] INFO  org.testng.internal.Utils - [TestNG] Time taken by org.testng.reporters.JUnitReportReporter@27df5806: 12 ms
2026-05-134 19:47:35 [main] INFO  org.testng.internal.Utils - [TestNG] Time taken by org.testng.internal.ExitCodeListener@69bc9584: 0 ms
2026-05-134 19:47:45 [main] INFO  org.testng.internal.Utils - [Utils] MethodGroupsHelper.collectMethodsByGroup() took 11 ms.
2026-05-134 19:47:45 [main] INFO  org.testng.internal.Utils - [Utils] MethodGroupsHelper.sortMethods() took 14 ms.
2026-05-134 19:47:45 [main] INFO  org.testng.internal.Utils - [Utils] MethodGroupsHelper.collectMethodsByGroup() took 0 ms.
2026-05-134 19:47:45 [main] INFO  org.testng.internal.Utils - [Utils] MethodGroupsHelper.sortMethods() took 1 ms.
2026-05-134 19:47:45 [main] INFO  org.testng.internal.Utils - [Utils] MethodGroupsHelper.collectMethodsByGroup() took 0 ms.
2026-05-134 19:47:45 [main] INFO  org.testng.internal.Utils - [Utils] MethodGroupsHelper.sortMethods() took 0 ms.
2026-05-134 19:47:45 [main] INFO  org.testng.internal.Utils - [Utils] MethodGroupsHelper.collectMethodsByGroup() took 0 ms.
2026-05-134 19:47:45 [main] INFO  org.testng.internal.Utils - [Utils] MethodGroupsHelper.sortMethods() took 0 ms.
2026-05-134 19:47:45 [main] INFO  org.testng.internal.Utils - [Utils] MethodGroupsHelper.collectMethodsByGroup() took 0 ms.
2026-05-134 19:47:45 [main] INFO  org.testng.internal.Utils - [Utils] MethodGroupsHelper.sortMethods() took 0 ms.
2026-05-134 19:47:45 [main] INFO  org.testng.internal.Utils - [Utils] MethodGroupsHelper.collectMethodsByGroup() took 0 ms.
2026-05-134 19:47:45 [main] INFO  org.testng.internal.Utils - [Utils] MethodGroupsHelper.sortMethods() took 0 ms.
2026-05-134 19:47:45 [main] INFO  org.testng.internal.Utils - [Utils] MethodGroupsHelper.collectMethodsByGroup() took 0 ms.
2026-05-134 19:47:45 [main] INFO  org.testng.internal.Utils - [Utils] MethodGroupsHelper.sortMethods() took 0 ms.
2026-05-134 19:47:45 [main] INFO  org.testng.internal.Utils - [Utils] MethodGroupsHelper.collectMethodsByGroup() took 0 ms.
2026-05-134 19:47:45 [main] INFO  org.testng.internal.Utils - [Utils] MethodGroupsHelper.sortMethods() took 0 ms.
2026-05-134 19:47:45 [main] INFO  org.testng.internal.Utils - [Utils] MethodGroupsHelper.collectMethodsByGroup() took 0 ms.
2026-05-134 19:47:45 [main] INFO  org.testng.internal.Utils - [Utils] MethodGroupsHelper.sortMethods() took 11 ms.
2026-05-134 19:47:45 [main] INFO  org.testng.internal.Utils - [Utils] MethodGroupsHelper.collectMethodsByGroup() took 0 ms.
2026-05-134 19:47:45 [main] INFO  org.testng.internal.Utils - [Utils] MethodGroupsHelper.sortMethods() took 0 ms.
2026-05-134 19:47:45 [main] INFO  org.testng.internal.Utils - [Utils] MethodGroupsHelper.collectMethodsByGroup() took 0 ms.
2026-05-134 19:47:45 [main] INFO  org.testng.internal.Utils - [Utils] MethodGroupsHelper.sortMethods() took 1 ms.
2026-05-134 19:47:45 [main] INFO  org.testng.internal.Utils - [Utils] MethodGroupsHelper.collectMethodsByGroup() took 0 ms.
2026-05-134 19:47:45 [main] INFO  org.testng.internal.Utils - [Utils] MethodGroupsHelper.sortMethods() took 0 ms.
2026-05-134 19:47:45 [main] INFO  org.testng.internal.Utils - [Utils] MethodGroupsHelper.collectMethodsByGroup() took 0 ms.
2026-05-134 19:47:45 [main] INFO  org.testng.internal.Utils - [Utils] MethodGroupsHelper.sortMethods() took 0 ms.
2026-05-134 19:47:45 [main] INFO  org.testng.internal.Utils - [Utils] MethodGroupsHelper.collectMethodsByGroup() took 0 ms.
2026-05-134 19:47:45 [main] INFO  org.testng.internal.Utils - [Utils] MethodGroupsHelper.sortMethods() took 0 ms.
2026-05-134 19:47:45 [main] INFO  org.testng.internal.Utils - [Utils] MethodGroupsHelper.collectMethodsByGroup() took 0 ms.
2026-05-134 19:47:45 [main] INFO  org.testng.internal.Utils - [Utils] MethodGroupsHelper.sortMethods() took 0 ms.
2026-05-134 19:47:45 [main] INFO  org.testng.internal.Utils - [TestNG] Running:
  C:\Users\Siddhi\AppData\Local\Temp\testng-eclipse--1141179291\testng-customsuite.xml

2026-05-134 19:47:46 [main] INFO  org.testng.internal.Utils - [Utils] DynamicGraphHelper.createDynamicGraph() took 5 ms.
2026-05-134 19:47:58 [main] INFO  org.utils.qa.Log - LOGIN SUCCESSFUL
2026-05-134 19:47:58 [main] INFO  org.utils.qa.Log - ================================================
2026-05-134 19:47:58 [main] INFO  org.utils.qa.Log - TEST CASE STARTED : TC_HM_001
2026-05-134 19:47:58 [main] INFO  org.utils.qa.Log - ACTION : verifyuser
2026-05-134 19:47:58 [main] INFO  org.utils.qa.Log - TEST PASSED : TC_HM_001
2026-05-134 19:47:58 [main] INFO  org.utils.qa.Log - ================================================
2026-05-134 19:47:59 [main] INFO  org.utils.qa.Log - Browser closed
2026-05-134 19:48:10 [main] INFO  org.utils.qa.Log - LOGIN SUCCESSFUL
2026-05-134 19:48:10 [main] INFO  org.utils.qa.Log - ================================================
2026-05-134 19:48:10 [main] INFO  org.utils.qa.Log - TEST CASE STARTED : TC_HM_002
2026-05-134 19:48:10 [main] INFO  org.utils.qa.Log - ACTION : products
2026-05-134 19:48:31 [main] ERROR org.utils.qa.Log - TEST FAILED : TC_HM_002
2026-05-134 19:48:31 [main] ERROR org.utils.qa.Log - Expected condition failed: waiting for element found by By.linkText: Products to be clickable, but the element was not found: org.openqa.selenium.NoSuchElementException: no such element: Unable to locate element: {"method":"link text","selector":"Products"}.
(tried for 20 seconds with 500 milliseconds interval)
Build info: version: '4.43.0', revision: 'dd0f534'
System info: os.name: 'Windows 11', os.arch: 'amd64', os.version: '10.0', java.version: '21.0.10'
Driver info: org.openqa.selenium.edge.EdgeDriver
Capabilities {acceptInsecureCerts: false, browserName: MicrosoftEdge, browserVersion: 148.0.3967.54, fedcm:accounts: true, goog:processID: 25708, ms:edgeOptions: {debuggerAddress: localhost:54746}, msedge: {msedgedriverVersion: 148.0.3967.54 (c994e204927e..., userDataDir: C:\Users\Siddhi\AppData\Loc...}, networkConnectionEnabled: false, pageLoadStrategy: normal, platformName: windows, proxy: Proxy(), se:cdp: ws://localhost:54746/devtoo..., se:cdpVersion: 148.0.3967.54, setWindowRect: true, strictFileInteractability: false, timeouts: {implicit: 0, pageLoad: 300000, script: 30000}, unhandledPromptBehavior: dismiss and notify, webauthn:extension:credBlob: true, webauthn:extension:largeBlob: true, webauthn:extension:minPinLength: true, webauthn:extension:prf: true, webauthn:virtualAuthenticators: true}
Session ID: b2a87ff9fa9b9e9d8fc7d52ae706374c
2026-05-134 19:48:32 [main] INFO  org.utils.qa.Log - Browser closed
2026-05-134 19:48:42 [main] INFO  org.utils.qa.Log - LOGIN SUCCESSFUL
2026-05-134 19:48:42 [main] INFO  org.utils.qa.Log - ================================================
2026-05-134 19:48:42 [main] INFO  org.utils.qa.Log - TEST CASE STARTED : TC_HM_003
2026-05-134 19:48:42 [main] INFO  org.utils.qa.Log - ACTION : cart
2026-05-134 19:48:44 [main] INFO  org.utils.qa.Log - TEST PASSED : TC_HM_003
2026-05-134 19:48:44 [main] INFO  org.utils.qa.Log - ================================================
2026-05-134 19:48:44 [main] INFO  org.utils.qa.Log - Browser closed
2026-05-134 19:48:52 [main] INFO  org.utils.qa.Log - LOGIN SUCCESSFUL
2026-05-134 19:48:53 [main] INFO  org.utils.qa.Log - ================================================
2026-05-134 19:48:53 [main] INFO  org.utils.qa.Log - TEST CASE STARTED : TC_HM_004
2026-05-134 19:48:53 [main] INFO  org.utils.qa.Log - ACTION : logout
2026-05-134 19:48:57 [main] INFO  org.utils.qa.Log - TEST PASSED : TC_HM_004
2026-05-134 19:48:57 [main] INFO  org.utils.qa.Log - ================================================
2026-05-134 19:48:57 [main] INFO  org.utils.qa.Log - Browser closed
2026-05-134 19:49:05 [main] INFO  org.utils.qa.Log - LOGIN SUCCESSFUL
2026-05-134 19:49:05 [main] INFO  org.utils.qa.Log - ================================================
2026-05-134 19:49:05 [main] INFO  org.utils.qa.Log - TEST CASE STARTED : TC_HM_005
2026-05-134 19:49:05 [main] INFO  org.utils.qa.Log - ACTION : category
2026-05-134 19:49:28 [main] ERROR org.utils.qa.Log - TEST FAILED : TC_HM_005
2026-05-134 19:49:28 [main] ERROR org.utils.qa.Log - Expected condition failed: waiting for visibility of element found by By.xpath: //a[contains(text(),'Category')], but... org.openqa.selenium.NoSuchElementException: no such element: Unable to locate element: {"method":"xpath","selector":"//a[contains(text(),'Category')]"}.
(tried for 20 seconds with 500 milliseconds interval)
Build info: version: '4.43.0', revision: 'dd0f534'
System info: os.name: 'Windows 11', os.arch: 'amd64', os.version: '10.0', java.version: '21.0.10'
Driver info: org.openqa.selenium.edge.EdgeDriver
Capabilities {acceptInsecureCerts: false, browserName: MicrosoftEdge, browserVersion: 148.0.3967.54, fedcm:accounts: true, goog:processID: 8092, ms:edgeOptions: {debuggerAddress: localhost:51810}, msedge: {msedgedriverVersion: 148.0.3967.54 (c994e204927e..., userDataDir: C:\Users\Siddhi\AppData\Loc...}, networkConnectionEnabled: false, pageLoadStrategy: normal, platformName: windows, proxy: Proxy(), se:cdp: ws://localhost:51810/devtoo..., se:cdpVersion: 148.0.3967.54, setWindowRect: true, strictFileInteractability: false, timeouts: {implicit: 0, pageLoad: 300000, script: 30000}, unhandledPromptBehavior: dismiss and notify, webauthn:extension:credBlob: true, webauthn:extension:largeBlob: true, webauthn:extension:minPinLength: true, webauthn:extension:prf: true, webauthn:virtualAuthenticators: true}
Session ID: 95dbf2bf4989aab3e82ed382592a6b8c
2026-05-134 19:49:29 [main] INFO  org.utils.qa.Log - Browser closed
2026-05-134 19:49:41 [main] INFO  org.utils.qa.Log - LOGIN SUCCESSFUL
2026-05-134 19:49:41 [main] INFO  org.utils.qa.Log - ================================================
2026-05-134 19:49:41 [main] INFO  org.utils.qa.Log - TEST CASE STARTED : TC_HM_006
2026-05-134 19:49:41 [main] INFO  org.utils.qa.Log - ACTION : category
2026-05-134 19:50:11 [main] ERROR org.utils.qa.Log - TEST FAILED : TC_HM_006
2026-05-134 19:50:11 [main] ERROR org.utils.qa.Log - timeout: Timed out receiving message from renderer: 30.000
  (Session info: MicrosoftEdge=148.0.3967.54)
Build info: version: '4.43.0', revision: 'dd0f534'
System info: os.name: 'Windows 11', os.arch: 'amd64', os.version: '10.0', java.version: '21.0.10'
Driver info: org.openqa.selenium.edge.EdgeDriver
Command: [cde894e006eb960c128a9d0e22979624, findElement {using=tag name, value=body}]
Capabilities {acceptInsecureCerts: false, browserName: MicrosoftEdge, browserVersion: 148.0.3967.54, fedcm:accounts: true, goog:processID: 15052, ms:edgeOptions: {debuggerAddress: localhost:58345}, msedge: {msedgedriverVersion: 148.0.3967.54 (c994e204927e..., userDataDir: C:\Users\Siddhi\AppData\Loc...}, networkConnectionEnabled: false, pageLoadStrategy: normal, platformName: windows, proxy: Proxy(), se:cdp: ws://localhost:58345/devtoo..., se:cdpVersion: 148.0.3967.54, setWindowRect: true, strictFileInteractability: false, timeouts: {implicit: 0, pageLoad: 300000, script: 30000}, unhandledPromptBehavior: dismiss and notify, webauthn:extension:credBlob: true, webauthn:extension:largeBlob: true, webauthn:extension:minPinLength: true, webauthn:extension:prf: true, webauthn:virtualAuthenticators: true}
Session ID: cde894e006eb960c128a9d0e22979624
2026-05-134 19:50:12 [main] INFO  org.utils.qa.Log - Browser closed
2026-05-134 19:50:53 [main] INFO  org.utils.qa.Log - LOGIN SUCCESSFUL
2026-05-134 19:50:53 [main] INFO  org.utils.qa.Log - ================================================
2026-05-134 19:50:53 [main] INFO  org.utils.qa.Log - TEST CASE STARTED : TC_HM_007
2026-05-134 19:50:53 [main] INFO  org.utils.qa.Log - ACTION : category
2026-05-134 19:51:16 [main] ERROR org.utils.qa.Log - TEST FAILED : TC_HM_007
2026-05-134 19:51:16 [main] ERROR org.utils.qa.Log - Expected condition failed: waiting for visibility of element found by By.xpath: //a[contains(text(),'Category')], but... org.openqa.selenium.NoSuchElementException: no such element: Unable to locate element: {"method":"xpath","selector":"//a[contains(text(),'Category')]"}.
(tried for 20 seconds with 500 milliseconds interval)
Build info: version: '4.43.0', revision: 'dd0f534'
System info: os.name: 'Windows 11', os.arch: 'amd64', os.version: '10.0', java.version: '21.0.10'
Driver info: org.openqa.selenium.edge.EdgeDriver
Capabilities {acceptInsecureCerts: false, browserName: MicrosoftEdge, browserVersion: 148.0.3967.54, fedcm:accounts: true, goog:processID: 14900, ms:edgeOptions: {debuggerAddress: localhost:53066}, msedge: {msedgedriverVersion: 148.0.3967.54 (c994e204927e..., userDataDir: C:\Users\Siddhi\AppData\Loc...}, networkConnectionEnabled: false, pageLoadStrategy: normal, platformName: windows, proxy: Proxy(), se:cdp: ws://localhost:53066/devtoo..., se:cdpVersion: 148.0.3967.54, setWindowRect: true, strictFileInteractability: false, timeouts: {implicit: 0, pageLoad: 300000, script: 30000}, unhandledPromptBehavior: dismiss and notify, webauthn:extension:credBlob: true, webauthn:extension:largeBlob: true, webauthn:extension:minPinLength: true, webauthn:extension:prf: true, webauthn:virtualAuthenticators: true}
Session ID: 321266a64ddf99abcf239d7266247734
2026-05-134 19:51:17 [main] INFO  org.utils.qa.Log - Browser closed
2026-05-134 19:51:29 [main] INFO  org.utils.qa.Log - LOGIN SUCCESSFUL
2026-05-134 19:51:29 [main] INFO  org.utils.qa.Log - ================================================
2026-05-134 19:51:29 [main] INFO  org.utils.qa.Log - TEST CASE STARTED : TC_HM_008
2026-05-134 19:51:29 [main] INFO  org.utils.qa.Log - ACTION : brand
2026-05-134 19:51:50 [main] ERROR org.utils.qa.Log - TEST FAILED : TC_HM_008
2026-05-134 19:51:50 [main] ERROR org.utils.qa.Log - Expected condition failed: waiting for visibility of element found by By.xpath: //a[contains(text(),'Brands')], but... org.openqa.selenium.NoSuchElementException: no such element: Unable to locate element: {"method":"xpath","selector":"//a[contains(text(),'Brands')]"}.
(tried for 20 seconds with 500 milliseconds interval)
Build info: version: '4.43.0', revision: 'dd0f534'
System info: os.name: 'Windows 11', os.arch: 'amd64', os.version: '10.0', java.version: '21.0.10'
Driver info: org.openqa.selenium.edge.EdgeDriver
Capabilities {acceptInsecureCerts: false, browserName: MicrosoftEdge, browserVersion: 148.0.3967.54, fedcm:accounts: true, goog:processID: 24064, ms:edgeOptions: {debuggerAddress: localhost:53235}, msedge: {msedgedriverVersion: 148.0.3967.54 (c994e204927e..., userDataDir: C:\Users\Siddhi\AppData\Loc...}, networkConnectionEnabled: false, pageLoadStrategy: normal, platformName: windows, proxy: Proxy(), se:cdp: ws://localhost:53235/devtoo..., se:cdpVersion: 148.0.3967.54, setWindowRect: true, strictFileInteractability: false, timeouts: {implicit: 0, pageLoad: 300000, script: 30000}, unhandledPromptBehavior: dismiss and notify, webauthn:extension:credBlob: true, webauthn:extension:largeBlob: true, webauthn:extension:minPinLength: true, webauthn:extension:prf: true, webauthn:virtualAuthenticators: true}
Session ID: d40d2d007aab42ddf5c0de77631a161f
2026-05-134 19:51:51 [main] INFO  org.utils.qa.Log - Browser closed
2026-05-134 19:52:01 [main] INFO  org.utils.qa.Log - LOGIN SUCCESSFUL
2026-05-134 19:52:01 [main] INFO  org.utils.qa.Log - ================================================
2026-05-134 19:52:01 [main] INFO  org.utils.qa.Log - TEST CASE STARTED : TC_HM_009
2026-05-134 19:52:01 [main] INFO  org.utils.qa.Log - ACTION : brand
2026-05-134 19:52:22 [main] ERROR org.utils.qa.Log - TEST FAILED : TC_HM_009
2026-05-134 19:52:22 [main] ERROR org.utils.qa.Log - Expected condition failed: waiting for visibility of element found by By.xpath: //a[contains(text(),'Brands')], but... org.openqa.selenium.NoSuchElementException: no such element: Unable to locate element: {"method":"xpath","selector":"//a[contains(text(),'Brands')]"}.
(tried for 20 seconds with 500 milliseconds interval)
Build info: version: '4.43.0', revision: 'dd0f534'
System info: os.name: 'Windows 11', os.arch: 'amd64', os.version: '10.0', java.version: '21.0.10'
Driver info: org.openqa.selenium.edge.EdgeDriver
Capabilities {acceptInsecureCerts: false, browserName: MicrosoftEdge, browserVersion: 148.0.3967.54, fedcm:accounts: true, goog:processID: 8724, ms:edgeOptions: {debuggerAddress: localhost:50165}, msedge: {msedgedriverVersion: 148.0.3967.54 (c994e204927e..., userDataDir: C:\Users\Siddhi\AppData\Loc...}, networkConnectionEnabled: false, pageLoadStrategy: normal, platformName: windows, proxy: Proxy(), se:cdp: ws://localhost:50165/devtoo..., se:cdpVersion: 148.0.3967.54, setWindowRect: true, strictFileInteractability: false, timeouts: {implicit: 0, pageLoad: 300000, script: 30000}, unhandledPromptBehavior: dismiss and notify, webauthn:extension:credBlob: true, webauthn:extension:largeBlob: true, webauthn:extension:minPinLength: true, webauthn:extension:prf: true, webauthn:virtualAuthenticators: true}
Session ID: d84719f25e35644f31790fad7123bf3f
2026-05-134 19:52:23 [main] INFO  org.utils.qa.Log - Browser closed
2026-05-134 19:52:32 [main] INFO  org.utils.qa.Log - LOGIN SUCCESSFUL
2026-05-134 19:52:32 [main] INFO  org.utils.qa.Log - ================================================
2026-05-134 19:52:32 [main] INFO  org.utils.qa.Log - TEST CASE STARTED : TC_HM_010
2026-05-134 19:52:32 [main] INFO  org.utils.qa.Log - ACTION : brand
2026-05-134 19:52:53 [main] ERROR org.utils.qa.Log - TEST FAILED : TC_HM_010
2026-05-134 19:52:53 [main] ERROR org.utils.qa.Log - Expected condition failed: waiting for visibility of element found by By.xpath: //a[contains(text(),'Brands')], but... org.openqa.selenium.NoSuchElementException: no such element: Unable to locate element: {"method":"xpath","selector":"//a[contains(text(),'Brands')]"}.
(tried for 20 seconds with 500 milliseconds interval)
Build info: version: '4.43.0', revision: 'dd0f534'
System info: os.name: 'Windows 11', os.arch: 'amd64', os.version: '10.0', java.version: '21.0.10'
Driver info: org.openqa.selenium.edge.EdgeDriver
Capabilities {acceptInsecureCerts: false, browserName: MicrosoftEdge, browserVersion: 148.0.3967.54, fedcm:accounts: true, goog:processID: 24160, ms:edgeOptions: {debuggerAddress: localhost:62189}, msedge: {msedgedriverVersion: 148.0.3967.54 (c994e204927e..., userDataDir: C:\Users\Siddhi\AppData\Loc...}, networkConnectionEnabled: false, pageLoadStrategy: normal, platformName: windows, proxy: Proxy(), se:cdp: ws://localhost:62189/devtoo..., se:cdpVersion: 148.0.3967.54, setWindowRect: true, strictFileInteractability: false, timeouts: {implicit: 0, pageLoad: 300000, script: 30000}, unhandledPromptBehavior: dismiss and notify, webauthn:extension:credBlob: true, webauthn:extension:largeBlob: true, webauthn:extension:minPinLength: true, webauthn:extension:prf: true, webauthn:virtualAuthenticators: true}
Session ID: 933d31d3882c7248827ad6469aaccb5a
2026-05-134 19:52:54 [main] INFO  org.utils.qa.Log - Browser closed
2026-05-134 19:53:03 [main] INFO  org.utils.qa.Log - LOGIN SUCCESSFUL
2026-05-134 19:53:03 [main] INFO  org.utils.qa.Log - ================================================
2026-05-134 19:53:03 [main] INFO  org.utils.qa.Log - TEST CASE STARTED : TC_HM_011
2026-05-134 19:53:03 [main] INFO  org.utils.qa.Log - ACTION : addtocart
2026-05-134 19:53:04 [main] INFO  org.utils.qa.Log - TEST PASSED : TC_HM_011
2026-05-134 19:53:04 [main] INFO  org.utils.qa.Log - ================================================
2026-05-134 19:53:04 [main] INFO  org.utils.qa.Log - Browser closed
2026-05-134 19:53:04 [main] INFO  org.testng.internal.Utils - [TestNG] Time taken by org.testng.reporters.jq.Main@599310ab: 66 ms
2026-05-134 19:53:04 [main] INFO  org.testng.internal.Utils - [TestNG] Time taken by org.testng.reporters.FailedReporter@478c84aa: 12 ms
2026-05-134 19:53:04 [main] INFO  org.testng.internal.Utils - [TestNG] Time taken by org.testng.reporters.XMLReporter@c85486: 22 ms
2026-05-134 19:53:04 [main] INFO  org.testng.internal.Utils - [TestNG] Time taken by org.testng.reporters.EmailableReporter2@3450bd13: 11 ms
2026-05-134 19:53:04 [main] INFO  org.testng.internal.Utils - [TestNG] Time taken by org.testng.reporters.JUnitReportReporter@2ab39942: 9 ms
2026-05-134 19:53:04 [main] INFO  org.testng.internal.Utils - [TestNG] Time taken by org.testng.internal.ExitCodeListener@64186f60: 0 ms
2026-05-134 21:12:16 [main] INFO  org.testng.internal.Utils - [Utils] MethodGroupsHelper.collectMethodsByGroup() took 0 ms.
2026-05-134 21:12:16 [main] INFO  org.testng.internal.Utils - [Utils] MethodGroupsHelper.sortMethods() took 1 ms.
2026-05-134 21:12:16 [main] INFO  org.testng.internal.Utils - [Utils] MethodGroupsHelper.collectMethodsByGroup() took 0 ms.
2026-05-134 21:12:16 [main] INFO  org.testng.internal.Utils - [Utils] MethodGroupsHelper.sortMethods() took 0 ms.
2026-05-134 21:12:16 [main] INFO  org.testng.internal.Utils - [Utils] MethodGroupsHelper.collectMethodsByGroup() took 0 ms.
2026-05-134 21:12:16 [main] INFO  org.testng.internal.Utils - [Utils] MethodGroupsHelper.sortMethods() took 0 ms.
2026-05-134 21:12:16 [main] INFO  org.testng.internal.Utils - [Utils] MethodGroupsHelper.collectMethodsByGroup() took 0 ms.
2026-05-134 21:12:16 [main] INFO  org.testng.internal.Utils - [Utils] MethodGroupsHelper.sortMethods() took 0 ms.
2026-05-134 21:12:16 [main] INFO  org.testng.internal.Utils - [Utils] MethodGroupsHelper.collectMethodsByGroup() took 0 ms.
2026-05-134 21:12:16 [main] INFO  org.testng.internal.Utils - [Utils] MethodGroupsHelper.sortMethods() took 0 ms.
2026-05-134 21:12:16 [main] INFO  org.testng.internal.Utils - [Utils] MethodGroupsHelper.collectMethodsByGroup() took 0 ms.
2026-05-134 21:12:16 [main] INFO  org.testng.internal.Utils - [Utils] MethodGroupsHelper.sortMethods() took 0 ms.
2026-05-134 21:12:16 [main] INFO  org.testng.internal.Utils - [Utils] MethodGroupsHelper.collectMethodsByGroup() took 0 ms.
2026-05-134 21:12:16 [main] INFO  org.testng.internal.Utils - [Utils] MethodGroupsHelper.sortMethods() took 0 ms.
2026-05-134 21:12:16 [main] INFO  org.testng.internal.Utils - [Utils] MethodGroupsHelper.collectMethodsByGroup() took 0 ms.
2026-05-134 21:12:16 [main] INFO  org.testng.internal.Utils - [Utils] MethodGroupsHelper.sortMethods() took 0 ms.
2026-05-134 21:12:16 [main] INFO  org.testng.internal.Utils - [Utils] MethodGroupsHelper.collectMethodsByGroup() took 0 ms.
2026-05-134 21:12:16 [main] INFO  org.testng.internal.Utils - [Utils] MethodGroupsHelper.sortMethods() took 5 ms.
2026-05-134 21:12:16 [main] INFO  org.testng.internal.Utils - [Utils] MethodGroupsHelper.collectMethodsByGroup() took 0 ms.
2026-05-134 21:12:16 [main] INFO  org.testng.internal.Utils - [Utils] MethodGroupsHelper.sortMethods() took 0 ms.
2026-05-134 21:12:16 [main] INFO  org.testng.internal.Utils - [Utils] MethodGroupsHelper.collectMethodsByGroup() took 0 ms.
2026-05-134 21:12:16 [main] INFO  org.testng.internal.Utils - [Utils] MethodGroupsHelper.sortMethods() took 0 ms.
2026-05-134 21:12:16 [main] INFO  org.testng.internal.Utils - [Utils] MethodGroupsHelper.collectMethodsByGroup() took 0 ms.
2026-05-134 21:12:16 [main] INFO  org.testng.internal.Utils - [Utils] MethodGroupsHelper.sortMethods() took 0 ms.
2026-05-134 21:12:16 [main] INFO  org.testng.internal.Utils - [Utils] MethodGroupsHelper.collectMethodsByGroup() took 4 ms.
2026-05-134 21:12:16 [main] INFO  org.testng.internal.Utils - [Utils] MethodGroupsHelper.sortMethods() took 4 ms.
2026-05-134 21:12:16 [main] INFO  org.testng.internal.Utils - [Utils] MethodGroupsHelper.collectMethodsByGroup() took 0 ms.
2026-05-134 21:12:16 [main] INFO  org.testng.internal.Utils - [Utils] MethodGroupsHelper.sortMethods() took 0 ms.
2026-05-134 21:12:16 [main] INFO  org.testng.internal.Utils - [Utils] MethodGroupsHelper.collectMethodsByGroup() took 0 ms.
2026-05-134 21:12:16 [main] INFO  org.testng.internal.Utils - [Utils] MethodGroupsHelper.sortMethods() took 0 ms.
2026-05-134 21:12:16 [main] INFO  org.testng.internal.Utils - [TestNG] Running:
  C:\Users\Siddhi\AppData\Local\Temp\testng-eclipse--398256827\testng-customsuite.xml

2026-05-134 21:12:16 [main] INFO  org.testng.internal.Utils - [Utils] DynamicGraphHelper.createDynamicGraph() took 4 ms.
2026-05-134 21:12:16 [main] INFO  org.utils.qa.Log - Setting up ProductSearchPage and navigating to Products page
2026-05-134 21:12:16 [main] WARN  org.utils.qa.Log - SKIPPED: verifySearchBoxIsVisible
2026-05-134 21:12:16 [main] INFO  org.utils.qa.Log - Setting up ProductSearchPage and navigating to Products page
2026-05-134 21:12:16 [main] WARN  org.utils.qa.Log - SKIPPED: verifySearchButtonIsVisible
2026-05-134 21:12:16 [main] INFO  org.utils.qa.Log - Setting up ProductSearchPage and navigating to Products page
2026-05-134 21:12:16 [main] WARN  org.utils.qa.Log - SKIPPED: verifyProductsPageUrl
2026-05-134 21:12:16 [main] INFO  org.utils.qa.Log - Setting up ProductSearchPage and navigating to Products page
2026-05-134 21:12:16 [main] WARN  org.utils.qa.Log - SKIPPED: verifySearchResultsSectionTitle
2026-05-134 21:12:16 [main] INFO  org.utils.qa.Log - Setting up ProductSearchPage and navigating to Products page
2026-05-134 21:12:16 [main] WARN  org.utils.qa.Log - SKIPPED: searchWithValidKeyword
2026-05-134 21:12:16 [main] INFO  org.utils.qa.Log - Setting up ProductSearchPage and navigating to Products page
2026-05-134 21:12:16 [main] WARN  org.utils.qa.Log - SKIPPED: searchWithPartialKeyword
2026-05-134 21:12:16 [main] INFO  org.utils.qa.Log - Setting up ProductSearchPage and navigating to Products page
2026-05-134 21:12:16 [main] WARN  org.utils.qa.Log - SKIPPED: verifyCaseInsensitiveSearch
2026-05-134 21:12:16 [main] INFO  org.utils.qa.Log - Setting up ProductSearchPage and navigating to Products page
2026-05-134 21:12:16 [main] WARN  org.utils.qa.Log - SKIPPED: verifySearchResultRelevance
2026-05-134 21:12:16 [main] INFO  org.utils.qa.Log - Setting up ProductSearchPage and navigating to Products page
2026-05-134 21:12:16 [main] WARN  org.utils.qa.Log - SKIPPED: searchWithInvalidKeyword
2026-05-134 21:12:16 [main] INFO  org.utils.qa.Log - Setting up ProductSearchPage and navigating to Products page
2026-05-134 21:12:16 [main] WARN  org.utils.qa.Log - SKIPPED: searchWithSpecialCharacters
2026-05-134 21:12:16 [main] INFO  org.utils.qa.Log - Setting up ProductSearchPage and navigating to Products page
2026-05-134 21:12:16 [main] WARN  org.utils.qa.Log - SKIPPED: verifySearchBoxIsEmptyOnLoad
2026-05-134 21:12:16 [main] INFO  org.utils.qa.Log - Setting up ProductSearchPage and navigating to Products page
2026-05-134 21:12:16 [main] WARN  org.utils.qa.Log - SKIPPED: verifyUrlAfterSearch
2026-05-134 21:12:16 [main] INFO  org.utils.qa.Log - Setting up ProductSearchPage and navigating to Products page
2026-05-134 21:12:16 [main] WARN  org.utils.qa.Log - SKIPPED: viewProductDetailFromSearchResult
2026-05-134 21:12:16 [main] INFO  org.utils.qa.Log - Setting up ProductSearchPage and navigating to Products page
2026-05-134 21:12:16 [main] WARN  org.utils.qa.Log - SKIPPED: addFirstSearchResultToCart
2026-05-134 21:12:16 [main] INFO  org.utils.qa.Log - Loading Excel data: ProductSearchData.xlsx | Sheet: SearchData
2026-05-134 21:12:17 [main] INFO  org.utils.qa.Log - Setting up ProductSearchPage and navigating to Products page
2026-05-134 21:12:17 [main] WARN  org.utils.qa.Log - SKIPPED: dataDriverSearchFromExcel
2026-05-134 21:12:17 [main] INFO  org.utils.qa.Log - Setting up ProductSearchPage and navigating to Products page
2026-05-134 21:12:17 [main] WARN  org.utils.qa.Log - SKIPPED: dataDriverSearchFromExcel
2026-05-134 21:12:17 [main] INFO  org.utils.qa.Log - Setting up ProductSearchPage and navigating to Products page
2026-05-134 21:12:17 [main] WARN  org.utils.qa.Log - SKIPPED: dataDriverSearchFromExcel
2026-05-134 21:12:17 [main] INFO  org.utils.qa.Log - Setting up ProductSearchPage and navigating to Products page
2026-05-134 21:12:17 [main] WARN  org.utils.qa.Log - SKIPPED: dataDriverSearchFromExcel
2026-05-134 21:12:17 [main] INFO  org.utils.qa.Log - Setting up ProductSearchPage and navigating to Products page
2026-05-134 21:12:17 [main] WARN  org.utils.qa.Log - SKIPPED: dataDriverSearchFromExcel
2026-05-134 21:12:17 [main] INFO  org.utils.qa.Log - Setting up ProductSearchPage and navigating to Products page
2026-05-134 21:12:17 [main] WARN  org.utils.qa.Log - SKIPPED: dataDriverSearchFromExcel
2026-05-134 21:12:17 [main] INFO  org.utils.qa.Log - Setting up ProductSearchPage and navigating to Products page
2026-05-134 21:12:17 [main] WARN  org.utils.qa.Log - SKIPPED: dataDriverSearchFromExcel
2026-05-134 21:12:17 [main] INFO  org.utils.qa.Log - Setting up ProductSearchPage and navigating to Products page
2026-05-134 21:12:17 [main] WARN  org.utils.qa.Log - SKIPPED: dataDriverSearchFromExcel
2026-05-134 21:12:17 [main] INFO  org.utils.qa.Log - Setting up ProductSearchPage and navigating to Products page
2026-05-134 21:12:17 [main] WARN  org.utils.qa.Log - SKIPPED: dataDriverSearchFromExcel
2026-05-134 21:12:17 [main] INFO  org.testng.internal.Utils - [TestNG] Time taken by org.testng.reporters.jq.Main@363f0ba0: 47 ms
2026-05-134 21:12:17 [main] INFO  org.testng.internal.Utils - [TestNG] Time taken by org.testng.reporters.FailedReporter@af9a89f: 9 ms
2026-05-134 21:12:17 [main] INFO  org.testng.internal.Utils - [TestNG] Time taken by org.testng.reporters.XMLReporter@4f4c789f: 23 ms
2026-05-134 21:12:17 [main] INFO  org.testng.internal.Utils - [TestNG] Time taken by org.testng.reporters.EmailableReporter2@34cf294c: 7 ms
2026-05-134 21:12:17 [main] INFO  org.testng.internal.Utils - [TestNG] Time taken by org.testng.reporters.JUnitReportReporter@4dbad37: 8 ms
2026-05-134 21:12:17 [main] INFO  org.testng.internal.Utils - [TestNG] Time taken by org.testng.internal.ExitCodeListener@7b4acdc2: 0 ms
2026-05-134 21:17:16 [main] INFO  org.testng.internal.Utils - [Utils] MethodGroupsHelper.collectMethodsByGroup() took 1 ms.
2026-05-134 21:17:16 [main] INFO  org.testng.internal.Utils - [Utils] MethodGroupsHelper.sortMethods() took 2 ms.
2026-05-134 21:17:16 [main] INFO  org.testng.internal.Utils - [Utils] MethodGroupsHelper.collectMethodsByGroup() took 0 ms.
2026-05-134 21:17:16 [main] INFO  org.testng.internal.Utils - [Utils] MethodGroupsHelper.sortMethods() took 0 ms.
2026-05-134 21:17:16 [main] INFO  org.testng.internal.Utils - [Utils] MethodGroupsHelper.collectMethodsByGroup() took 0 ms.
2026-05-134 21:17:16 [main] INFO  org.testng.internal.Utils - [Utils] MethodGroupsHelper.sortMethods() took 0 ms.
2026-05-134 21:17:16 [main] INFO  org.testng.internal.Utils - [Utils] MethodGroupsHelper.collectMethodsByGroup() took 0 ms.
2026-05-134 21:17:16 [main] INFO  org.testng.internal.Utils - [Utils] MethodGroupsHelper.sortMethods() took 0 ms.
2026-05-134 21:17:16 [main] INFO  org.testng.internal.Utils - [Utils] MethodGroupsHelper.collectMethodsByGroup() took 0 ms.
2026-05-134 21:17:16 [main] INFO  org.testng.internal.Utils - [Utils] MethodGroupsHelper.sortMethods() took 0 ms.
2026-05-134 21:17:16 [main] INFO  org.testng.internal.Utils - [Utils] MethodGroupsHelper.collectMethodsByGroup() took 0 ms.
2026-05-134 21:17:16 [main] INFO  org.testng.internal.Utils - [Utils] MethodGroupsHelper.sortMethods() took 0 ms.
2026-05-134 21:17:16 [main] INFO  org.testng.internal.Utils - [Utils] MethodGroupsHelper.collectMethodsByGroup() took 0 ms.
2026-05-134 21:17:16 [main] INFO  org.testng.internal.Utils - [Utils] MethodGroupsHelper.sortMethods() took 0 ms.
2026-05-134 21:17:16 [main] INFO  org.testng.internal.Utils - [Utils] MethodGroupsHelper.collectMethodsByGroup() took 0 ms.
2026-05-134 21:17:16 [main] INFO  org.testng.internal.Utils - [Utils] MethodGroupsHelper.sortMethods() took 0 ms.
2026-05-134 21:17:16 [main] INFO  org.testng.internal.Utils - [Utils] MethodGroupsHelper.collectMethodsByGroup() took 0 ms.
2026-05-134 21:17:16 [main] INFO  org.testng.internal.Utils - [Utils] MethodGroupsHelper.sortMethods() took 5 ms.
2026-05-134 21:38:12 [main] INFO  org.testng.internal.Utils - [Utils] MethodGroupsHelper.collectMethodsByGroup() took 1 ms.
2026-05-134 21:38:12 [main] INFO  org.testng.internal.Utils - [Utils] MethodGroupsHelper.sortMethods() took 3 ms.
2026-05-134 21:38:12 [main] INFO  org.testng.internal.Utils - [Utils] MethodGroupsHelper.collectMethodsByGroup() took 0 ms.
2026-05-134 21:38:12 [main] INFO  org.testng.internal.Utils - [Utils] MethodGroupsHelper.sortMethods() took 0 ms.
2026-05-134 21:38:12 [main] INFO  org.testng.internal.Utils - [Utils] MethodGroupsHelper.collectMethodsByGroup() took 0 ms.
2026-05-134 21:38:12 [main] INFO  org.testng.internal.Utils - [Utils] MethodGroupsHelper.sortMethods() took 0 ms.
2026-05-134 21:38:12 [main] INFO  org.testng.internal.Utils - [Utils] MethodGroupsHelper.collectMethodsByGroup() took 0 ms.
2026-05-134 21:38:12 [main] INFO  org.testng.internal.Utils - [Utils] MethodGroupsHelper.sortMethods() took 0 ms.
2026-05-134 21:38:12 [main] INFO  org.testng.internal.Utils - [Utils] MethodGroupsHelper.collectMethodsByGroup() took 0 ms.
2026-05-134 21:38:12 [main] INFO  org.testng.internal.Utils - [Utils] MethodGroupsHelper.sortMethods() took 0 ms.
2026-05-134 21:38:12 [main] INFO  org.testng.internal.Utils - [Utils] MethodGroupsHelper.collectMethodsByGroup() took 0 ms.
2026-05-134 21:38:12 [main] INFO  org.testng.internal.Utils - [Utils] MethodGroupsHelper.sortMethods() took 0 ms.
2026-05-134 21:38:12 [main] INFO  org.testng.internal.Utils - [Utils] MethodGroupsHelper.collectMethodsByGroup() took 0 ms.
2026-05-134 21:38:12 [main] INFO  org.testng.internal.Utils - [Utils] MethodGroupsHelper.sortMethods() took 0 ms.
2026-05-134 21:38:12 [main] INFO  org.testng.internal.Utils - [Utils] MethodGroupsHelper.collectMethodsByGroup() took 0 ms.
2026-05-134 21:38:12 [main] INFO  org.testng.internal.Utils - [Utils] MethodGroupsHelper.sortMethods() took 0 ms.
2026-05-134 21:38:12 [main] INFO  org.testng.internal.Utils - [Utils] MethodGroupsHelper.collectMethodsByGroup() took 0 ms.
2026-05-134 21:38:12 [main] INFO  org.testng.internal.Utils - [Utils] MethodGroupsHelper.sortMethods() took 4 ms.
2026-05-134 21:38:12 [main] INFO  org.testng.internal.Utils - [Utils] MethodGroupsHelper.collectMethodsByGroup() took 0 ms.
2026-05-134 21:38:12 [main] INFO  org.testng.internal.Utils - [Utils] MethodGroupsHelper.sortMethods() took 0 ms.
2026-05-134 21:38:12 [main] INFO  org.testng.internal.Utils - [Utils] MethodGroupsHelper.collectMethodsByGroup() took 0 ms.
2026-05-134 21:38:12 [main] INFO  org.testng.internal.Utils - [Utils] MethodGroupsHelper.sortMethods() took 0 ms.
2026-05-134 21:38:12 [main] INFO  org.testng.internal.Utils - [Utils] MethodGroupsHelper.collectMethodsByGroup() took 0 ms.
2026-05-134 21:38:12 [main] INFO  org.testng.internal.Utils - [Utils] MethodGroupsHelper.sortMethods() took 0 ms.
2026-05-134 21:38:12 [main] INFO  org.testng.internal.Utils - [Utils] MethodGroupsHelper.collectMethodsByGroup() took 4 ms.
2026-05-134 21:38:12 [main] INFO  org.testng.internal.Utils - [Utils] MethodGroupsHelper.sortMethods() took 3 ms.
2026-05-134 21:38:12 [main] INFO  org.testng.internal.Utils - [Utils] MethodGroupsHelper.collectMethodsByGroup() took 0 ms.
2026-05-134 21:38:12 [main] INFO  org.testng.internal.Utils - [Utils] MethodGroupsHelper.sortMethods() took 0 ms.
2026-05-134 21:38:12 [main] INFO  org.testng.internal.Utils - [Utils] MethodGroupsHelper.collectMethodsByGroup() took 0 ms.
2026-05-134 21:38:12 [main] INFO  org.testng.internal.Utils - [Utils] MethodGroupsHelper.sortMethods() took 0 ms.
2026-05-134 21:38:12 [main] INFO  org.testng.internal.Utils - [TestNG] Running:
  C:\Users\Siddhi\AppData\Local\Temp\testng-eclipse--1493434442\testng-customsuite.xml

2026-05-134 21:38:12 [main] INFO  org.testng.internal.Utils - [Utils] DynamicGraphHelper.createDynamicGraph() took 4 ms.
2026-05-134 21:38:12 [main] INFO  org.utils.qa.Log - Opening browser via begin()
2026-05-134 21:38:16 [main] INFO  org.utils.qa.Log - Initializing ProductSearchPage
2026-05-134 21:38:18 [main] INFO  org.utils.qa.Log - Ready on Products page
2026-05-134 21:38:18 [main] INFO  org.utils.qa.Log - TC-PS-001: Verifying search box is visible
2026-05-134 21:38:18 [main] INFO  org.utils.qa.Log - Opening browser via begin()
2026-05-134 21:38:23 [main] INFO  org.utils.qa.Log - Initializing ProductSearchPage
2026-05-134 21:38:26 [main] INFO  org.utils.qa.Log - Ready on Products page
2026-05-134 21:38:26 [main] WARN  org.utils.qa.Log - SKIPPED: verifySearchButtonIsVisible
2026-05-134 21:38:27 [main] INFO  org.utils.qa.Log - Browser closed
2026-05-134 21:38:27 [main] INFO  org.utils.qa.Log - Opening browser via begin()
2026-05-134 21:38:30 [main] INFO  org.utils.qa.Log - Initializing ProductSearchPage
2026-05-134 21:38:33 [main] INFO  org.utils.qa.Log - Ready on Products page
2026-05-134 21:38:33 [main] WARN  org.utils.qa.Log - SKIPPED: verifyProductsPageUrl
2026-05-134 21:38:33 [main] INFO  org.utils.qa.Log - Browser closed
2026-05-134 21:38:33 [main] INFO  org.utils.qa.Log - Opening browser via begin()
2026-05-134 21:38:37 [main] INFO  org.utils.qa.Log - Initializing ProductSearchPage
2026-05-134 21:38:40 [main] INFO  org.utils.qa.Log - Ready on Products page
2026-05-134 21:38:40 [main] WARN  org.utils.qa.Log - SKIPPED: verifySearchResultsSectionTitle
2026-05-134 21:38:40 [main] INFO  org.utils.qa.Log - Browser closed
2026-05-134 21:38:40 [main] INFO  org.utils.qa.Log - Opening browser via begin()
2026-05-134 21:38:44 [main] INFO  org.utils.qa.Log - Initializing ProductSearchPage
2026-05-134 21:38:46 [main] INFO  org.utils.qa.Log - Ready on Products page
2026-05-134 21:38:46 [main] WARN  org.utils.qa.Log - SKIPPED: searchWithValidKeyword
2026-05-134 21:38:47 [main] INFO  org.utils.qa.Log - Browser closed
2026-05-134 21:38:47 [main] INFO  org.utils.qa.Log - Opening browser via begin()
2026-05-134 21:38:50 [main] INFO  org.utils.qa.Log - Initializing ProductSearchPage
2026-05-134 21:38:52 [main] INFO  org.utils.qa.Log - Ready on Products page
2026-05-134 21:38:52 [main] WARN  org.utils.qa.Log - SKIPPED: searchWithPartialKeyword
2026-05-134 21:38:52 [main] INFO  org.utils.qa.Log - Browser closed
2026-05-134 21:38:52 [main] INFO  org.utils.qa.Log - Opening browser via begin()
2026-05-134 21:38:56 [main] INFO  org.utils.qa.Log - Initializing ProductSearchPage
2026-05-134 21:38:58 [main] INFO  org.utils.qa.Log - Ready on Products page
2026-05-134 21:38:58 [main] WARN  org.utils.qa.Log - SKIPPED: verifyCaseInsensitiveSearch
2026-05-134 21:38:58 [main] INFO  org.utils.qa.Log - Browser closed
2026-05-134 21:38:58 [main] INFO  org.utils.qa.Log - Opening browser via begin()
2026-05-134 21:39:02 [main] INFO  org.utils.qa.Log - Initializing ProductSearchPage
2026-05-134 21:39:04 [main] INFO  org.utils.qa.Log - Ready on Products page
2026-05-134 21:39:04 [main] WARN  org.utils.qa.Log - SKIPPED: verifySearchResultRelevance
2026-05-134 21:39:04 [main] INFO  org.utils.qa.Log - Browser closed
2026-05-134 21:39:04 [main] INFO  org.utils.qa.Log - Opening browser via begin()
2026-05-134 21:39:08 [main] INFO  org.utils.qa.Log - Initializing ProductSearchPage
2026-05-134 21:39:10 [main] INFO  org.utils.qa.Log - Ready on Products page
2026-05-134 21:39:10 [main] WARN  org.utils.qa.Log - SKIPPED: searchWithInvalidKeyword
2026-05-134 21:39:10 [main] INFO  org.utils.qa.Log - Browser closed
2026-05-134 21:39:10 [main] INFO  org.utils.qa.Log - Opening browser via begin()
2026-05-134 21:39:13 [main] WARN  org.utils.qa.Log - SKIPPED: searchWithSpecialCharacters
2026-05-134 21:39:13 [main] INFO  org.utils.qa.Log - Browser closed
2026-05-134 21:39:13 [main] INFO  org.utils.qa.Log - Opening browser via begin()
2026-05-134 21:39:16 [main] WARN  org.utils.qa.Log - SKIPPED: verifySearchBoxIsEmptyOnLoad
2026-05-134 21:39:16 [main] INFO  org.utils.qa.Log - Browser closed
2026-05-134 21:39:16 [main] INFO  org.utils.qa.Log - Opening browser via begin()
2026-05-134 21:39:40 [main] INFO  org.testng.internal.Utils - [Utils] MethodGroupsHelper.collectMethodsByGroup() took 0 ms.
2026-05-134 21:39:40 [main] INFO  org.testng.internal.Utils - [Utils] MethodGroupsHelper.sortMethods() took 0 ms.
2026-05-134 21:39:40 [main] INFO  org.testng.internal.Utils - [Utils] MethodGroupsHelper.collectMethodsByGroup() took 0 ms.
2026-05-134 21:39:40 [main] INFO  org.testng.internal.Utils - [Utils] MethodGroupsHelper.sortMethods() took 0 ms.
2026-05-134 21:39:40 [main] INFO  org.testng.internal.Utils - [Utils] MethodGroupsHelper.collectMethodsByGroup() took 0 ms.
2026-05-134 21:39:40 [main] INFO  org.testng.internal.Utils - [Utils] MethodGroupsHelper.sortMethods() took 0 ms.
2026-05-134 21:39:40 [main] INFO  org.testng.internal.Utils - [Utils] MethodGroupsHelper.collectMethodsByGroup() took 0 ms.
2026-05-134 21:39:40 [main] INFO  org.testng.internal.Utils - [Utils] MethodGroupsHelper.sortMethods() took 0 ms.
2026-05-134 21:39:40 [main] INFO  org.testng.internal.Utils - [Utils] MethodGroupsHelper.collectMethodsByGroup() took 0 ms.
2026-05-134 21:39:40 [main] INFO  org.testng.internal.Utils - [Utils] MethodGroupsHelper.sortMethods() took 0 ms.
2026-05-134 21:39:40 [main] INFO  org.testng.internal.Utils - [Utils] MethodGroupsHelper.collectMethodsByGroup() took 0 ms.
2026-05-134 21:39:40 [main] INFO  org.testng.internal.Utils - [Utils] MethodGroupsHelper.sortMethods() took 0 ms.
2026-05-134 21:39:40 [main] INFO  org.testng.internal.Utils - [Utils] MethodGroupsHelper.collectMethodsByGroup() took 0 ms.
2026-05-134 21:39:40 [main] INFO  org.testng.internal.Utils - [Utils] MethodGroupsHelper.sortMethods() took 0 ms.
2026-05-134 21:39:40 [main] INFO  org.testng.internal.Utils - [Utils] MethodGroupsHelper.collectMethodsByGroup() took 0 ms.
2026-05-134 21:39:40 [main] INFO  org.testng.internal.Utils - [Utils] MethodGroupsHelper.sortMethods() took 0 ms.
2026-05-134 21:39:40 [main] INFO  org.testng.internal.Utils - [Utils] MethodGroupsHelper.collectMethodsByGroup() took 0 ms.
2026-05-134 21:39:40 [main] INFO  org.testng.internal.Utils - [Utils] MethodGroupsHelper.sortMethods() took 5 ms.
2026-05-134 21:39:40 [main] INFO  org.testng.internal.Utils - [Utils] MethodGroupsHelper.collectMethodsByGroup() took 0 ms.
2026-05-134 21:39:40 [main] INFO  org.testng.internal.Utils - [Utils] MethodGroupsHelper.sortMethods() took 0 ms.
2026-05-134 21:39:40 [main] INFO  org.testng.internal.Utils - [Utils] MethodGroupsHelper.collectMethodsByGroup() took 0 ms.
2026-05-134 21:39:40 [main] INFO  org.testng.internal.Utils - [Utils] MethodGroupsHelper.sortMethods() took 0 ms.
2026-05-134 21:39:40 [main] INFO  org.testng.internal.Utils - [Utils] MethodGroupsHelper.collectMethodsByGroup() took 0 ms.
2026-05-134 21:39:40 [main] INFO  org.testng.internal.Utils - [Utils] MethodGroupsHelper.sortMethods() took 0 ms.
2026-05-134 21:39:40 [main] INFO  org.testng.internal.Utils - [Utils] MethodGroupsHelper.collectMethodsByGroup() took 9 ms.
2026-05-134 21:39:40 [main] INFO  org.testng.internal.Utils - [Utils] MethodGroupsHelper.sortMethods() took 1 ms.
2026-05-134 21:39:40 [main] INFO  org.testng.internal.Utils - [Utils] MethodGroupsHelper.collectMethodsByGroup() took 0 ms.
2026-05-134 21:39:40 [main] INFO  org.testng.internal.Utils - [Utils] MethodGroupsHelper.sortMethods() took 0 ms.
2026-05-134 21:39:40 [main] INFO  org.testng.internal.Utils - [Utils] MethodGroupsHelper.collectMethodsByGroup() took 0 ms.
2026-05-134 21:39:40 [main] INFO  org.testng.internal.Utils - [Utils] MethodGroupsHelper.sortMethods() took 0 ms.
2026-05-134 21:39:40 [main] INFO  org.testng.internal.Utils - [TestNG] Running:
  C:\Users\Siddhi\AppData\Local\Temp\testng-eclipse--64183700\testng-customsuite.xml

2026-05-134 21:39:40 [main] INFO  org.testng.internal.Utils - [Utils] DynamicGraphHelper.createDynamicGraph() took 2 ms.
2026-05-134 21:39:40 [main] INFO  org.utils.qa.Log - Opening browser via begin()
2026-05-134 21:39:45 [main] INFO  org.utils.qa.Log - Initializing ProductSearchPage
2026-05-134 21:39:47 [main] INFO  org.utils.qa.Log - Ready on Products page
2026-05-134 21:39:47 [main] INFO  org.utils.qa.Log - TC-PS-001: Verifying search box is visible
2026-05-134 21:39:47 [main] INFO  org.testng.internal.Utils - [TestNG] Time taken by org.testng.reporters.jq.Main@5c748168: 56 ms
2026-05-134 21:39:47 [main] INFO  org.testng.internal.Utils - [TestNG] Time taken by org.testng.reporters.FailedReporter@5e1218b4: 18 ms
2026-05-134 21:39:47 [main] INFO  org.testng.internal.Utils - [TestNG] Time taken by org.testng.reporters.XMLReporter@971e903: 7 ms
2026-05-134 21:39:47 [main] INFO  org.testng.internal.Utils - [TestNG] Time taken by org.testng.reporters.EmailableReporter2@191a709b: 7 ms
2026-05-134 21:39:47 [main] INFO  org.testng.internal.Utils - [TestNG] Time taken by org.testng.reporters.JUnitReportReporter@203c20cf: 9 ms
2026-05-134 21:39:47 [main] INFO  org.testng.internal.Utils - [TestNG] Time taken by org.testng.internal.ExitCodeListener@2a1debfa: 0 ms
2026-05-134 21:39:56 [main] INFO  org.testng.internal.Utils - [Utils] MethodGroupsHelper.collectMethodsByGroup() took 1 ms.
2026-05-134 21:39:56 [main] INFO  org.testng.internal.Utils - [Utils] MethodGroupsHelper.sortMethods() took 1 ms.
2026-05-134 21:39:56 [main] INFO  org.testng.internal.Utils - [Utils] MethodGroupsHelper.collectMethodsByGroup() took 0 ms.
2026-05-134 21:39:56 [main] INFO  org.testng.internal.Utils - [Utils] MethodGroupsHelper.sortMethods() took 0 ms.
2026-05-134 21:39:56 [main] INFO  org.testng.internal.Utils - [Utils] MethodGroupsHelper.collectMethodsByGroup() took 0 ms.
2026-05-134 21:39:56 [main] INFO  org.testng.internal.Utils - [Utils] MethodGroupsHelper.sortMethods() took 0 ms.
2026-05-134 21:39:56 [main] INFO  org.testng.internal.Utils - [Utils] MethodGroupsHelper.collectMethodsByGroup() took 0 ms.
2026-05-134 21:39:56 [main] INFO  org.testng.internal.Utils - [Utils] MethodGroupsHelper.sortMethods() took 0 ms.
2026-05-134 21:39:56 [main] INFO  org.testng.internal.Utils - [Utils] MethodGroupsHelper.collectMethodsByGroup() took 0 ms.
2026-05-134 21:39:56 [main] INFO  org.testng.internal.Utils - [Utils] MethodGroupsHelper.sortMethods() took 0 ms.
2026-05-134 21:39:56 [main] INFO  org.testng.internal.Utils - [Utils] MethodGroupsHelper.collectMethodsByGroup() took 0 ms.
2026-05-134 21:39:56 [main] INFO  org.testng.internal.Utils - [Utils] MethodGroupsHelper.sortMethods() took 0 ms.
2026-05-134 21:39:56 [main] INFO  org.testng.internal.Utils - [Utils] MethodGroupsHelper.collectMethodsByGroup() took 0 ms.
2026-05-134 21:39:56 [main] INFO  org.testng.internal.Utils - [Utils] MethodGroupsHelper.sortMethods() took 0 ms.
2026-05-134 21:39:56 [main] INFO  org.testng.internal.Utils - [Utils] MethodGroupsHelper.collectMethodsByGroup() took 0 ms.
2026-05-134 21:39:56 [main] INFO  org.testng.internal.Utils - [Utils] MethodGroupsHelper.sortMethods() took 0 ms.
2026-05-134 21:39:56 [main] INFO  org.testng.internal.Utils - [Utils] MethodGroupsHelper.collectMethodsByGroup() took 0 ms.
2026-05-134 21:39:56 [main] INFO  org.testng.internal.Utils - [Utils] MethodGroupsHelper.sortMethods() took 5 ms.
2026-05-134 21:39:56 [main] INFO  org.testng.internal.Utils - [Utils] MethodGroupsHelper.collectMethodsByGroup() took 0 ms.
2026-05-134 21:39:56 [main] INFO  org.testng.internal.Utils - [Utils] MethodGroupsHelper.sortMethods() took 0 ms.
2026-05-134 21:39:56 [main] INFO  org.testng.internal.Utils - [Utils] MethodGroupsHelper.collectMethodsByGroup() took 0 ms.
2026-05-134 21:39:56 [main] INFO  org.testng.internal.Utils - [Utils] MethodGroupsHelper.sortMethods() took 0 ms.
2026-05-134 21:39:56 [main] INFO  org.testng.internal.Utils - [Utils] MethodGroupsHelper.collectMethodsByGroup() took 0 ms.
2026-05-134 21:39:56 [main] INFO  org.testng.internal.Utils - [Utils] MethodGroupsHelper.sortMethods() took 0 ms.
2026-05-134 21:39:56 [main] INFO  org.testng.internal.Utils - [Utils] MethodGroupsHelper.collectMethodsByGroup() took 9 ms.
2026-05-134 21:39:56 [main] INFO  org.testng.internal.Utils - [Utils] MethodGroupsHelper.sortMethods() took 0 ms.
2026-05-134 21:39:56 [main] INFO  org.testng.internal.Utils - [Utils] MethodGroupsHelper.collectMethodsByGroup() took 0 ms.
2026-05-134 21:39:56 [main] INFO  org.testng.internal.Utils - [Utils] MethodGroupsHelper.sortMethods() took 0 ms.
2026-05-134 21:39:56 [main] INFO  org.testng.internal.Utils - [Utils] MethodGroupsHelper.collectMethodsByGroup() took 0 ms.
2026-05-134 21:39:56 [main] INFO  org.testng.internal.Utils - [Utils] MethodGroupsHelper.sortMethods() took 0 ms.
2026-05-134 21:39:56 [main] INFO  org.testng.internal.Utils - [TestNG] Running:
  C:\Users\Siddhi\AppData\Local\Temp\testng-eclipse--1616630187\testng-customsuite.xml

2026-05-134 21:39:56 [main] INFO  org.testng.internal.Utils - [Utils] DynamicGraphHelper.createDynamicGraph() took 5 ms.
2026-05-134 21:39:56 [main] INFO  org.utils.qa.Log - Opening browser via begin()
2026-05-134 21:40:00 [main] INFO  org.utils.qa.Log - Initializing ProductSearchPage
2026-05-134 21:40:03 [main] INFO  org.utils.qa.Log - Ready on Products page
2026-05-134 21:40:03 [main] INFO  org.utils.qa.Log - TC-PS-002: Verifying search button is visible
2026-05-134 21:40:03 [main] INFO  org.testng.internal.Utils - [TestNG] Time taken by org.testng.reporters.jq.Main@5c748168: 54 ms
2026-05-134 21:40:03 [main] INFO  org.testng.internal.Utils - [TestNG] Time taken by org.testng.reporters.FailedReporter@5e1218b4: 9 ms
2026-05-134 21:40:03 [main] INFO  org.testng.internal.Utils - [TestNG] Time taken by org.testng.reporters.XMLReporter@971e903: 13 ms
2026-05-134 21:40:03 [main] INFO  org.testng.internal.Utils - [TestNG] Time taken by org.testng.reporters.EmailableReporter2@191a709b: 8 ms
2026-05-134 21:40:03 [main] INFO  org.testng.internal.Utils - [TestNG] Time taken by org.testng.reporters.JUnitReportReporter@203c20cf: 2 ms
2026-05-134 21:40:03 [main] INFO  org.testng.internal.Utils - [TestNG] Time taken by org.testng.internal.ExitCodeListener@2a1debfa: 0 ms
2026-05-134 21:40:38 [main] INFO  org.testng.internal.Utils - [Utils] MethodGroupsHelper.collectMethodsByGroup() took 1 ms.
2026-05-134 21:40:38 [main] INFO  org.testng.internal.Utils - [Utils] MethodGroupsHelper.sortMethods() took 1 ms.
2026-05-134 21:40:38 [main] INFO  org.testng.internal.Utils - [Utils] MethodGroupsHelper.collectMethodsByGroup() took 0 ms.
2026-05-134 21:40:38 [main] INFO  org.testng.internal.Utils - [Utils] MethodGroupsHelper.sortMethods() took 0 ms.
2026-05-134 21:40:38 [main] INFO  org.testng.internal.Utils - [Utils] MethodGroupsHelper.collectMethodsByGroup() took 0 ms.
2026-05-134 21:40:38 [main] INFO  org.testng.internal.Utils - [Utils] MethodGroupsHelper.sortMethods() took 0 ms.
2026-05-134 21:40:38 [main] INFO  org.testng.internal.Utils - [Utils] MethodGroupsHelper.collectMethodsByGroup() took 0 ms.
2026-05-134 21:40:38 [main] INFO  org.testng.internal.Utils - [Utils] MethodGroupsHelper.sortMethods() took 0 ms.
2026-05-134 21:40:38 [main] INFO  org.testng.internal.Utils - [Utils] MethodGroupsHelper.collectMethodsByGroup() took 0 ms.
2026-05-134 21:40:38 [main] INFO  org.testng.internal.Utils - [Utils] MethodGroupsHelper.sortMethods() took 0 ms.
2026-05-134 21:40:38 [main] INFO  org.testng.internal.Utils - [Utils] MethodGroupsHelper.collectMethodsByGroup() took 0 ms.
2026-05-134 21:40:38 [main] INFO  org.testng.internal.Utils - [Utils] MethodGroupsHelper.sortMethods() took 0 ms.
2026-05-134 21:40:38 [main] INFO  org.testng.internal.Utils - [Utils] MethodGroupsHelper.collectMethodsByGroup() took 0 ms.
2026-05-134 21:40:38 [main] INFO  org.testng.internal.Utils - [Utils] MethodGroupsHelper.sortMethods() took 0 ms.
2026-05-134 21:40:38 [main] INFO  org.testng.internal.Utils - [Utils] MethodGroupsHelper.collectMethodsByGroup() took 0 ms.
2026-05-134 21:40:38 [main] INFO  org.testng.internal.Utils - [Utils] MethodGroupsHelper.sortMethods() took 0 ms.
2026-05-134 21:40:38 [main] INFO  org.testng.internal.Utils - [Utils] MethodGroupsHelper.collectMethodsByGroup() took 0 ms.
2026-05-134 21:40:38 [main] INFO  org.testng.internal.Utils - [Utils] MethodGroupsHelper.sortMethods() took 5 ms.
2026-05-134 21:40:38 [main] INFO  org.testng.internal.Utils - [Utils] MethodGroupsHelper.collectMethodsByGroup() took 0 ms.
2026-05-134 21:40:38 [main] INFO  org.testng.internal.Utils - [Utils] MethodGroupsHelper.sortMethods() took 0 ms.
2026-05-134 21:40:38 [main] INFO  org.testng.internal.Utils - [Utils] MethodGroupsHelper.collectMethodsByGroup() took 0 ms.
2026-05-134 21:40:38 [main] INFO  org.testng.internal.Utils - [Utils] MethodGroupsHelper.sortMethods() took 0 ms.
2026-05-134 21:40:38 [main] INFO  org.testng.internal.Utils - [Utils] MethodGroupsHelper.collectMethodsByGroup() took 0 ms.
2026-05-134 21:40:38 [main] INFO  org.testng.internal.Utils - [Utils] MethodGroupsHelper.sortMethods() took 0 ms.
2026-05-134 21:40:38 [main] INFO  org.testng.internal.Utils - [Utils] MethodGroupsHelper.collectMethodsByGroup() took 10 ms.
2026-05-134 21:40:38 [main] INFO  org.testng.internal.Utils - [Utils] MethodGroupsHelper.sortMethods() took 1 ms.
2026-05-134 21:40:38 [main] INFO  org.testng.internal.Utils - [Utils] MethodGroupsHelper.collectMethodsByGroup() took 0 ms.
2026-05-134 21:40:38 [main] INFO  org.testng.internal.Utils - [Utils] MethodGroupsHelper.sortMethods() took 0 ms.
2026-05-134 21:40:38 [main] INFO  org.testng.internal.Utils - [Utils] MethodGroupsHelper.collectMethodsByGroup() took 0 ms.
2026-05-134 21:40:38 [main] INFO  org.testng.internal.Utils - [Utils] MethodGroupsHelper.sortMethods() took 0 ms.
2026-05-134 21:40:38 [main] INFO  org.testng.internal.Utils - [TestNG] Running:
  C:\Users\Siddhi\AppData\Local\Temp\testng-eclipse--1712940006\testng-customsuite.xml

2026-05-134 21:40:38 [main] INFO  org.testng.internal.Utils - [Utils] DynamicGraphHelper.createDynamicGraph() took 4 ms.
2026-05-134 21:40:38 [main] INFO  org.utils.qa.Log - Opening browser via begin()
2026-05-134 21:40:42 [main] INFO  org.utils.qa.Log - Initializing ProductSearchPage
2026-05-134 21:40:44 [main] INFO  org.utils.qa.Log - Ready on Products page
2026-05-134 21:40:44 [main] INFO  org.utils.qa.Log - TC-PS-003: Verifying Products page URL
2026-05-134 21:40:44 [main] INFO  org.testng.internal.Utils - [TestNG] Time taken by org.testng.reporters.jq.Main@1d96d872: 55 ms
2026-05-134 21:40:44 [main] INFO  org.testng.internal.Utils - [TestNG] Time taken by org.testng.reporters.FailedReporter@3a2b2322: 0 ms
2026-05-134 21:40:44 [main] INFO  org.testng.internal.Utils - [TestNG] Time taken by org.testng.reporters.XMLReporter@77cb9cd1: 19 ms
2026-05-134 21:40:44 [main] INFO  org.testng.internal.Utils - [TestNG] Time taken by org.testng.reporters.EmailableReporter2@10667848: 0 ms
2026-05-134 21:40:44 [main] INFO  org.testng.internal.Utils - [TestNG] Time taken by org.testng.reporters.JUnitReportReporter@7bb35cc6: 11 ms
2026-05-134 21:40:44 [main] INFO  org.testng.internal.Utils - [TestNG] Time taken by org.testng.internal.ExitCodeListener@203c20cf: 0 ms
2026-05-134 21:47:44 [main] INFO  org.testng.internal.Utils - [Utils] MethodGroupsHelper.collectMethodsByGroup() took 3 ms.
2026-05-134 21:47:44 [main] INFO  org.testng.internal.Utils - [Utils] MethodGroupsHelper.sortMethods() took 4 ms.
2026-05-134 21:47:44 [main] INFO  org.testng.internal.Utils - [Utils] MethodGroupsHelper.collectMethodsByGroup() took 0 ms.
2026-05-134 21:47:44 [main] INFO  org.testng.internal.Utils - [Utils] MethodGroupsHelper.sortMethods() took 1 ms.
2026-05-134 21:47:44 [main] INFO  org.testng.internal.Utils - [Utils] MethodGroupsHelper.collectMethodsByGroup() took 0 ms.
2026-05-134 21:47:44 [main] INFO  org.testng.internal.Utils - [Utils] MethodGroupsHelper.sortMethods() took 0 ms.
2026-05-134 21:47:44 [main] INFO  org.testng.internal.Utils - [Utils] MethodGroupsHelper.collectMethodsByGroup() took 0 ms.
2026-05-134 21:47:44 [main] INFO  org.testng.internal.Utils - [Utils] MethodGroupsHelper.sortMethods() took 0 ms.
2026-05-134 21:47:44 [main] INFO  org.testng.internal.Utils - [Utils] MethodGroupsHelper.collectMethodsByGroup() took 0 ms.
2026-05-134 21:47:44 [main] INFO  org.testng.internal.Utils - [Utils] MethodGroupsHelper.sortMethods() took 0 ms.
2026-05-134 21:47:44 [main] INFO  org.testng.internal.Utils - [Utils] MethodGroupsHelper.collectMethodsByGroup() took 0 ms.
2026-05-134 21:47:44 [main] INFO  org.testng.internal.Utils - [Utils] MethodGroupsHelper.sortMethods() took 0 ms.
2026-05-134 21:47:44 [main] INFO  org.testng.internal.Utils - [Utils] MethodGroupsHelper.collectMethodsByGroup() took 0 ms.
2026-05-134 21:47:44 [main] INFO  org.testng.internal.Utils - [Utils] MethodGroupsHelper.sortMethods() took 0 ms.
2026-05-134 21:47:44 [main] INFO  org.testng.internal.Utils - [Utils] MethodGroupsHelper.collectMethodsByGroup() took 0 ms.
2026-05-134 21:47:44 [main] INFO  org.testng.internal.Utils - [Utils] MethodGroupsHelper.sortMethods() took 0 ms.
2026-05-134 21:47:44 [main] INFO  org.testng.internal.Utils - [Utils] MethodGroupsHelper.collectMethodsByGroup() took 1 ms.
2026-05-134 21:47:44 [main] INFO  org.testng.internal.Utils - [Utils] MethodGroupsHelper.sortMethods() took 6 ms.
2026-05-134 21:47:44 [main] INFO  org.testng.internal.Utils - [Utils] MethodGroupsHelper.collectMethodsByGroup() took 0 ms.
2026-05-134 21:47:44 [main] INFO  org.testng.internal.Utils - [Utils] MethodGroupsHelper.sortMethods() took 0 ms.
2026-05-134 21:47:44 [main] INFO  org.testng.internal.Utils - [Utils] MethodGroupsHelper.collectMethodsByGroup() took 0 ms.
2026-05-134 21:47:44 [main] INFO  org.testng.internal.Utils - [Utils] MethodGroupsHelper.sortMethods() took 0 ms.
2026-05-134 21:47:44 [main] INFO  org.testng.internal.Utils - [Utils] MethodGroupsHelper.collectMethodsByGroup() took 0 ms.
2026-05-134 21:47:44 [main] INFO  org.testng.internal.Utils - [Utils] MethodGroupsHelper.sortMethods() took 0 ms.
2026-05-134 21:47:44 [main] INFO  org.testng.internal.Utils - [Utils] MethodGroupsHelper.collectMethodsByGroup() took 0 ms.
2026-05-134 21:47:44 [main] INFO  org.testng.internal.Utils - [Utils] MethodGroupsHelper.sortMethods() took 1 ms.
2026-05-134 21:47:44 [main] INFO  org.testng.internal.Utils - [Utils] MethodGroupsHelper.collectMethodsByGroup() took 0 ms.
2026-05-134 21:47:44 [main] INFO  org.testng.internal.Utils - [Utils] MethodGroupsHelper.sortMethods() took 0 ms.
2026-05-134 21:47:44 [main] INFO  org.testng.internal.Utils - [Utils] MethodGroupsHelper.collectMethodsByGroup() took 0 ms.
2026-05-134 21:47:44 [main] INFO  org.testng.internal.Utils - [Utils] MethodGroupsHelper.sortMethods() took 1 ms.
2026-05-134 21:47:44 [main] INFO  org.testng.internal.Utils - [TestNG] Running:
  C:\Users\Siddhi\AppData\Local\Temp\testng-eclipse--336463328\testng-customsuite.xml

2026-05-134 21:47:44 [main] INFO  org.testng.internal.Utils - [Utils] DynamicGraphHelper.createDynamicGraph() took 2 ms.
2026-05-134 21:47:44 [main] INFO  org.utils.qa.Log - Opening browser via begin()
2026-05-134 21:47:49 [main] INFO  org.utils.qa.Log - Initializing ProductSearchPage
2026-05-134 21:47:51 [main] INFO  org.utils.qa.Log - Ready on Products page
2026-05-134 21:47:51 [main] INFO  org.utils.qa.Log - TC-PS-001: Verifying search box is visible
2026-05-134 21:47:51 [main] INFO  org.utils.qa.Log - TC-PS-001: PASS
2026-05-134 21:47:51 [main] INFO  org.utils.qa.Log - PASSED: verifySearchBoxIsVisible
2026-05-134 21:47:51 [main] INFO  org.utils.qa.Log - Browser closed
2026-05-134 21:47:51 [main] INFO  org.utils.qa.Log - Opening browser via begin()
2026-05-134 21:47:55 [main] INFO  org.utils.qa.Log - Initializing ProductSearchPage
2026-05-134 21:47:56 [main] INFO  org.utils.qa.Log - Ready on Products page
2026-05-134 21:47:56 [main] INFO  org.utils.qa.Log - TC-PS-002: Verifying search button is visible
2026-05-134 21:47:57 [main] INFO  org.utils.qa.Log - TC-PS-002: PASS
2026-05-134 21:47:57 [main] INFO  org.utils.qa.Log - PASSED: verifySearchButtonIsVisible
2026-05-134 21:47:57 [main] INFO  org.utils.qa.Log - Browser closed
2026-05-134 21:47:57 [main] INFO  org.utils.qa.Log - Opening browser via begin()
2026-05-134 21:48:00 [main] INFO  org.utils.qa.Log - Initializing ProductSearchPage
2026-05-134 21:48:02 [main] INFO  org.utils.qa.Log - Ready on Products page
2026-05-134 21:48:02 [main] INFO  org.utils.qa.Log - TC-PS-003: Verifying Products page URL
2026-05-134 21:48:02 [main] INFO  org.utils.qa.Log - TC-PS-003: URL = https://automationexercise.com/products
2026-05-134 21:48:02 [main] INFO  org.utils.qa.Log - TC-PS-003: PASS
2026-05-134 21:48:02 [main] INFO  org.utils.qa.Log - PASSED: verifyProductsPageUrl
2026-05-134 21:48:02 [main] INFO  org.utils.qa.Log - Browser closed
2026-05-134 21:48:02 [main] INFO  org.utils.qa.Log - Opening browser via begin()
2026-05-134 21:48:06 [main] INFO  org.utils.qa.Log - Initializing ProductSearchPage
2026-05-134 21:48:09 [main] INFO  org.utils.qa.Log - Ready on Products page
2026-05-134 21:48:09 [main] INFO  org.utils.qa.Log - TC-PS-004: Verifying section title after search
2026-05-134 21:48:11 [main] INFO  org.utils.qa.Log - TC-PS-004: Title = SEARCHED PRODUCTS
2026-05-134 21:48:11 [main] ERROR org.utils.qa.Log - FAILED: verifySearchResultsSectionTitle | Section title should be 'Searched Products' expected [Searched Products] but found [SEARCHED PRODUCTS]
2026-05-134 21:48:11 [main] INFO  org.utils.qa.Log - Browser closed
2026-05-134 21:48:11 [main] INFO  org.utils.qa.Log - Opening browser via begin()
2026-05-134 21:48:14 [main] INFO  org.utils.qa.Log - Initializing ProductSearchPage
2026-05-134 21:48:18 [main] INFO  org.utils.qa.Log - Ready on Products page
2026-05-134 21:48:18 [main] INFO  org.utils.qa.Log - TC-PS-005: Searching with valid keyword 'Top'
2026-05-134 21:48:20 [main] INFO  org.utils.qa.Log - TC-PS-005: Result count = 14
2026-05-134 21:48:20 [main] INFO  org.utils.qa.Log - TC-PS-005: PASS
2026-05-134 21:48:20 [main] INFO  org.utils.qa.Log - PASSED: searchWithValidKeyword
2026-05-134 21:48:20 [main] INFO  org.utils.qa.Log - Browser closed
2026-05-134 21:48:20 [main] INFO  org.utils.qa.Log - Opening browser via begin()
2026-05-134 21:48:24 [main] INFO  org.utils.qa.Log - Initializing ProductSearchPage
2026-05-134 21:48:28 [main] INFO  org.utils.qa.Log - Ready on Products page
2026-05-134 21:48:28 [main] INFO  org.utils.qa.Log - TC-PS-006: Searching with partial keyword 'Blu'
2026-05-134 21:48:30 [main] INFO  org.utils.qa.Log - TC-PS-006: Result count = 7
2026-05-134 21:48:30 [main] INFO  org.utils.qa.Log - TC-PS-006: PASS
2026-05-134 21:48:30 [main] INFO  org.utils.qa.Log - PASSED: searchWithPartialKeyword
2026-05-134 21:48:30 [main] INFO  org.utils.qa.Log - Browser closed
2026-05-134 21:48:30 [main] INFO  org.utils.qa.Log - Opening browser via begin()
2026-05-134 21:48:34 [main] INFO  org.utils.qa.Log - Initializing ProductSearchPage
2026-05-134 21:48:37 [main] INFO  org.utils.qa.Log - Ready on Products page
2026-05-134 21:48:37 [main] INFO  org.utils.qa.Log - TC-PS-007: Comparing DRESS vs dress result count
2026-05-134 21:48:39 [main] INFO  org.utils.qa.Log - TC-PS-007: DRESS count = 9
2026-05-134 21:48:42 [main] INFO  org.utils.qa.Log - TC-PS-007: dress count = 9
2026-05-134 21:48:42 [main] INFO  org.utils.qa.Log - TC-PS-007: PASS
2026-05-134 21:48:42 [main] INFO  org.utils.qa.Log - PASSED: verifyCaseInsensitiveSearch
2026-05-134 21:48:43 [main] INFO  org.utils.qa.Log - Browser closed
2026-05-134 21:48:43 [main] INFO  org.utils.qa.Log - Opening browser via begin()
2026-05-134 21:48:46 [main] INFO  org.utils.qa.Log - Initializing ProductSearchPage
2026-05-134 21:48:48 [main] INFO  org.utils.qa.Log - Ready on Products page
2026-05-134 21:48:48 [main] INFO  org.utils.qa.Log - TC-PS-008: Verifying result relevance for 'Jeans'
2026-05-134 21:48:49 [main] INFO  org.utils.qa.Log - TC-PS-008: Products found: [Soft Stretch Jeans, Regular Fit Straight Jeans, Grunt Blue Slim Fit Jeans]
2026-05-134 21:48:50 [main] INFO  org.utils.qa.Log - TC-PS-008: PASS
2026-05-134 21:48:50 [main] INFO  org.utils.qa.Log - PASSED: verifySearchResultRelevance
2026-05-134 21:48:50 [main] INFO  org.utils.qa.Log - Browser closed
2026-05-134 21:48:50 [main] INFO  org.utils.qa.Log - Opening browser via begin()
2026-05-134 21:48:54 [main] INFO  org.utils.qa.Log - Initializing ProductSearchPage
2026-05-134 21:48:56 [main] INFO  org.utils.qa.Log - Ready on Products page
2026-05-134 21:48:56 [main] INFO  org.utils.qa.Log - TC-PS-009: Searching with invalid keyword 'xyzabc123'
2026-05-134 21:49:03 [main] INFO  org.utils.qa.Log - TC-PS-009: Result count (expected 0) = 0
2026-05-134 21:49:03 [main] INFO  org.utils.qa.Log - TC-PS-009: PASS
2026-05-134 21:49:03 [main] INFO  org.utils.qa.Log - PASSED: searchWithInvalidKeyword
2026-05-134 21:49:03 [main] INFO  org.utils.qa.Log - Browser closed
2026-05-134 21:49:03 [main] INFO  org.utils.qa.Log - Opening browser via begin()
2026-05-134 21:49:07 [main] INFO  org.utils.qa.Log - Initializing ProductSearchPage
2026-05-134 21:49:09 [main] INFO  org.utils.qa.Log - Ready on Products page
2026-05-134 21:49:09 [main] INFO  org.utils.qa.Log - TC-PS-010: Searching with special characters '@#$%'
2026-05-134 21:49:11 [main] INFO  org.utils.qa.Log - TC-PS-010: URL after search = https://automationexercise.com/products?search=@#$%
2026-05-134 21:49:11 [main] INFO  org.utils.qa.Log - TC-PS-010: PASS
2026-05-134 21:49:11 [main] INFO  org.utils.qa.Log - PASSED: searchWithSpecialCharacters
2026-05-134 21:49:11 [main] INFO  org.utils.qa.Log - Browser closed
2026-05-134 21:49:11 [main] INFO  org.utils.qa.Log - Opening browser via begin()
2026-05-134 21:49:15 [main] INFO  org.utils.qa.Log - Initializing ProductSearchPage
2026-05-134 21:49:17 [main] INFO  org.utils.qa.Log - Ready on Products page
2026-05-134 21:49:17 [main] INFO  org.utils.qa.Log - TC-PS-011: Verifying search box is empty on load
2026-05-134 21:49:17 [main] INFO  org.utils.qa.Log - TC-PS-011: Value = ''
2026-05-134 21:49:17 [main] INFO  org.utils.qa.Log - TC-PS-011: PASS
2026-05-134 21:49:17 [main] INFO  org.utils.qa.Log - PASSED: verifySearchBoxIsEmptyOnLoad
2026-05-134 21:49:18 [main] INFO  org.utils.qa.Log - Browser closed
2026-05-134 21:49:18 [main] INFO  org.utils.qa.Log - Opening browser via begin()
2026-05-134 21:49:21 [main] INFO  org.utils.qa.Log - Initializing ProductSearchPage
2026-05-134 21:49:26 [main] INFO  org.utils.qa.Log - Ready on Products page
2026-05-134 21:49:26 [main] INFO  org.utils.qa.Log - TC-PS-012: Verifying URL stays on /products after search
2026-05-134 21:49:28 [main] INFO  org.utils.qa.Log - TC-PS-012: URL = https://automationexercise.com/products?search=Top
2026-05-134 21:49:28 [main] INFO  org.utils.qa.Log - TC-PS-012: PASS
2026-05-134 21:49:28 [main] INFO  org.utils.qa.Log - PASSED: verifyUrlAfterSearch
2026-05-134 21:49:28 [main] INFO  org.utils.qa.Log - Browser closed
2026-05-134 21:49:28 [main] INFO  org.utils.qa.Log - Opening browser via begin()
2026-05-134 21:49:32 [main] INFO  org.utils.qa.Log - Initializing ProductSearchPage
2026-05-134 21:49:35 [main] INFO  org.utils.qa.Log - Ready on Products page
2026-05-134 21:49:35 [main] INFO  org.utils.qa.Log - TC-PS-013: Clicking View Product on first result
2026-05-134 21:49:42 [main] ERROR org.utils.qa.Log - FAILED: viewProductDetailFromSearchResult | Index 0 out of bounds for length 0
2026-05-134 21:49:42 [main] INFO  org.utils.qa.Log - Browser closed
2026-05-134 21:49:42 [main] INFO  org.utils.qa.Log - Opening browser via begin()
2026-05-134 21:49:46 [main] INFO  org.utils.qa.Log - Initializing ProductSearchPage
2026-05-134 21:49:48 [main] INFO  org.utils.qa.Log - Ready on Products page
2026-05-134 21:49:48 [main] INFO  org.utils.qa.Log - TC-PS-014: Adding first result to cart
2026-05-134 21:49:50 [main] INFO  org.utils.qa.Log - TC-PS-014: Clicked Add to Cart
2026-05-134 21:49:51 [main] INFO  org.utils.qa.Log - TC-PS-014: Modal dismissed — PASS
2026-05-134 21:49:51 [main] INFO  org.utils.qa.Log - PASSED: addFirstSearchResultToCart
2026-05-134 21:49:51 [main] INFO  org.utils.qa.Log - Browser closed
2026-05-134 21:49:51 [main] INFO  org.utils.qa.Log - Loading Excel: ProductSearchData.xlsx | Sheet: SearchData
2026-05-134 21:49:51 [main] INFO  org.utils.qa.Log - Opening browser via begin()
2026-05-134 21:49:54 [main] INFO  org.utils.qa.Log - Initializing ProductSearchPage
2026-05-134 21:49:56 [main] INFO  org.utils.qa.Log - Ready on Products page
2026-05-134 21:49:57 [main] ERROR org.utils.qa.Log - FAILED: dataDriverSearchFromExcel | For input string: "1.0"
2026-05-134 21:49:57 [main] INFO  org.utils.qa.Log - Browser closed
2026-05-134 21:49:57 [main] INFO  org.utils.qa.Log - Opening browser via begin()
2026-05-134 21:50:01 [main] INFO  org.utils.qa.Log - Initializing ProductSearchPage
2026-05-134 21:50:04 [main] INFO  org.utils.qa.Log - Ready on Products page
2026-05-134 21:50:05 [main] ERROR org.utils.qa.Log - FAILED: dataDriverSearchFromExcel | For input string: "1.0"
2026-05-134 21:50:05 [main] INFO  org.utils.qa.Log - Browser closed
2026-05-134 21:50:05 [main] INFO  org.utils.qa.Log - Opening browser via begin()
2026-05-134 21:50:08 [main] INFO  org.utils.qa.Log - Initializing ProductSearchPage
2026-05-134 21:50:11 [main] INFO  org.utils.qa.Log - Ready on Products page
2026-05-134 21:50:11 [main] ERROR org.utils.qa.Log - FAILED: dataDriverSearchFromExcel | For input string: "1.0"
2026-05-134 21:50:11 [main] INFO  org.utils.qa.Log - Browser closed
2026-05-134 21:50:12 [main] INFO  org.utils.qa.Log - Opening browser via begin()
2026-05-134 21:50:15 [main] INFO  org.utils.qa.Log - Initializing ProductSearchPage
2026-05-134 21:50:18 [main] INFO  org.utils.qa.Log - Ready on Products page
2026-05-134 21:50:18 [main] ERROR org.utils.qa.Log - FAILED: dataDriverSearchFromExcel | For input string: "1.0"
2026-05-134 21:50:19 [main] INFO  org.utils.qa.Log - Browser closed
2026-05-134 21:50:19 [main] INFO  org.utils.qa.Log - Opening browser via begin()
2026-05-134 21:50:23 [main] INFO  org.utils.qa.Log - Initializing ProductSearchPage
2026-05-134 21:50:26 [main] INFO  org.utils.qa.Log - Ready on Products page
2026-05-134 21:50:26 [main] ERROR org.utils.qa.Log - FAILED: dataDriverSearchFromExcel | For input string: "1.0"
2026-05-134 21:50:26 [main] INFO  org.utils.qa.Log - Browser closed
2026-05-134 21:50:26 [main] INFO  org.utils.qa.Log - Opening browser via begin()
2026-05-134 21:50:30 [main] INFO  org.utils.qa.Log - Initializing ProductSearchPage
2026-05-134 21:50:33 [main] INFO  org.utils.qa.Log - Ready on Products page
2026-05-134 21:50:33 [main] ERROR org.utils.qa.Log - FAILED: dataDriverSearchFromExcel | For input string: "1.0"
2026-05-134 21:50:33 [main] INFO  org.utils.qa.Log - Browser closed
2026-05-134 21:50:33 [main] INFO  org.utils.qa.Log - Opening browser via begin()
2026-05-134 21:50:37 [main] INFO  org.utils.qa.Log - Initializing ProductSearchPage
2026-05-134 21:50:40 [main] INFO  org.utils.qa.Log - Ready on Products page
2026-05-134 21:50:40 [main] ERROR org.utils.qa.Log - FAILED: dataDriverSearchFromExcel | For input string: "1.0"
2026-05-134 21:50:40 [main] INFO  org.utils.qa.Log - Browser closed
2026-05-134 21:50:40 [main] INFO  org.utils.qa.Log - Opening browser via begin()
2026-05-134 21:50:45 [main] INFO  org.utils.qa.Log - Initializing ProductSearchPage
2026-05-134 21:50:47 [main] INFO  org.utils.qa.Log - Ready on Products page
2026-05-134 21:50:47 [main] ERROR org.utils.qa.Log - FAILED: dataDriverSearchFromExcel | For input string: "0.0"
2026-05-134 21:50:48 [main] INFO  org.utils.qa.Log - Browser closed
2026-05-134 21:50:48 [main] INFO  org.utils.qa.Log - Opening browser via begin()
2026-05-134 21:50:51 [main] INFO  org.utils.qa.Log - Initializing ProductSearchPage
2026-05-134 21:50:55 [main] INFO  org.utils.qa.Log - Ready on Products page
2026-05-134 21:50:55 [main] ERROR org.utils.qa.Log - FAILED: dataDriverSearchFromExcel | For input string: "0.0"
2026-05-134 21:50:55 [main] INFO  org.utils.qa.Log - Browser closed
2026-05-134 21:50:55 [main] INFO  org.testng.internal.Utils - [TestNG] Time taken by org.testng.reporters.jq.Main@4803bf73: 39 ms
2026-05-134 21:50:55 [main] INFO  org.testng.internal.Utils - [TestNG] Time taken by org.testng.reporters.FailedReporter@7304ca87: 7 ms
2026-05-134 21:50:55 [main] INFO  org.testng.internal.Utils - [TestNG] Time taken by org.testng.reporters.XMLReporter@2c86b0ea: 11 ms
2026-05-134 21:50:55 [main] INFO  org.testng.internal.Utils - [TestNG] Time taken by org.testng.reporters.EmailableReporter2@31cddb11: 6 ms
2026-05-134 21:50:55 [main] INFO  org.testng.internal.Utils - [TestNG] Time taken by org.testng.reporters.JUnitReportReporter@2c51c756: 6 ms
2026-05-134 21:50:55 [main] INFO  org.testng.internal.Utils - [TestNG] Time taken by org.testng.internal.ExitCodeListener@4ef277ef: 0 ms
2026-05-134 22:05:44 [main] INFO  org.testng.internal.Utils - [Utils] MethodGroupsHelper.collectMethodsByGroup() took 3 ms.
2026-05-134 22:05:44 [main] INFO  org.testng.internal.Utils - [Utils] MethodGroupsHelper.sortMethods() took 7 ms.
2026-05-134 22:05:44 [main] INFO  org.testng.internal.Utils - [Utils] MethodGroupsHelper.collectMethodsByGroup() took 0 ms.
2026-05-134 22:05:44 [main] INFO  org.testng.internal.Utils - [Utils] MethodGroupsHelper.sortMethods() took 0 ms.
2026-05-134 22:05:44 [main] INFO  org.testng.internal.Utils - [Utils] MethodGroupsHelper.collectMethodsByGroup() took 0 ms.
2026-05-134 22:05:44 [main] INFO  org.testng.internal.Utils - [Utils] MethodGroupsHelper.sortMethods() took 0 ms.
2026-05-134 22:05:44 [main] INFO  org.testng.internal.Utils - [Utils] MethodGroupsHelper.collectMethodsByGroup() took 0 ms.
2026-05-134 22:05:44 [main] INFO  org.testng.internal.Utils - [Utils] MethodGroupsHelper.sortMethods() took 0 ms.
2026-05-134 22:05:44 [main] INFO  org.testng.internal.Utils - [Utils] MethodGroupsHelper.collectMethodsByGroup() took 0 ms.
2026-05-134 22:05:44 [main] INFO  org.testng.internal.Utils - [Utils] MethodGroupsHelper.sortMethods() took 0 ms.
2026-05-134 22:05:44 [main] INFO  org.testng.internal.Utils - [Utils] MethodGroupsHelper.collectMethodsByGroup() took 0 ms.
2026-05-134 22:05:44 [main] INFO  org.testng.internal.Utils - [Utils] MethodGroupsHelper.sortMethods() took 0 ms.
2026-05-134 22:05:44 [main] INFO  org.testng.internal.Utils - [Utils] MethodGroupsHelper.collectMethodsByGroup() took 0 ms.
2026-05-134 22:05:44 [main] INFO  org.testng.internal.Utils - [Utils] MethodGroupsHelper.sortMethods() took 0 ms.
2026-05-134 22:05:44 [main] INFO  org.testng.internal.Utils - [Utils] MethodGroupsHelper.collectMethodsByGroup() took 0 ms.
2026-05-134 22:05:44 [main] INFO  org.testng.internal.Utils - [Utils] MethodGroupsHelper.sortMethods() took 0 ms.
2026-05-134 22:05:44 [main] INFO  org.testng.internal.Utils - [Utils] MethodGroupsHelper.collectMethodsByGroup() took 0 ms.
2026-05-134 22:05:44 [main] INFO  org.testng.internal.Utils - [Utils] MethodGroupsHelper.sortMethods() took 7 ms.
2026-05-134 22:05:44 [main] INFO  org.testng.internal.Utils - [Utils] MethodGroupsHelper.collectMethodsByGroup() took 0 ms.
2026-05-134 22:05:44 [main] INFO  org.testng.internal.Utils - [Utils] MethodGroupsHelper.sortMethods() took 0 ms.
2026-05-134 22:05:44 [main] INFO  org.testng.internal.Utils - [Utils] MethodGroupsHelper.collectMethodsByGroup() took 0 ms.
2026-05-134 22:05:44 [main] INFO  org.testng.internal.Utils - [Utils] MethodGroupsHelper.sortMethods() took 0 ms.
2026-05-134 22:05:44 [main] INFO  org.testng.internal.Utils - [Utils] MethodGroupsHelper.collectMethodsByGroup() took 0 ms.
2026-05-134 22:05:44 [main] INFO  org.testng.internal.Utils - [Utils] MethodGroupsHelper.sortMethods() took 0 ms.
2026-05-134 22:05:44 [main] INFO  org.testng.internal.Utils - [Utils] MethodGroupsHelper.collectMethodsByGroup() took 0 ms.
2026-05-134 22:05:44 [main] INFO  org.testng.internal.Utils - [Utils] MethodGroupsHelper.sortMethods() took 0 ms.
2026-05-134 22:05:44 [main] INFO  org.testng.internal.Utils - [Utils] MethodGroupsHelper.collectMethodsByGroup() took 0 ms.
2026-05-134 22:05:44 [main] INFO  org.testng.internal.Utils - [Utils] MethodGroupsHelper.sortMethods() took 0 ms.
2026-05-134 22:05:44 [main] INFO  org.testng.internal.Utils - [Utils] MethodGroupsHelper.collectMethodsByGroup() took 1 ms.
2026-05-134 22:05:44 [main] INFO  org.testng.internal.Utils - [Utils] MethodGroupsHelper.sortMethods() took 0 ms.
2026-05-134 22:05:44 [main] INFO  org.testng.internal.Utils - [TestNG] Running:
  C:\Users\Siddhi\AppData\Local\Temp\testng-eclipse-2008123138\testng-customsuite.xml

2026-05-134 22:05:44 [main] INFO  org.testng.internal.Utils - [Utils] DynamicGraphHelper.createDynamicGraph() took 2 ms.
2026-05-134 22:05:44 [main] INFO  org.utils.qa.Log - Opening browser via begin()
2026-05-134 22:05:49 [main] INFO  org.utils.qa.Log - Initializing ProductSearchPage
2026-05-134 22:05:51 [main] INFO  org.utils.qa.Log - Ready on Products page
2026-05-134 22:05:51 [main] INFO  org.utils.qa.Log - TC-PS-001: Verifying search box is visible
2026-05-134 22:05:51 [main] INFO  org.utils.qa.Log - TC-PS-001: PASS
2026-05-134 22:05:51 [main] INFO  org.utils.qa.Log - PASSED: verifySearchBoxIsVisible
2026-05-134 22:05:52 [main] INFO  org.utils.qa.Log - Browser closed
2026-05-134 22:05:52 [main] INFO  org.utils.qa.Log - Opening browser via begin()
2026-05-134 22:05:59 [main] INFO  org.utils.qa.Log - Initializing ProductSearchPage
2026-05-134 22:06:03 [main] INFO  org.utils.qa.Log - Ready on Products page
2026-05-134 22:06:03 [main] INFO  org.utils.qa.Log - TC-PS-002: Verifying search button is visible
2026-05-134 22:06:03 [main] INFO  org.utils.qa.Log - TC-PS-002: PASS
2026-05-134 22:06:03 [main] INFO  org.utils.qa.Log - PASSED: verifySearchButtonIsVisible
2026-05-134 22:06:03 [main] INFO  org.utils.qa.Log - Browser closed
2026-05-134 22:06:03 [main] INFO  org.utils.qa.Log - Opening browser via begin()
2026-05-134 22:06:07 [main] INFO  org.utils.qa.Log - Initializing ProductSearchPage
2026-05-134 22:06:09 [main] INFO  org.utils.qa.Log - Ready on Products page
2026-05-134 22:06:09 [main] INFO  org.utils.qa.Log - TC-PS-003: Verifying Products page URL
2026-05-134 22:06:09 [main] INFO  org.utils.qa.Log - TC-PS-003: URL = https://automationexercise.com/products
2026-05-134 22:06:09 [main] INFO  org.utils.qa.Log - TC-PS-003: PASS
2026-05-134 22:06:09 [main] INFO  org.utils.qa.Log - PASSED: verifyProductsPageUrl
2026-05-134 22:06:09 [main] INFO  org.utils.qa.Log - Browser closed
2026-05-134 22:06:09 [main] INFO  org.utils.qa.Log - Opening browser via begin()
2026-05-134 22:06:12 [main] INFO  org.utils.qa.Log - Initializing ProductSearchPage
2026-05-134 22:06:15 [main] INFO  org.utils.qa.Log - Ready on Products page
2026-05-134 22:06:15 [main] INFO  org.utils.qa.Log - TC-PS-004: Verifying section title after search
2026-05-134 22:06:18 [main] INFO  org.utils.qa.Log - TC-PS-004: Title = SEARCHED PRODUCTS
2026-05-134 22:06:18 [main] INFO  org.utils.qa.Log - TC-PS-004: PASS
2026-05-134 22:06:18 [main] INFO  org.utils.qa.Log - PASSED: verifySearchResultsSectionTitle
2026-05-134 22:06:18 [main] INFO  org.utils.qa.Log - Browser closed
2026-05-134 22:06:18 [main] INFO  org.utils.qa.Log - Opening browser via begin()
2026-05-134 22:06:21 [main] INFO  org.utils.qa.Log - Initializing ProductSearchPage
2026-05-134 22:06:23 [main] INFO  org.utils.qa.Log - Ready on Products page
2026-05-134 22:06:23 [main] INFO  org.utils.qa.Log - TC-PS-005: Searching with valid keyword 'Top'
2026-05-134 22:06:25 [main] INFO  org.utils.qa.Log - TC-PS-005: Result count = 14
2026-05-134 22:06:25 [main] INFO  org.utils.qa.Log - TC-PS-005: PASS
2026-05-134 22:06:25 [main] INFO  org.utils.qa.Log - PASSED: searchWithValidKeyword
2026-05-134 22:06:25 [main] INFO  org.utils.qa.Log - Browser closed
2026-05-134 22:06:25 [main] INFO  org.utils.qa.Log - Opening browser via begin()
2026-05-134 22:06:30 [main] INFO  org.utils.qa.Log - Initializing ProductSearchPage
2026-05-134 22:06:32 [main] INFO  org.utils.qa.Log - Ready on Products page
2026-05-134 22:06:32 [main] INFO  org.utils.qa.Log - TC-PS-006: Searching with partial keyword 'Blu'
2026-05-134 22:06:34 [main] INFO  org.utils.qa.Log - TC-PS-006: Result count = 7
2026-05-134 22:06:34 [main] INFO  org.utils.qa.Log - TC-PS-006: PASS
2026-05-134 22:06:34 [main] INFO  org.utils.qa.Log - PASSED: searchWithPartialKeyword
2026-05-134 22:06:34 [main] INFO  org.utils.qa.Log - Browser closed
2026-05-134 22:06:34 [main] INFO  org.utils.qa.Log - Opening browser via begin()
2026-05-134 22:06:37 [main] INFO  org.utils.qa.Log - Initializing ProductSearchPage
2026-05-134 22:06:41 [main] INFO  org.utils.qa.Log - Ready on Products page
2026-05-134 22:06:41 [main] INFO  org.utils.qa.Log - TC-PS-007: Comparing DRESS vs dress result count
2026-05-134 22:06:43 [main] INFO  org.utils.qa.Log - TC-PS-007: DRESS count = 9
2026-05-134 22:06:46 [main] INFO  org.utils.qa.Log - TC-PS-007: dress count = 9
2026-05-134 22:06:46 [main] INFO  org.utils.qa.Log - TC-PS-007: PASS
2026-05-134 22:06:46 [main] INFO  org.utils.qa.Log - PASSED: verifyCaseInsensitiveSearch
2026-05-134 22:06:46 [main] INFO  org.utils.qa.Log - Browser closed
2026-05-134 22:06:46 [main] INFO  org.utils.qa.Log - Opening browser via begin()
2026-05-134 22:06:50 [main] INFO  org.utils.qa.Log - Initializing ProductSearchPage
2026-05-134 22:06:54 [main] INFO  org.utils.qa.Log - Ready on Products page
2026-05-134 22:06:54 [main] INFO  org.utils.qa.Log - TC-PS-008: Verifying result relevance for 'Jeans'
2026-05-134 22:06:56 [main] INFO  org.utils.qa.Log - TC-PS-008: Products found: [Soft Stretch Jeans, Regular Fit Straight Jeans, Grunt Blue Slim Fit Jeans]
2026-05-134 22:06:56 [main] INFO  org.utils.qa.Log - TC-PS-008: PASS
2026-05-134 22:06:56 [main] INFO  org.utils.qa.Log - PASSED: verifySearchResultRelevance
2026-05-134 22:06:57 [main] INFO  org.utils.qa.Log - Browser closed
2026-05-134 22:06:57 [main] INFO  org.utils.qa.Log - Opening browser via begin()
2026-05-134 22:07:00 [main] INFO  org.utils.qa.Log - Initializing ProductSearchPage
2026-05-134 22:07:04 [main] INFO  org.utils.qa.Log - Ready on Products page
2026-05-134 22:07:04 [main] INFO  org.utils.qa.Log - TC-PS-009: Searching with invalid keyword 'xyzabc123'
2026-05-134 22:07:10 [main] INFO  org.utils.qa.Log - TC-PS-009: Result count (expected 0) = 0
2026-05-134 22:07:10 [main] INFO  org.utils.qa.Log - TC-PS-009: PASS
2026-05-134 22:07:10 [main] INFO  org.utils.qa.Log - PASSED: searchWithInvalidKeyword
2026-05-134 22:07:10 [main] INFO  org.utils.qa.Log - Browser closed
2026-05-134 22:07:10 [main] INFO  org.utils.qa.Log - Opening browser via begin()
2026-05-134 22:07:15 [main] INFO  org.utils.qa.Log - Initializing ProductSearchPage
2026-05-134 22:07:19 [main] INFO  org.utils.qa.Log - Ready on Products page
2026-05-134 22:07:19 [main] INFO  org.utils.qa.Log - TC-PS-010: Searching with special characters '@#$%'
2026-05-134 22:07:21 [main] INFO  org.utils.qa.Log - TC-PS-010: URL after search = https://automationexercise.com/products?search=@#$%
2026-05-134 22:07:21 [main] INFO  org.utils.qa.Log - TC-PS-010: PASS
2026-05-134 22:07:21 [main] INFO  org.utils.qa.Log - PASSED: searchWithSpecialCharacters
2026-05-134 22:07:21 [main] INFO  org.utils.qa.Log - Browser closed
2026-05-134 22:07:21 [main] INFO  org.utils.qa.Log - Opening browser via begin()
2026-05-134 22:07:25 [main] INFO  org.utils.qa.Log - Initializing ProductSearchPage
2026-05-134 22:07:27 [main] INFO  org.utils.qa.Log - Ready on Products page
2026-05-134 22:07:27 [main] INFO  org.utils.qa.Log - TC-PS-011: Verifying search box is empty on load
2026-05-134 22:07:27 [main] INFO  org.utils.qa.Log - TC-PS-011: Value = ''
2026-05-134 22:07:27 [main] INFO  org.utils.qa.Log - TC-PS-011: PASS
2026-05-134 22:07:27 [main] INFO  org.utils.qa.Log - PASSED: verifySearchBoxIsEmptyOnLoad
2026-05-134 22:07:27 [main] INFO  org.utils.qa.Log - Browser closed
2026-05-134 22:07:27 [main] INFO  org.utils.qa.Log - Opening browser via begin()
2026-05-134 22:07:31 [main] INFO  org.utils.qa.Log - Initializing ProductSearchPage
2026-05-134 22:07:52 [main] WARN  org.utils.qa.Log - SKIPPED: verifyUrlAfterSearch
2026-05-134 22:07:52 [main] INFO  org.utils.qa.Log - Browser closed
2026-05-134 22:07:52 [main] INFO  org.utils.qa.Log - Opening browser via begin()
2026-05-134 22:07:56 [main] INFO  org.utils.qa.Log - Initializing ProductSearchPage
2026-05-134 22:07:58 [main] INFO  org.utils.qa.Log - Ready on Products page
2026-05-134 22:07:58 [main] WARN  org.utils.qa.Log - SKIPPED: viewProductDetailFromSearchResult
2026-05-134 22:07:58 [main] INFO  org.utils.qa.Log - Browser closed
2026-05-134 22:07:58 [main] INFO  org.utils.qa.Log - Opening browser via begin()
2026-05-134 22:08:02 [main] INFO  org.utils.qa.Log - Initializing ProductSearchPage
2026-05-134 22:08:04 [main] INFO  org.utils.qa.Log - Ready on Products page
2026-05-134 22:08:04 [main] WARN  org.utils.qa.Log - SKIPPED: addFirstSearchResultToCart
2026-05-134 22:08:04 [main] INFO  org.utils.qa.Log - Browser closed
2026-05-134 22:08:04 [main] INFO  org.utils.qa.Log - Loading Excel: ProductSearchData.xlsx | Sheet: SearchData
2026-05-134 22:08:04 [main] INFO  org.utils.qa.Log - Opening browser via begin()
2026-05-134 22:08:08 [main] INFO  org.utils.qa.Log - Initializing ProductSearchPage
2026-05-134 22:08:11 [main] INFO  org.utils.qa.Log - Ready on Products page
2026-05-134 22:08:11 [main] WARN  org.utils.qa.Log - SKIPPED: dataDriverSearchFromExcel
2026-05-134 22:08:12 [main] INFO  org.utils.qa.Log - Browser closed
2026-05-134 22:08:12 [main] INFO  org.utils.qa.Log - Opening browser via begin()
2026-05-134 22:08:14 [main] INFO  org.utils.qa.Log - Initializing ProductSearchPage
2026-05-134 22:08:16 [main] INFO  org.utils.qa.Log - Ready on Products page
2026-05-134 22:08:16 [main] WARN  org.utils.qa.Log - SKIPPED: dataDriverSearchFromExcel
2026-05-134 22:08:16 [main] INFO  org.utils.qa.Log - Browser closed
2026-05-134 22:08:16 [main] INFO  org.utils.qa.Log - Opening browser via begin()
2026-05-134 22:08:19 [main] INFO  org.utils.qa.Log - Initializing ProductSearchPage
2026-05-134 22:08:21 [main] INFO  org.utils.qa.Log - Ready on Products page
2026-05-134 22:08:21 [main] WARN  org.utils.qa.Log - SKIPPED: dataDriverSearchFromExcel
2026-05-134 22:08:21 [main] INFO  org.utils.qa.Log - Browser closed
2026-05-134 22:08:21 [main] INFO  org.utils.qa.Log - Opening browser via begin()
2026-05-134 22:08:27 [main] INFO  org.utils.qa.Log - Initializing ProductSearchPage
2026-05-134 22:08:31 [main] INFO  org.utils.qa.Log - Ready on Products page
2026-05-134 22:08:31 [main] WARN  org.utils.qa.Log - SKIPPED: dataDriverSearchFromExcel
2026-05-134 22:08:31 [main] INFO  org.utils.qa.Log - Browser closed
2026-05-134 22:08:31 [main] INFO  org.utils.qa.Log - Opening browser via begin()
2026-05-134 22:08:35 [main] INFO  org.utils.qa.Log - Initializing ProductSearchPage
2026-05-134 22:08:36 [main] INFO  org.utils.qa.Log - Ready on Products page
2026-05-134 22:08:36 [main] WARN  org.utils.qa.Log - SKIPPED: dataDriverSearchFromExcel
2026-05-134 22:08:36 [main] INFO  org.utils.qa.Log - Browser closed
2026-05-134 22:08:36 [main] INFO  org.utils.qa.Log - Opening browser via begin()
2026-05-134 22:08:40 [main] INFO  org.utils.qa.Log - Initializing ProductSearchPage
2026-05-134 22:08:43 [main] INFO  org.utils.qa.Log - Ready on Products page
2026-05-134 22:08:43 [main] WARN  org.utils.qa.Log - SKIPPED: dataDriverSearchFromExcel
2026-05-134 22:08:44 [main] INFO  org.utils.qa.Log - Browser closed
2026-05-134 22:08:44 [main] INFO  org.utils.qa.Log - Opening browser via begin()
2026-05-134 22:08:47 [main] INFO  org.utils.qa.Log - Initializing ProductSearchPage
2026-05-134 22:08:56 [main] INFO  org.utils.qa.Log - Ready on Products page
2026-05-134 22:08:56 [main] WARN  org.utils.qa.Log - SKIPPED: dataDriverSearchFromExcel
2026-05-134 22:08:56 [main] INFO  org.utils.qa.Log - Browser closed
2026-05-134 22:08:56 [main] INFO  org.utils.qa.Log - Opening browser via begin()
2026-05-134 22:09:01 [main] INFO  org.utils.qa.Log - Initializing ProductSearchPage
2026-05-134 22:09:05 [main] INFO  org.utils.qa.Log - Ready on Products page
2026-05-134 22:09:05 [main] WARN  org.utils.qa.Log - SKIPPED: dataDriverSearchFromExcel
2026-05-134 22:09:05 [main] INFO  org.utils.qa.Log - Browser closed
2026-05-134 22:09:05 [main] INFO  org.utils.qa.Log - Opening browser via begin()
2026-05-134 22:09:09 [main] INFO  org.utils.qa.Log - Initializing ProductSearchPage
2026-05-134 22:09:12 [main] INFO  org.utils.qa.Log - Ready on Products page
2026-05-134 22:09:12 [main] WARN  org.utils.qa.Log - SKIPPED: dataDriverSearchFromExcel
2026-05-134 22:09:12 [main] INFO  org.utils.qa.Log - Browser closed
2026-05-134 22:09:12 [main] INFO  org.testng.internal.Utils - [TestNG] Time taken by org.testng.reporters.jq.Main@4687366b: 48 ms
2026-05-134 22:09:12 [main] INFO  org.testng.internal.Utils - [TestNG] Time taken by org.testng.reporters.FailedReporter@eebd983: 7 ms
2026-05-134 22:09:12 [main] INFO  org.testng.internal.Utils - [TestNG] Time taken by org.testng.reporters.XMLReporter@74844216: 19 ms
2026-05-134 22:09:12 [main] INFO  org.testng.internal.Utils - [TestNG] Time taken by org.testng.reporters.EmailableReporter2@52e92f6: 6 ms
2026-05-134 22:09:12 [main] INFO  org.testng.internal.Utils - [TestNG] Time taken by org.testng.reporters.JUnitReportReporter@7a522157: 7 ms
2026-05-134 22:09:12 [main] INFO  org.testng.internal.Utils - [TestNG] Time taken by org.testng.internal.ExitCodeListener@706c062e: 0 ms
2026-05-134 22:17:03 [main] INFO  org.testng.internal.Utils - [Utils] MethodGroupsHelper.collectMethodsByGroup() took 5 ms.
2026-05-134 22:17:03 [main] INFO  org.testng.internal.Utils - [Utils] MethodGroupsHelper.sortMethods() took 7 ms.
2026-05-134 22:17:03 [main] INFO  org.testng.internal.Utils - [Utils] MethodGroupsHelper.collectMethodsByGroup() took 0 ms.
2026-05-134 22:17:03 [main] INFO  org.testng.internal.Utils - [Utils] MethodGroupsHelper.sortMethods() took 0 ms.
2026-05-134 22:17:03 [main] INFO  org.testng.internal.Utils - [Utils] MethodGroupsHelper.collectMethodsByGroup() took 0 ms.
2026-05-134 22:17:03 [main] INFO  org.testng.internal.Utils - [Utils] MethodGroupsHelper.sortMethods() took 0 ms.
2026-05-134 22:17:03 [main] INFO  org.testng.internal.Utils - [Utils] MethodGroupsHelper.collectMethodsByGroup() took 0 ms.
2026-05-134 22:17:03 [main] INFO  org.testng.internal.Utils - [Utils] MethodGroupsHelper.sortMethods() took 0 ms.
2026-05-134 22:17:03 [main] INFO  org.testng.internal.Utils - [Utils] MethodGroupsHelper.collectMethodsByGroup() took 0 ms.
2026-05-134 22:17:03 [main] INFO  org.testng.internal.Utils - [Utils] MethodGroupsHelper.sortMethods() took 0 ms.
2026-05-134 22:17:03 [main] INFO  org.testng.internal.Utils - [Utils] MethodGroupsHelper.collectMethodsByGroup() took 0 ms.
2026-05-134 22:17:03 [main] INFO  org.testng.internal.Utils - [Utils] MethodGroupsHelper.sortMethods() took 0 ms.
2026-05-134 22:17:03 [main] INFO  org.testng.internal.Utils - [Utils] MethodGroupsHelper.collectMethodsByGroup() took 0 ms.
2026-05-134 22:17:03 [main] INFO  org.testng.internal.Utils - [Utils] MethodGroupsHelper.sortMethods() took 0 ms.
2026-05-134 22:17:03 [main] INFO  org.testng.internal.Utils - [Utils] MethodGroupsHelper.collectMethodsByGroup() took 0 ms.
2026-05-134 22:17:03 [main] INFO  org.testng.internal.Utils - [Utils] MethodGroupsHelper.sortMethods() took 0 ms.
2026-05-134 22:17:03 [main] INFO  org.testng.internal.Utils - [Utils] MethodGroupsHelper.collectMethodsByGroup() took 0 ms.
2026-05-134 22:17:03 [main] INFO  org.testng.internal.Utils - [Utils] MethodGroupsHelper.sortMethods() took 7 ms.
2026-05-134 22:17:03 [main] INFO  org.testng.internal.Utils - [Utils] MethodGroupsHelper.collectMethodsByGroup() took 0 ms.
2026-05-134 22:17:03 [main] INFO  org.testng.internal.Utils - [Utils] MethodGroupsHelper.sortMethods() took 0 ms.
2026-05-134 22:17:03 [main] INFO  org.testng.internal.Utils - [Utils] MethodGroupsHelper.collectMethodsByGroup() took 1 ms.
2026-05-134 22:17:03 [main] INFO  org.testng.internal.Utils - [Utils] MethodGroupsHelper.sortMethods() took 0 ms.
2026-05-134 22:17:03 [main] INFO  org.testng.internal.Utils - [Utils] MethodGroupsHelper.collectMethodsByGroup() took 0 ms.
2026-05-134 22:17:03 [main] INFO  org.testng.internal.Utils - [Utils] MethodGroupsHelper.sortMethods() took 0 ms.
2026-05-134 22:17:03 [main] INFO  org.testng.internal.Utils - [Utils] MethodGroupsHelper.collectMethodsByGroup() took 0 ms.
2026-05-134 22:17:03 [main] INFO  org.testng.internal.Utils - [Utils] MethodGroupsHelper.sortMethods() took 2 ms.
2026-05-134 22:17:03 [main] INFO  org.testng.internal.Utils - [Utils] MethodGroupsHelper.collectMethodsByGroup() took 0 ms.
2026-05-134 22:17:03 [main] INFO  org.testng.internal.Utils - [Utils] MethodGroupsHelper.sortMethods() took 0 ms.
2026-05-134 22:17:03 [main] INFO  org.testng.internal.Utils - [Utils] MethodGroupsHelper.collectMethodsByGroup() took 0 ms.
2026-05-134 22:17:03 [main] INFO  org.testng.internal.Utils - [Utils] MethodGroupsHelper.sortMethods() took 0 ms.
2026-05-134 22:17:03 [main] INFO  org.testng.internal.Utils - [TestNG] Running:
  C:\Users\Siddhi\AppData\Local\Temp\testng-eclipse-588000147\testng-customsuite.xml

2026-05-134 22:17:03 [main] INFO  org.testng.internal.Utils - [Utils] DynamicGraphHelper.createDynamicGraph() took 2 ms.
2026-05-134 22:17:03 [main] INFO  org.utils.qa.Log - Opening browser
2026-05-134 22:17:18 [main] INFO  org.utils.qa.Log - Initializing ProductSearchPage
2026-05-134 22:17:27 [main] INFO  org.utils.qa.Log - Ready on Products page
2026-05-134 22:17:27 [main] INFO  org.utils.qa.Log - TC-PS-001: Verifying search box is visible
2026-05-134 22:17:27 [main] INFO  org.utils.qa.Log - TC-PS-001: PASS
2026-05-134 22:17:27 [main] INFO  org.utils.qa.Log - PASSED: verifySearchBoxIsVisible
2026-05-134 22:17:28 [main] INFO  org.utils.qa.Log - Browser closed
2026-05-134 22:17:28 [main] INFO  org.utils.qa.Log - Opening browser
2026-05-134 22:17:33 [main] INFO  org.utils.qa.Log - Initializing ProductSearchPage
2026-05-134 22:17:40 [main] INFO  org.utils.qa.Log - Ready on Products page
2026-05-134 22:17:40 [main] INFO  org.utils.qa.Log - TC-PS-002: Verifying search button is visible
2026-05-134 22:17:40 [main] INFO  org.utils.qa.Log - TC-PS-002: PASS
2026-05-134 22:17:40 [main] INFO  org.utils.qa.Log - PASSED: verifySearchButtonIsVisible
2026-05-134 22:17:41 [main] INFO  org.utils.qa.Log - Browser closed
2026-05-134 22:17:41 [main] INFO  org.utils.qa.Log - Opening browser
2026-05-134 22:17:49 [main] INFO  org.utils.qa.Log - Initializing ProductSearchPage
2026-05-134 22:18:01 [main] INFO  org.utils.qa.Log - Ready on Products page
2026-05-134 22:18:01 [main] INFO  org.utils.qa.Log - TC-PS-003: Verifying Products page URL
2026-05-134 22:18:01 [main] INFO  org.utils.qa.Log - TC-PS-003: URL = https://automationexercise.com/products
2026-05-134 22:18:01 [main] INFO  org.utils.qa.Log - TC-PS-003: PASS
2026-05-134 22:18:01 [main] INFO  org.utils.qa.Log - PASSED: verifyProductsPageUrl
2026-05-134 22:18:01 [main] INFO  org.utils.qa.Log - Browser closed
2026-05-134 22:18:01 [main] INFO  org.utils.qa.Log - Opening browser
2026-05-134 22:18:08 [main] INFO  org.utils.qa.Log - Initializing ProductSearchPage
2026-05-134 22:18:15 [main] INFO  org.utils.qa.Log - Ready on Products page
2026-05-134 22:18:15 [main] INFO  org.utils.qa.Log - TC-PS-004: Verifying section title after search
2026-05-134 22:18:18 [main] INFO  org.utils.qa.Log - TC-PS-004: Title = SEARCHED PRODUCTS
2026-05-134 22:18:18 [main] INFO  org.utils.qa.Log - TC-PS-004: PASS
2026-05-134 22:18:18 [main] INFO  org.utils.qa.Log - PASSED: verifySearchResultsSectionTitle
2026-05-134 22:18:18 [main] INFO  org.utils.qa.Log - Browser closed
2026-05-134 22:18:18 [main] INFO  org.utils.qa.Log - Opening browser
2026-05-134 22:18:22 [main] INFO  org.utils.qa.Log - Initializing ProductSearchPage
2026-05-134 22:18:30 [main] INFO  org.utils.qa.Log - Ready on Products page
2026-05-134 22:18:30 [main] INFO  org.utils.qa.Log - TC-PS-005: Searching with valid keyword 'Top'
2026-05-134 22:18:33 [main] INFO  org.utils.qa.Log - TC-PS-005: Result count = 14
2026-05-134 22:18:33 [main] INFO  org.utils.qa.Log - TC-PS-005: PASS
2026-05-134 22:18:33 [main] INFO  org.utils.qa.Log - PASSED: searchWithValidKeyword
2026-05-134 22:18:33 [main] INFO  org.utils.qa.Log - Browser closed
2026-05-134 22:18:33 [main] INFO  org.utils.qa.Log - Opening browser
2026-05-134 22:18:37 [main] INFO  org.utils.qa.Log - Initializing ProductSearchPage
2026-05-134 22:18:45 [main] INFO  org.utils.qa.Log - Ready on Products page
2026-05-134 22:18:45 [main] INFO  org.utils.qa.Log - TC-PS-006: Searching with partial keyword 'Blu'
2026-05-134 22:18:48 [main] INFO  org.utils.qa.Log - TC-PS-006: Result count = 7
2026-05-134 22:18:48 [main] INFO  org.utils.qa.Log - TC-PS-006: PASS
2026-05-134 22:18:48 [main] INFO  org.utils.qa.Log - PASSED: searchWithPartialKeyword
2026-05-134 22:18:48 [main] INFO  org.utils.qa.Log - Browser closed
2026-05-134 22:18:48 [main] INFO  org.utils.qa.Log - Opening browser
2026-05-134 22:18:52 [main] INFO  org.utils.qa.Log - Initializing ProductSearchPage
2026-05-134 22:19:00 [main] INFO  org.utils.qa.Log - Ready on Products page
2026-05-134 22:19:00 [main] INFO  org.utils.qa.Log - TC-PS-007: Comparing DRESS vs dress result count
2026-05-134 22:19:02 [main] INFO  org.utils.qa.Log - TC-PS-007: DRESS count = 9
2026-05-134 22:19:13 [main] INFO  org.utils.qa.Log - TC-PS-007: dress count = 9
2026-05-134 22:19:13 [main] INFO  org.utils.qa.Log - TC-PS-007: PASS
2026-05-134 22:19:13 [main] INFO  org.utils.qa.Log - PASSED: verifyCaseInsensitiveSearch
2026-05-134 22:19:13 [main] INFO  org.utils.qa.Log - Browser closed
2026-05-134 22:19:13 [main] INFO  org.utils.qa.Log - Opening browser
2026-05-134 22:19:16 [main] INFO  org.utils.qa.Log - Initializing ProductSearchPage
2026-05-134 22:19:24 [main] INFO  org.utils.qa.Log - Ready on Products page
2026-05-134 22:19:24 [main] INFO  org.utils.qa.Log - TC-PS-008: Verifying result relevance for 'Jeans'
2026-05-134 22:19:26 [main] INFO  org.utils.qa.Log - TC-PS-008: Products found: [Soft Stretch Jeans, Regular Fit Straight Jeans, Grunt Blue Slim Fit Jeans]
2026-05-134 22:19:27 [main] INFO  org.utils.qa.Log - TC-PS-008: PASS
2026-05-134 22:19:27 [main] INFO  org.utils.qa.Log - PASSED: verifySearchResultRelevance
2026-05-134 22:19:27 [main] INFO  org.utils.qa.Log - Browser closed
2026-05-134 22:19:27 [main] INFO  org.utils.qa.Log - Opening browser
2026-05-134 22:19:30 [main] INFO  org.utils.qa.Log - Initializing ProductSearchPage
2026-05-134 22:19:38 [main] INFO  org.utils.qa.Log - Ready on Products page
2026-05-134 22:19:38 [main] INFO  org.utils.qa.Log - TC-PS-009: Searching with invalid keyword 'xyzabc123'
2026-05-134 22:19:45 [main] INFO  org.utils.qa.Log - TC-PS-009: Result count (expected 0) = 0
2026-05-134 22:19:45 [main] INFO  org.utils.qa.Log - TC-PS-009: PASS
2026-05-134 22:19:45 [main] INFO  org.utils.qa.Log - PASSED: searchWithInvalidKeyword
2026-05-134 22:19:45 [main] INFO  org.utils.qa.Log - Browser closed
2026-05-134 22:19:45 [main] INFO  org.utils.qa.Log - Opening browser
2026-05-134 22:19:50 [main] INFO  org.utils.qa.Log - Initializing ProductSearchPage
2026-05-134 22:19:58 [main] INFO  org.utils.qa.Log - Ready on Products page
2026-05-134 22:19:58 [main] INFO  org.utils.qa.Log - TC-PS-010: Searching with special characters '@#$%'
2026-05-134 22:20:00 [main] INFO  org.utils.qa.Log - TC-PS-010: URL after search = https://automationexercise.com/products?search=@#$%
2026-05-134 22:20:00 [main] INFO  org.utils.qa.Log - TC-PS-010: PASS
2026-05-134 22:20:00 [main] INFO  org.utils.qa.Log - PASSED: searchWithSpecialCharacters
2026-05-134 22:20:01 [main] INFO  org.utils.qa.Log - Browser closed
2026-05-134 22:20:01 [main] INFO  org.utils.qa.Log - Opening browser
2026-05-134 22:20:05 [main] INFO  org.utils.qa.Log - Initializing ProductSearchPage
2026-05-134 22:20:13 [main] INFO  org.utils.qa.Log - Ready on Products page
2026-05-134 22:20:13 [main] INFO  org.utils.qa.Log - TC-PS-011: Verifying search box is empty on load
2026-05-134 22:20:13 [main] INFO  org.utils.qa.Log - TC-PS-011: Value = ''
2026-05-134 22:20:13 [main] INFO  org.utils.qa.Log - TC-PS-011: PASS
2026-05-134 22:20:13 [main] INFO  org.utils.qa.Log - PASSED: verifySearchBoxIsEmptyOnLoad
2026-05-134 22:20:14 [main] INFO  org.utils.qa.Log - Browser closed
2026-05-134 22:20:14 [main] INFO  org.utils.qa.Log - Opening browser
2026-05-134 22:20:18 [main] INFO  org.utils.qa.Log - Initializing ProductSearchPage
2026-05-134 22:20:25 [main] INFO  org.utils.qa.Log - Ready on Products page
2026-05-134 22:20:25 [main] INFO  org.utils.qa.Log - TC-PS-012: Verifying URL stays on /products after search
2026-05-134 22:20:29 [main] INFO  org.utils.qa.Log - TC-PS-012: URL = https://automationexercise.com/products?search=Top
2026-05-134 22:20:29 [main] INFO  org.utils.qa.Log - TC-PS-012: PASS
2026-05-134 22:20:29 [main] INFO  org.utils.qa.Log - PASSED: verifyUrlAfterSearch
2026-05-134 22:20:29 [main] INFO  org.utils.qa.Log - Browser closed
2026-05-134 22:20:29 [main] INFO  org.utils.qa.Log - Opening browser
2026-05-134 22:20:36 [main] INFO  org.utils.qa.Log - Initializing ProductSearchPage
2026-05-134 22:20:44 [main] INFO  org.utils.qa.Log - Ready on Products page
2026-05-134 22:20:44 [main] INFO  org.utils.qa.Log - TC-PS-013: Clicking View Product on first result
2026-05-134 22:20:47 [main] INFO  org.utils.qa.Log - TC-PS-013: Navigated to = https://automationexercise.com/products?search=Top
2026-05-134 22:20:47 [main] ERROR org.utils.qa.Log - FAILED: viewProductDetailFromSearchResult | Should navigate to product details. URL: https://automationexercise.com/products?search=Top expected [true] but found [false]
2026-05-134 22:20:47 [main] INFO  org.utils.qa.Log - Browser closed
2026-05-134 22:20:47 [main] INFO  org.utils.qa.Log - Opening browser
2026-05-134 22:20:51 [main] INFO  org.utils.qa.Log - Initializing ProductSearchPage
2026-05-134 22:20:58 [main] INFO  org.utils.qa.Log - Ready on Products page
2026-05-134 22:20:58 [main] INFO  org.utils.qa.Log - TC-PS-014: Adding first result to cart
2026-05-134 22:21:02 [main] ERROR org.utils.qa.Log - FAILED: addFirstSearchResultToCart | element click intercepted: Element <a data-product-id="1" class="btn btn-default add-to-cart">...</a> is not clickable at point (622, 766). Other element would receive the click: <iframe id="aswift_4" name="aswift_4" style="min-height: auto; max-height: none; min-width: auto; max-width: none; width: 728px !important; height: 90px !important; display: block; margin: 0px auto;" sandbox="allow-forms allow-popups allow-popups-to-escape-sandbox allow-same-origin allow-scripts allow-top-navigation-by-user-activation" width="728" height="90" frameborder="0" marginwidth="0" marginheight="0" vspace="0" hspace="0" allowtransparency="true" scrolling="no" allow="attribution-reporting; run-ad-auction" src="https://googleads.g.doubleclick.net/pagead/html/r20260512/r20190131/zrt_lookup_fy2021.html#RS-3-&amp;adk=1812271801&amp;client=ca-pub-1677597403311019&amp;fa=1&amp;ifi=5&amp;uci=a!5&amp;btvi=2" data-google-container-id="a!5" tabindex="0" title="Advertisement" aria-label="Advertisement" data-google-query-id="CJHI7rWeuZQDFRgtgwMdSX47lw" data-load-complete="true"></iframe>
  (Session info: MicrosoftEdge=148.0.3967.54)
Build info: version: '4.43.0', revision: 'dd0f534'
System info: os.name: 'Windows 11', os.arch: 'amd64', os.version: '10.0', java.version: '21.0.10'
Driver info: org.openqa.selenium.edge.EdgeDriver
Command: [fad307f9125f4cb50ce892f2c995231e, clickElement {id=f.AC84D24152D9625BEA199A0FC0499B6E.d.86959ABB766B9D41B0760C24C725675B.e.195}]
Capabilities {acceptInsecureCerts: false, browserName: MicrosoftEdge, browserVersion: 148.0.3967.54, fedcm:accounts: true, goog:processID: 26784, ms:edgeOptions: {debuggerAddress: localhost:53090}, msedge: {msedgedriverVersion: 148.0.3967.54 (c994e204927e..., userDataDir: C:\Users\Siddhi\AppData\Loc...}, networkConnectionEnabled: false, pageLoadStrategy: normal, platformName: windows, proxy: Proxy(), se:cdp: ws://localhost:53090/devtoo..., se:cdpVersion: 148.0.3967.54, setWindowRect: true, strictFileInteractability: false, timeouts: {implicit: 0, pageLoad: 300000, script: 30000}, unhandledPromptBehavior: dismiss and notify, webauthn:extension:credBlob: true, webauthn:extension:largeBlob: true, webauthn:extension:minPinLength: true, webauthn:extension:prf: true, webauthn:virtualAuthenticators: true}
Element: [[EdgeDriver: MicrosoftEdge on windows (fad307f9125f4cb50ce892f2c995231e)] -> css selector: div.productinfo a.btn.btn-default]
Session ID: fad307f9125f4cb50ce892f2c995231e
2026-05-134 22:21:03 [main] INFO  org.utils.qa.Log - Browser closed
2026-05-134 22:21:03 [main] INFO  org.utils.qa.Log - Loading Excel: ProductSearchData.xlsx | Sheet: SearchData
2026-05-134 22:21:03 [main] INFO  org.utils.qa.Log - Opening browser
2026-05-134 22:21:06 [main] INFO  org.utils.qa.Log - Initializing ProductSearchPage
2026-05-134 22:21:13 [main] INFO  org.utils.qa.Log - Ready on Products page
2026-05-134 22:21:13 [main] ERROR org.utils.qa.Log - FAILED: dataDriverSearchFromExcel | For input string: "1.0"
2026-05-134 22:21:13 [main] INFO  org.utils.qa.Log - Browser closed
2026-05-134 22:21:13 [main] INFO  org.utils.qa.Log - Opening browser
2026-05-134 22:21:17 [main] INFO  org.utils.qa.Log - Initializing ProductSearchPage
2026-05-134 22:21:24 [main] INFO  org.utils.qa.Log - Ready on Products page
2026-05-134 22:21:24 [main] ERROR org.utils.qa.Log - FAILED: dataDriverSearchFromExcel | For input string: "1.0"
2026-05-134 22:21:24 [main] INFO  org.utils.qa.Log - Browser closed
2026-05-134 22:21:24 [main] INFO  org.utils.qa.Log - Opening browser
2026-05-134 22:21:29 [main] INFO  org.utils.qa.Log - Initializing ProductSearchPage
2026-05-134 22:21:37 [main] INFO  org.utils.qa.Log - Ready on Products page
2026-05-134 22:21:38 [main] ERROR org.utils.qa.Log - FAILED: dataDriverSearchFromExcel | For input string: "1.0"
2026-05-134 22:21:38 [main] INFO  org.utils.qa.Log - Browser closed
2026-05-134 22:21:38 [main] INFO  org.utils.qa.Log - Opening browser
2026-05-134 22:21:42 [main] INFO  org.utils.qa.Log - Initializing ProductSearchPage
2026-05-134 22:21:50 [main] INFO  org.utils.qa.Log - Ready on Products page
2026-05-134 22:21:50 [main] ERROR org.utils.qa.Log - FAILED: dataDriverSearchFromExcel | For input string: "1.0"
2026-05-134 22:21:50 [main] INFO  org.utils.qa.Log - Browser closed
2026-05-134 22:21:50 [main] INFO  org.utils.qa.Log - Opening browser
2026-05-134 22:21:54 [main] INFO  org.utils.qa.Log - Initializing ProductSearchPage
2026-05-134 22:22:02 [main] INFO  org.utils.qa.Log - Ready on Products page
2026-05-134 22:22:02 [main] ERROR org.utils.qa.Log - FAILED: dataDriverSearchFromExcel | For input string: "1.0"
2026-05-134 22:22:02 [main] INFO  org.utils.qa.Log - Browser closed
2026-05-134 22:22:02 [main] INFO  org.utils.qa.Log - Opening browser
2026-05-134 22:22:07 [main] INFO  org.utils.qa.Log - Initializing ProductSearchPage
2026-05-134 22:22:15 [main] INFO  org.utils.qa.Log - Ready on Products page
2026-05-134 22:22:15 [main] ERROR org.utils.qa.Log - FAILED: dataDriverSearchFromExcel | For input string: "1.0"
2026-05-134 22:22:16 [main] INFO  org.utils.qa.Log - Browser closed
2026-05-134 22:22:16 [main] INFO  org.utils.qa.Log - Opening browser
2026-05-134 22:22:20 [main] INFO  org.utils.qa.Log - Initializing ProductSearchPage
2026-05-134 22:22:28 [main] INFO  org.utils.qa.Log - Ready on Products page
2026-05-134 22:22:28 [main] ERROR org.utils.qa.Log - FAILED: dataDriverSearchFromExcel | For input string: "1.0"
2026-05-134 22:22:28 [main] INFO  org.utils.qa.Log - Browser closed
2026-05-134 22:22:28 [main] INFO  org.utils.qa.Log - Opening browser
2026-05-134 22:22:33 [main] INFO  org.utils.qa.Log - Initializing ProductSearchPage
2026-05-134 22:22:40 [main] INFO  org.utils.qa.Log - Ready on Products page
2026-05-134 22:22:41 [main] ERROR org.utils.qa.Log - FAILED: dataDriverSearchFromExcel | For input string: "0.0"
2026-05-134 22:22:41 [main] INFO  org.utils.qa.Log - Browser closed
2026-05-134 22:22:41 [main] INFO  org.utils.qa.Log - Opening browser
2026-05-134 22:22:45 [main] INFO  org.utils.qa.Log - Initializing ProductSearchPage
2026-05-134 22:22:53 [main] INFO  org.utils.qa.Log - Ready on Products page
2026-05-134 22:22:53 [main] ERROR org.utils.qa.Log - FAILED: dataDriverSearchFromExcel | For input string: "0.0"
2026-05-134 22:22:54 [main] INFO  org.utils.qa.Log - Browser closed
2026-05-134 22:22:54 [main] INFO  org.testng.internal.Utils - [TestNG] Time taken by org.testng.reporters.jq.Main@3f803fae: 36 ms
2026-05-134 22:22:54 [main] INFO  org.testng.internal.Utils - [TestNG] Time taken by org.testng.reporters.FailedReporter@443819d5: 12 ms
2026-05-134 22:22:54 [main] INFO  org.testng.internal.Utils - [TestNG] Time taken by org.testng.reporters.XMLReporter@452d4bb2: 16 ms
2026-05-134 22:22:54 [main] INFO  org.testng.internal.Utils - [TestNG] Time taken by org.testng.reporters.EmailableReporter2@7294c9fe: 4 ms
2026-05-134 22:22:54 [main] INFO  org.testng.internal.Utils - [TestNG] Time taken by org.testng.reporters.JUnitReportReporter@d833770: 8 ms
2026-05-134 22:22:54 [main] INFO  org.testng.internal.Utils - [TestNG] Time taken by org.testng.internal.ExitCodeListener@e4b9a64: 0 ms
2026-05-134 22:48:51 [main] INFO  org.testng.internal.Utils - [Utils] MethodGroupsHelper.collectMethodsByGroup() took 4 ms.
2026-05-134 22:48:51 [main] INFO  org.testng.internal.Utils - [Utils] MethodGroupsHelper.sortMethods() took 6 ms.
2026-05-134 22:48:51 [main] INFO  org.testng.internal.Utils - [Utils] MethodGroupsHelper.collectMethodsByGroup() took 0 ms.
2026-05-134 22:48:51 [main] INFO  org.testng.internal.Utils - [Utils] MethodGroupsHelper.sortMethods() took 1 ms.
2026-05-134 22:48:51 [main] INFO  org.testng.internal.Utils - [Utils] MethodGroupsHelper.collectMethodsByGroup() took 0 ms.
2026-05-134 22:48:51 [main] INFO  org.testng.internal.Utils - [Utils] MethodGroupsHelper.sortMethods() took 0 ms.
2026-05-134 22:48:51 [main] INFO  org.testng.internal.Utils - [Utils] MethodGroupsHelper.collectMethodsByGroup() took 0 ms.
2026-05-134 22:48:51 [main] INFO  org.testng.internal.Utils - [Utils] MethodGroupsHelper.sortMethods() took 0 ms.
2026-05-134 22:48:51 [main] INFO  org.testng.internal.Utils - [Utils] MethodGroupsHelper.collectMethodsByGroup() took 0 ms.
2026-05-134 22:48:51 [main] INFO  org.testng.internal.Utils - [Utils] MethodGroupsHelper.sortMethods() took 0 ms.
2026-05-134 22:48:51 [main] INFO  org.testng.internal.Utils - [Utils] MethodGroupsHelper.collectMethodsByGroup() took 0 ms.
2026-05-134 22:48:51 [main] INFO  org.testng.internal.Utils - [Utils] MethodGroupsHelper.sortMethods() took 0 ms.
2026-05-134 22:48:51 [main] INFO  org.testng.internal.Utils - [Utils] MethodGroupsHelper.collectMethodsByGroup() took 0 ms.
2026-05-134 22:48:51 [main] INFO  org.testng.internal.Utils - [Utils] MethodGroupsHelper.sortMethods() took 0 ms.
2026-05-134 22:48:51 [main] INFO  org.testng.internal.Utils - [Utils] MethodGroupsHelper.collectMethodsByGroup() took 0 ms.
2026-05-134 22:48:51 [main] INFO  org.testng.internal.Utils - [Utils] MethodGroupsHelper.sortMethods() took 0 ms.
2026-05-134 22:48:51 [main] INFO  org.testng.internal.Utils - [Utils] MethodGroupsHelper.collectMethodsByGroup() took 0 ms.
2026-05-134 22:48:51 [main] INFO  org.testng.internal.Utils - [Utils] MethodGroupsHelper.sortMethods() took 8 ms.
2026-05-134 22:48:51 [main] INFO  org.testng.internal.Utils - [Utils] MethodGroupsHelper.collectMethodsByGroup() took 0 ms.
2026-05-134 22:48:51 [main] INFO  org.testng.internal.Utils - [Utils] MethodGroupsHelper.sortMethods() took 0 ms.
2026-05-134 22:48:51 [main] INFO  org.testng.internal.Utils - [Utils] MethodGroupsHelper.collectMethodsByGroup() took 0 ms.
2026-05-134 22:48:51 [main] INFO  org.testng.internal.Utils - [Utils] MethodGroupsHelper.sortMethods() took 0 ms.
2026-05-134 22:48:51 [main] INFO  org.testng.internal.Utils - [Utils] MethodGroupsHelper.collectMethodsByGroup() took 0 ms.
2026-05-134 22:48:51 [main] INFO  org.testng.internal.Utils - [Utils] MethodGroupsHelper.sortMethods() took 0 ms.
2026-05-134 22:48:51 [main] INFO  org.testng.internal.Utils - [Utils] MethodGroupsHelper.collectMethodsByGroup() took 0 ms.
2026-05-134 22:48:51 [main] INFO  org.testng.internal.Utils - [Utils] MethodGroupsHelper.sortMethods() took 1 ms.
2026-05-134 22:48:51 [main] INFO  org.testng.internal.Utils - [Utils] MethodGroupsHelper.collectMethodsByGroup() took 0 ms.
2026-05-134 22:48:51 [main] INFO  org.testng.internal.Utils - [Utils] MethodGroupsHelper.sortMethods() took 0 ms.
2026-05-134 22:48:51 [main] INFO  org.testng.internal.Utils - [Utils] MethodGroupsHelper.collectMethodsByGroup() took 0 ms.
2026-05-134 22:48:51 [main] INFO  org.testng.internal.Utils - [Utils] MethodGroupsHelper.sortMethods() took 1 ms.
2026-05-134 22:48:51 [main] INFO  org.testng.internal.Utils - [TestNG] Running:
  C:\Users\Siddhi\AppData\Local\Temp\testng-eclipse--482815694\testng-customsuite.xml

2026-05-134 22:48:51 [main] INFO  org.testng.internal.Utils - [Utils] DynamicGraphHelper.createDynamicGraph() took 3 ms.
2026-05-134 22:48:51 [main] INFO  org.utils.qa.Log - Opening browser
2026-05-134 22:49:02 [main] INFO  org.utils.qa.Log - Initializing ProductSearchPage
2026-05-134 22:49:13 [main] INFO  org.utils.qa.Log - Ready on Products page
2026-05-134 22:49:13 [main] INFO  org.utils.qa.Log - TC-PS-001: Verifying search box is visible
2026-05-134 22:49:13 [main] INFO  org.utils.qa.Log - TC-PS-001: PASS
2026-05-134 22:49:13 [main] INFO  org.utils.qa.Log - PASSED: verifySearchBoxIsVisible
2026-05-134 22:49:13 [main] INFO  org.utils.qa.Log - Browser closed
2026-05-134 22:49:14 [main] INFO  org.utils.qa.Log - Opening browser
2026-05-134 22:49:18 [main] INFO  org.utils.qa.Log - Initializing ProductSearchPage
2026-05-134 22:49:26 [main] INFO  org.utils.qa.Log - Ready on Products page
2026-05-134 22:49:26 [main] INFO  org.utils.qa.Log - TC-PS-002: Verifying search button is visible
2026-05-134 22:49:26 [main] INFO  org.utils.qa.Log - TC-PS-002: PASS
2026-05-134 22:49:26 [main] INFO  org.utils.qa.Log - PASSED: verifySearchButtonIsVisible
2026-05-134 22:49:26 [main] INFO  org.utils.qa.Log - Browser closed
2026-05-134 22:49:26 [main] INFO  org.utils.qa.Log - Opening browser
2026-05-134 22:49:30 [main] INFO  org.utils.qa.Log - Initializing ProductSearchPage
2026-05-134 22:49:38 [main] INFO  org.utils.qa.Log - Ready on Products page
2026-05-134 22:49:38 [main] INFO  org.utils.qa.Log - TC-PS-003: Verifying Products page URL
2026-05-134 22:49:38 [main] INFO  org.utils.qa.Log - TC-PS-003: URL = https://automationexercise.com/products
2026-05-134 22:49:38 [main] INFO  org.utils.qa.Log - TC-PS-003: PASS
2026-05-134 22:49:38 [main] INFO  org.utils.qa.Log - PASSED: verifyProductsPageUrl
2026-05-134 22:49:38 [main] INFO  org.utils.qa.Log - Browser closed
2026-05-134 22:49:38 [main] INFO  org.utils.qa.Log - Opening browser
2026-05-134 22:49:43 [main] INFO  org.utils.qa.Log - Initializing ProductSearchPage
2026-05-134 22:49:51 [main] INFO  org.utils.qa.Log - Ready on Products page
2026-05-134 22:49:51 [main] INFO  org.utils.qa.Log - TC-PS-004: Verifying section title after search
2026-05-134 22:49:54 [main] INFO  org.utils.qa.Log - TC-PS-004: Title = SEARCHED PRODUCTS
2026-05-134 22:49:54 [main] INFO  org.utils.qa.Log - TC-PS-004: PASS
2026-05-134 22:49:54 [main] INFO  org.utils.qa.Log - PASSED: verifySearchResultsSectionTitle
2026-05-134 22:49:54 [main] INFO  org.utils.qa.Log - Browser closed
2026-05-134 22:49:54 [main] INFO  org.utils.qa.Log - Opening browser
2026-05-134 22:49:58 [main] INFO  org.utils.qa.Log - Initializing ProductSearchPage
2026-05-134 22:50:06 [main] INFO  org.utils.qa.Log - Ready on Products page
2026-05-134 22:50:06 [main] INFO  org.utils.qa.Log - TC-PS-005: Searching with valid keyword 'Top'
2026-05-134 22:50:10 [main] INFO  org.utils.qa.Log - TC-PS-005: Result count = 14
2026-05-134 22:50:10 [main] INFO  org.utils.qa.Log - TC-PS-005: PASS
2026-05-134 22:50:10 [main] INFO  org.utils.qa.Log - PASSED: searchWithValidKeyword
2026-05-134 22:50:10 [main] INFO  org.utils.qa.Log - Browser closed
2026-05-134 22:50:10 [main] INFO  org.utils.qa.Log - Opening browser
2026-05-134 22:50:14 [main] INFO  org.utils.qa.Log - Initializing ProductSearchPage
2026-05-134 22:50:22 [main] INFO  org.utils.qa.Log - Ready on Products page
2026-05-134 22:50:22 [main] INFO  org.utils.qa.Log - TC-PS-006: Searching with partial keyword 'Blu'
2026-05-134 22:50:26 [main] INFO  org.utils.qa.Log - TC-PS-006: Result count = 7
2026-05-134 22:50:26 [main] INFO  org.utils.qa.Log - TC-PS-006: PASS
2026-05-134 22:50:26 [main] INFO  org.utils.qa.Log - PASSED: searchWithPartialKeyword
2026-05-134 22:50:26 [main] INFO  org.utils.qa.Log - Browser closed
2026-05-134 22:50:26 [main] INFO  org.utils.qa.Log - Opening browser
2026-05-134 22:50:30 [main] INFO  org.utils.qa.Log - Initializing ProductSearchPage
2026-05-134 22:50:39 [main] INFO  org.utils.qa.Log - Ready on Products page
2026-05-134 22:50:39 [main] INFO  org.utils.qa.Log - TC-PS-007: Comparing DRESS vs dress result count
2026-05-134 22:50:42 [main] INFO  org.utils.qa.Log - TC-PS-007: DRESS count = 9
2026-05-134 22:50:53 [main] INFO  org.utils.qa.Log - TC-PS-007: dress count = 9
2026-05-134 22:50:53 [main] INFO  org.utils.qa.Log - TC-PS-007: PASS
2026-05-134 22:50:53 [main] INFO  org.utils.qa.Log - PASSED: verifyCaseInsensitiveSearch
2026-05-134 22:50:53 [main] INFO  org.utils.qa.Log - Browser closed
2026-05-134 22:50:53 [main] INFO  org.utils.qa.Log - Opening browser
2026-05-134 22:50:56 [main] INFO  org.utils.qa.Log - Initializing ProductSearchPage
2026-05-134 22:51:05 [main] INFO  org.utils.qa.Log - Ready on Products page
2026-05-134 22:51:05 [main] INFO  org.utils.qa.Log - TC-PS-008: Verifying result relevance for 'Jeans'
2026-05-134 22:51:08 [main] INFO  org.utils.qa.Log - TC-PS-008: Products found: [Soft Stretch Jeans, Regular Fit Straight Jeans, Grunt Blue Slim Fit Jeans]
2026-05-134 22:51:08 [main] INFO  org.utils.qa.Log - TC-PS-008: PASS
2026-05-134 22:51:08 [main] INFO  org.utils.qa.Log - PASSED: verifySearchResultRelevance
2026-05-134 22:51:08 [main] INFO  org.utils.qa.Log - Browser closed
2026-05-134 22:51:08 [main] INFO  org.utils.qa.Log - Opening browser
2026-05-134 22:51:12 [main] INFO  org.utils.qa.Log - Initializing ProductSearchPage
2026-05-134 22:51:20 [main] INFO  org.utils.qa.Log - Ready on Products page
2026-05-134 22:51:20 [main] INFO  org.utils.qa.Log - TC-PS-009: Searching with invalid keyword 'xyzabc123'
2026-05-134 22:51:27 [main] INFO  org.utils.qa.Log - TC-PS-009: Result count (expected 0) = 0
2026-05-134 22:51:27 [main] INFO  org.utils.qa.Log - TC-PS-009: PASS
2026-05-134 22:51:27 [main] INFO  org.utils.qa.Log - PASSED: searchWithInvalidKeyword
2026-05-134 22:51:27 [main] INFO  org.utils.qa.Log - Browser closed
2026-05-134 22:51:27 [main] INFO  org.utils.qa.Log - Opening browser
2026-05-134 22:51:31 [main] INFO  org.utils.qa.Log - Initializing ProductSearchPage
2026-05-134 22:51:39 [main] INFO  org.utils.qa.Log - Ready on Products page
2026-05-134 22:51:39 [main] INFO  org.utils.qa.Log - TC-PS-010: Searching with special characters '@#$%'
2026-05-134 22:51:41 [main] INFO  org.utils.qa.Log - TC-PS-010: URL after search = https://automationexercise.com/products?search=@#$%
2026-05-134 22:51:41 [main] INFO  org.utils.qa.Log - TC-PS-010: PASS
2026-05-134 22:51:41 [main] INFO  org.utils.qa.Log - PASSED: searchWithSpecialCharacters
2026-05-134 22:51:42 [main] INFO  org.utils.qa.Log - Browser closed
2026-05-134 22:51:42 [main] INFO  org.utils.qa.Log - Opening browser
2026-05-134 22:51:46 [main] INFO  org.utils.qa.Log - Initializing ProductSearchPage
2026-05-134 22:51:56 [main] INFO  org.utils.qa.Log - Ready on Products page
2026-05-134 22:51:56 [main] INFO  org.utils.qa.Log - TC-PS-011: Verifying search box is empty on load
2026-05-134 22:51:56 [main] INFO  org.utils.qa.Log - TC-PS-011: Value = ''
2026-05-134 22:51:56 [main] INFO  org.utils.qa.Log - TC-PS-011: PASS
2026-05-134 22:51:56 [main] INFO  org.utils.qa.Log - PASSED: verifySearchBoxIsEmptyOnLoad
2026-05-134 22:51:56 [main] INFO  org.utils.qa.Log - Browser closed
2026-05-134 22:51:56 [main] INFO  org.utils.qa.Log - Opening browser
2026-05-134 22:52:01 [main] INFO  org.utils.qa.Log - Initializing ProductSearchPage
2026-05-134 22:52:09 [main] INFO  org.utils.qa.Log - Ready on Products page
2026-05-134 22:52:09 [main] INFO  org.utils.qa.Log - TC-PS-012: Verifying URL stays on /products after search
2026-05-134 22:52:16 [main] INFO  org.utils.qa.Log - TC-PS-012: URL = https://automationexercise.com/products?search=Top
2026-05-134 22:52:16 [main] INFO  org.utils.qa.Log - TC-PS-012: PASS
2026-05-134 22:52:16 [main] INFO  org.utils.qa.Log - PASSED: verifyUrlAfterSearch
2026-05-134 22:52:17 [main] INFO  org.utils.qa.Log - Browser closed
2026-05-134 22:52:17 [main] INFO  org.utils.qa.Log - Opening browser
2026-05-134 22:52:27 [main] INFO  org.utils.qa.Log - Initializing ProductSearchPage
2026-05-134 22:52:34 [main] INFO  org.utils.qa.Log - Ready on Products page
2026-05-134 22:52:34 [main] INFO  org.utils.qa.Log - TC-PS-013: Clicking View Product on first result
2026-05-134 22:53:06 [main] ERROR org.utils.qa.Log - FAILED: viewProductDetailFromSearchResult | Expected condition failed: waiting for visibility of all 42 elements, but element #1 was invisible: [[EdgeDriver: MicrosoftEdge on windows (ddade9a2197a970dd2484897cdb47d09)] -> css selector: div.product-image-wrapper a]
(tried for 30 seconds with 500 milliseconds interval)
Build info: version: '4.43.0', revision: 'dd0f534'
System info: os.name: 'Windows 11', os.arch: 'amd64', os.version: '10.0', java.version: '21.0.10'
Driver info: org.openqa.selenium.edge.EdgeDriver
Capabilities {acceptInsecureCerts: false, browserName: MicrosoftEdge, browserVersion: 148.0.3967.54, fedcm:accounts: true, goog:processID: 28668, ms:edgeOptions: {debuggerAddress: localhost:54497}, msedge: {msedgedriverVersion: 148.0.3967.54 (c994e204927e..., userDataDir: C:\Users\Siddhi\AppData\Loc...}, networkConnectionEnabled: false, pageLoadStrategy: normal, platformName: windows, proxy: Proxy(), se:cdp: ws://localhost:54497/devtoo..., se:cdpVersion: 148.0.3967.54, setWindowRect: true, strictFileInteractability: false, timeouts: {implicit: 0, pageLoad: 300000, script: 30000}, unhandledPromptBehavior: dismiss and notify, webauthn:extension:credBlob: true, webauthn:extension:largeBlob: true, webauthn:extension:minPinLength: true, webauthn:extension:prf: true, webauthn:virtualAuthenticators: true}
Session ID: ddade9a2197a970dd2484897cdb47d09
2026-05-134 22:53:07 [main] INFO  org.utils.qa.Log - Browser closed
2026-05-134 22:53:07 [main] INFO  org.utils.qa.Log - Opening browser
2026-05-134 22:53:13 [main] INFO  org.utils.qa.Log - Initializing ProductSearchPage
2026-05-134 22:53:24 [main] INFO  org.utils.qa.Log - Ready on Products page
2026-05-134 22:53:24 [main] INFO  org.utils.qa.Log - TC-PS-014: Adding first result to cart
2026-05-134 22:53:29 [main] ERROR org.utils.qa.Log - FAILED: addFirstSearchResultToCart | element click intercepted: Element <a data-product-id="1" class="btn btn-default add-to-cart">...</a> is not clickable at point (622, 766). Other element would receive the click: <iframe id="aswift_4" name="aswift_4" style="min-height: auto; max-height: none; min-width: auto; max-width: none; width: 1005px !important; height: 124px !important; display: block; margin: 0px auto;" sandbox="allow-forms allow-popups allow-popups-to-escape-sandbox allow-same-origin allow-scripts allow-top-navigation-by-user-activation" width="1005" height="124" frameborder="0" marginwidth="0" marginheight="0" vspace="0" hspace="0" allowtransparency="true" scrolling="no" allow="attribution-reporting; run-ad-auction" src="https://googleads.g.doubleclick.net/pagead/html/r20260512/r20190131/zrt_lookup_fy2021.html#RS-3-&amp;adk=1812271801&amp;client=ca-pub-1677597403311019&amp;fa=1&amp;ifi=5&amp;uci=a!5&amp;btvi=3" data-google-container-id="a!5" tabindex="0" title="Advertisement" aria-label="Advertisement" data-google-query-id="CI6h4dWluZQDFWC-SwUdwNkBaw" data-load-complete="true"></iframe>
  (Session info: MicrosoftEdge=148.0.3967.54)
Build info: version: '4.43.0', revision: 'dd0f534'
System info: os.name: 'Windows 11', os.arch: 'amd64', os.version: '10.0', java.version: '21.0.10'
Driver info: org.openqa.selenium.edge.EdgeDriver
Command: [9504daafa7371161dd9873318739a27f, clickElement {id=f.58044592B55350D38C6FAB5A2F3BBB9C.d.E018FE0CC55EBCF2449180FC64AEFCED.e.188}]
Capabilities {acceptInsecureCerts: false, browserName: MicrosoftEdge, browserVersion: 148.0.3967.54, fedcm:accounts: true, goog:processID: 16252, ms:edgeOptions: {debuggerAddress: localhost:54479}, msedge: {msedgedriverVersion: 148.0.3967.54 (c994e204927e..., userDataDir: C:\Users\Siddhi\AppData\Loc...}, networkConnectionEnabled: false, pageLoadStrategy: normal, platformName: windows, proxy: Proxy(), se:cdp: ws://localhost:54479/devtoo..., se:cdpVersion: 148.0.3967.54, setWindowRect: true, strictFileInteractability: false, timeouts: {implicit: 0, pageLoad: 300000, script: 30000}, unhandledPromptBehavior: dismiss and notify, webauthn:extension:credBlob: true, webauthn:extension:largeBlob: true, webauthn:extension:minPinLength: true, webauthn:extension:prf: true, webauthn:virtualAuthenticators: true}
Element: [[EdgeDriver: MicrosoftEdge on windows (9504daafa7371161dd9873318739a27f)] -> css selector: div.productinfo a.btn.btn-default]
Session ID: 9504daafa7371161dd9873318739a27f
2026-05-134 22:53:29 [main] INFO  org.utils.qa.Log - Browser closed
2026-05-134 22:53:29 [main] INFO  org.utils.qa.Log - Loading Excel: ProductSearchData.xlsx | Sheet: SearchData
2026-05-134 22:53:29 [main] INFO  org.utils.qa.Log - Opening browser
2026-05-134 22:53:34 [main] INFO  org.utils.qa.Log - Initializing ProductSearchPage
2026-05-134 22:53:42 [main] INFO  org.utils.qa.Log - Ready on Products page
2026-05-134 22:53:42 [main] ERROR org.utils.qa.Log - FAILED: dataDriverSearchFromExcel | For input string: "1.0"
2026-05-134 22:53:42 [main] INFO  org.utils.qa.Log - Browser closed
2026-05-134 22:53:42 [main] INFO  org.utils.qa.Log - Opening browser
2026-05-134 22:53:47 [main] INFO  org.utils.qa.Log - Initializing ProductSearchPage
2026-05-134 22:53:55 [main] INFO  org.utils.qa.Log - Ready on Products page
2026-05-134 22:53:55 [main] ERROR org.utils.qa.Log - FAILED: dataDriverSearchFromExcel | For input string: "1.0"
2026-05-134 22:53:55 [main] INFO  org.utils.qa.Log - Browser closed
2026-05-134 22:53:55 [main] INFO  org.utils.qa.Log - Opening browser
2026-05-134 22:54:03 [main] INFO  org.utils.qa.Log - Initializing ProductSearchPage
2026-05-134 22:54:14 [main] INFO  org.utils.qa.Log - Ready on Products page
2026-05-134 22:54:14 [main] ERROR org.utils.qa.Log - FAILED: dataDriverSearchFromExcel | For input string: "1.0"
2026-05-134 22:54:14 [main] INFO  org.utils.qa.Log - Browser closed
2026-05-134 22:54:14 [main] INFO  org.utils.qa.Log - Opening browser
2026-05-134 22:54:23 [main] INFO  org.utils.qa.Log - Initializing ProductSearchPage
2026-05-134 22:54:32 [main] INFO  org.utils.qa.Log - Ready on Products page
2026-05-134 22:54:32 [main] ERROR org.utils.qa.Log - FAILED: dataDriverSearchFromExcel | For input string: "1.0"
2026-05-134 22:54:33 [main] INFO  org.utils.qa.Log - Browser closed
2026-05-134 22:54:33 [main] INFO  org.utils.qa.Log - Opening browser
2026-05-134 22:54:39 [main] INFO  org.utils.qa.Log - Initializing ProductSearchPage
2026-05-134 22:54:47 [main] INFO  org.utils.qa.Log - Ready on Products page
2026-05-134 22:54:47 [main] ERROR org.utils.qa.Log - FAILED: dataDriverSearchFromExcel | For input string: "1.0"
2026-05-134 22:54:48 [main] INFO  org.utils.qa.Log - Browser closed
2026-05-134 22:54:48 [main] INFO  org.utils.qa.Log - Opening browser
2026-05-134 22:54:52 [main] INFO  org.utils.qa.Log - Initializing ProductSearchPage
2026-05-134 22:55:00 [main] INFO  org.utils.qa.Log - Ready on Products page
2026-05-134 22:55:01 [main] ERROR org.utils.qa.Log - FAILED: dataDriverSearchFromExcel | For input string: "1.0"
2026-05-134 22:55:01 [main] INFO  org.utils.qa.Log - Browser closed
2026-05-134 22:55:01 [main] INFO  org.utils.qa.Log - Opening browser
2026-05-134 22:55:15 [main] INFO  org.utils.qa.Log - Initializing ProductSearchPage
2026-05-134 22:55:25 [main] INFO  org.utils.qa.Log - Ready on Products page
2026-05-134 22:55:25 [main] ERROR org.utils.qa.Log - FAILED: dataDriverSearchFromExcel | For input string: "1.0"
2026-05-134 22:55:25 [main] INFO  org.utils.qa.Log - Browser closed
2026-05-134 22:55:25 [main] INFO  org.utils.qa.Log - Opening browser
2026-05-134 22:55:30 [main] INFO  org.utils.qa.Log - Initializing ProductSearchPage
2026-05-134 22:55:38 [main] INFO  org.utils.qa.Log - Ready on Products page
2026-05-134 22:55:38 [main] ERROR org.utils.qa.Log - FAILED: dataDriverSearchFromExcel | For input string: "0.0"
2026-05-134 22:55:38 [main] INFO  org.utils.qa.Log - Browser closed
2026-05-134 22:55:38 [main] INFO  org.utils.qa.Log - Opening browser
2026-05-134 22:55:42 [main] INFO  org.utils.qa.Log - Initializing ProductSearchPage
2026-05-134 22:55:51 [main] INFO  org.utils.qa.Log - Ready on Products page
2026-05-134 22:55:51 [main] ERROR org.utils.qa.Log - FAILED: dataDriverSearchFromExcel | For input string: "0.0"
2026-05-134 22:55:51 [main] INFO  org.utils.qa.Log - Browser closed
2026-05-134 22:55:51 [main] INFO  org.testng.internal.Utils - [TestNG] Time taken by org.testng.reporters.jq.Main@39fbee74: 40 ms
2026-05-134 22:55:51 [main] INFO  org.testng.internal.Utils - [TestNG] Time taken by org.testng.reporters.FailedReporter@672c6b93: 8 ms
2026-05-134 22:55:51 [main] INFO  org.testng.internal.Utils - [TestNG] Time taken by org.testng.reporters.XMLReporter@32bff23d: 15 ms
2026-05-134 22:55:51 [main] INFO  org.testng.internal.Utils - [TestNG] Time taken by org.testng.reporters.EmailableReporter2@6042b613: 4 ms
2026-05-134 22:55:51 [main] INFO  org.testng.internal.Utils - [TestNG] Time taken by org.testng.reporters.JUnitReportReporter@1428d63: 7 ms
2026-05-134 22:55:51 [main] INFO  org.testng.internal.Utils - [TestNG] Time taken by org.testng.internal.ExitCodeListener@34bcdc9f: 0 ms
2026-05-134 23:03:25 [main] INFO  org.testng.internal.Utils - [Utils] MethodGroupsHelper.collectMethodsByGroup() took 3 ms.
2026-05-134 23:03:25 [main] INFO  org.testng.internal.Utils - [Utils] MethodGroupsHelper.sortMethods() took 6 ms.
2026-05-134 23:03:25 [main] INFO  org.testng.internal.Utils - [Utils] MethodGroupsHelper.collectMethodsByGroup() took 0 ms.
2026-05-134 23:03:25 [main] INFO  org.testng.internal.Utils - [Utils] MethodGroupsHelper.sortMethods() took 0 ms.
2026-05-134 23:03:25 [main] INFO  org.testng.internal.Utils - [Utils] MethodGroupsHelper.collectMethodsByGroup() took 0 ms.
2026-05-134 23:03:25 [main] INFO  org.testng.internal.Utils - [Utils] MethodGroupsHelper.sortMethods() took 0 ms.
2026-05-134 23:03:25 [main] INFO  org.testng.internal.Utils - [Utils] MethodGroupsHelper.collectMethodsByGroup() took 0 ms.
2026-05-134 23:03:25 [main] INFO  org.testng.internal.Utils - [Utils] MethodGroupsHelper.sortMethods() took 0 ms.
2026-05-134 23:03:25 [main] INFO  org.testng.internal.Utils - [Utils] MethodGroupsHelper.collectMethodsByGroup() took 0 ms.
2026-05-134 23:03:25 [main] INFO  org.testng.internal.Utils - [Utils] MethodGroupsHelper.sortMethods() took 0 ms.
2026-05-134 23:03:25 [main] INFO  org.testng.internal.Utils - [Utils] MethodGroupsHelper.collectMethodsByGroup() took 0 ms.
2026-05-134 23:03:25 [main] INFO  org.testng.internal.Utils - [Utils] MethodGroupsHelper.sortMethods() took 0 ms.
2026-05-134 23:03:25 [main] INFO  org.testng.internal.Utils - [Utils] MethodGroupsHelper.collectMethodsByGroup() took 0 ms.
2026-05-134 23:03:25 [main] INFO  org.testng.internal.Utils - [Utils] MethodGroupsHelper.sortMethods() took 0 ms.
2026-05-134 23:03:25 [main] INFO  org.testng.internal.Utils - [Utils] MethodGroupsHelper.collectMethodsByGroup() took 0 ms.
2026-05-134 23:03:25 [main] INFO  org.testng.internal.Utils - [Utils] MethodGroupsHelper.sortMethods() took 0 ms.
2026-05-134 23:03:25 [main] INFO  org.testng.internal.Utils - [Utils] MethodGroupsHelper.collectMethodsByGroup() took 0 ms.
2026-05-134 23:03:25 [main] INFO  org.testng.internal.Utils - [Utils] MethodGroupsHelper.sortMethods() took 8 ms.
2026-05-134 23:03:25 [main] INFO  org.testng.internal.Utils - [Utils] MethodGroupsHelper.collectMethodsByGroup() took 0 ms.
2026-05-134 23:03:25 [main] INFO  org.testng.internal.Utils - [Utils] MethodGroupsHelper.sortMethods() took 0 ms.
2026-05-134 23:03:25 [main] INFO  org.testng.internal.Utils - [Utils] MethodGroupsHelper.collectMethodsByGroup() took 1 ms.
2026-05-134 23:03:25 [main] INFO  org.testng.internal.Utils - [Utils] MethodGroupsHelper.sortMethods() took 1 ms.
2026-05-134 23:03:25 [main] INFO  org.testng.internal.Utils - [Utils] MethodGroupsHelper.collectMethodsByGroup() took 0 ms.
2026-05-134 23:03:25 [main] INFO  org.testng.internal.Utils - [Utils] MethodGroupsHelper.sortMethods() took 0 ms.
2026-05-134 23:03:25 [main] INFO  org.testng.internal.Utils - [Utils] MethodGroupsHelper.collectMethodsByGroup() took 0 ms.
2026-05-134 23:03:25 [main] INFO  org.testng.internal.Utils - [Utils] MethodGroupsHelper.sortMethods() took 3 ms.
2026-05-134 23:03:25 [main] INFO  org.testng.internal.Utils - [Utils] MethodGroupsHelper.collectMethodsByGroup() took 0 ms.
2026-05-134 23:03:25 [main] INFO  org.testng.internal.Utils - [Utils] MethodGroupsHelper.sortMethods() took 0 ms.
2026-05-134 23:03:25 [main] INFO  org.testng.internal.Utils - [Utils] MethodGroupsHelper.collectMethodsByGroup() took 1 ms.
2026-05-134 23:03:26 [main] INFO  org.testng.internal.Utils - [Utils] MethodGroupsHelper.sortMethods() took 0 ms.
2026-05-134 23:03:26 [main] INFO  org.testng.internal.Utils - [TestNG] Running:
  C:\Users\Siddhi\AppData\Local\Temp\testng-eclipse-304391470\testng-customsuite.xml

2026-05-134 23:03:26 [main] INFO  org.testng.internal.Utils - [Utils] DynamicGraphHelper.createDynamicGraph() took 1 ms.
2026-05-134 23:03:26 [main] INFO  org.utils.qa.Log - Opening browser
2026-05-134 23:03:35 [main] INFO  org.utils.qa.Log - Initializing ProductSearchPage
2026-05-134 23:03:57 [main] INFO  org.utils.qa.Log - Ready on Products page
2026-05-134 23:03:57 [main] INFO  org.utils.qa.Log - TC-PS-001: Verifying search box is visible
2026-05-134 23:03:57 [main] INFO  org.utils.qa.Log - TC-PS-001: PASS
2026-05-134 23:03:57 [main] INFO  org.utils.qa.Log - PASSED: verifySearchBoxIsVisible
2026-05-134 23:03:57 [main] INFO  org.utils.qa.Log - Browser closed
2026-05-134 23:03:57 [main] INFO  org.utils.qa.Log - Opening browser
2026-05-134 23:04:02 [main] INFO  org.utils.qa.Log - Initializing ProductSearchPage
2026-05-134 23:04:11 [main] INFO  org.utils.qa.Log - Ready on Products page
2026-05-134 23:04:11 [main] INFO  org.utils.qa.Log - TC-PS-002: Verifying search button is visible
2026-05-134 23:04:11 [main] INFO  org.utils.qa.Log - TC-PS-002: PASS
2026-05-134 23:04:11 [main] INFO  org.utils.qa.Log - PASSED: verifySearchButtonIsVisible
2026-05-134 23:04:11 [main] INFO  org.utils.qa.Log - Browser closed
2026-05-134 23:04:11 [main] INFO  org.utils.qa.Log - Opening browser
2026-05-134 23:04:16 [main] INFO  org.utils.qa.Log - Initializing ProductSearchPage
2026-05-134 23:04:23 [main] INFO  org.utils.qa.Log - Ready on Products page
2026-05-134 23:04:23 [main] INFO  org.utils.qa.Log - TC-PS-003: Verifying Products page URL
2026-05-134 23:04:23 [main] INFO  org.utils.qa.Log - TC-PS-003: URL = https://automationexercise.com/products
2026-05-134 23:04:23 [main] INFO  org.utils.qa.Log - TC-PS-003: PASS
2026-05-134 23:04:23 [main] INFO  org.utils.qa.Log - PASSED: verifyProductsPageUrl
2026-05-134 23:04:24 [main] INFO  org.utils.qa.Log - Browser closed
2026-05-134 23:04:24 [main] INFO  org.utils.qa.Log - Opening browser
2026-05-134 23:04:30 [main] INFO  org.utils.qa.Log - Initializing ProductSearchPage
2026-05-134 23:04:41 [main] INFO  org.utils.qa.Log - Ready on Products page
2026-05-134 23:04:41 [main] INFO  org.utils.qa.Log - TC-PS-004: Verifying section title after search
2026-05-134 23:04:44 [main] INFO  org.utils.qa.Log - TC-PS-004: Title = SEARCHED PRODUCTS
2026-05-134 23:04:44 [main] INFO  org.utils.qa.Log - TC-PS-004: PASS
2026-05-134 23:04:44 [main] INFO  org.utils.qa.Log - PASSED: verifySearchResultsSectionTitle
2026-05-134 23:04:44 [main] INFO  org.utils.qa.Log - Browser closed
2026-05-134 23:04:44 [main] INFO  org.utils.qa.Log - Opening browser
2026-05-134 23:04:47 [main] INFO  org.utils.qa.Log - Initializing ProductSearchPage
2026-05-134 23:04:59 [main] INFO  org.utils.qa.Log - Ready on Products page
2026-05-134 23:04:59 [main] INFO  org.utils.qa.Log - TC-PS-005: Searching with valid keyword 'Top'
2026-05-134 23:05:10 [main] INFO  org.utils.qa.Log - TC-PS-005: Result count = 14
2026-05-134 23:05:10 [main] INFO  org.utils.qa.Log - TC-PS-005: PASS
2026-05-134 23:05:10 [main] INFO  org.utils.qa.Log - PASSED: searchWithValidKeyword
2026-05-134 23:05:10 [main] INFO  org.utils.qa.Log - Browser closed
2026-05-134 23:05:10 [main] INFO  org.utils.qa.Log - Opening browser
2026-05-134 23:05:44 [main] INFO  org.utils.qa.Log - Initializing ProductSearchPage
2026-05-134 23:05:53 [main] INFO  org.utils.qa.Log - Ready on Products page
2026-05-134 23:05:53 [main] INFO  org.utils.qa.Log - TC-PS-006: Searching with partial keyword 'Blu'
2026-05-134 23:06:11 [main] INFO  org.utils.qa.Log - TC-PS-006: Result count = 7
2026-05-134 23:06:11 [main] INFO  org.utils.qa.Log - TC-PS-006: PASS
2026-05-134 23:06:11 [main] INFO  org.utils.qa.Log - PASSED: searchWithPartialKeyword
2026-05-134 23:06:11 [main] INFO  org.utils.qa.Log - Browser closed
2026-05-134 23:06:11 [main] INFO  org.utils.qa.Log - Opening browser
2026-05-134 23:06:16 [main] INFO  org.utils.qa.Log - Initializing ProductSearchPage
2026-05-134 23:06:32 [main] INFO  org.utils.qa.Log - Ready on Products page
2026-05-134 23:06:32 [main] INFO  org.utils.qa.Log - TC-PS-007: Comparing DRESS vs dress result count
2026-05-134 23:06:34 [main] INFO  org.utils.qa.Log - TC-PS-007: DRESS count = 9
2026-05-134 23:06:53 [main] INFO  org.utils.qa.Log - TC-PS-007: dress count = 9
2026-05-134 23:06:53 [main] INFO  org.utils.qa.Log - TC-PS-007: PASS
2026-05-134 23:06:53 [main] INFO  org.utils.qa.Log - PASSED: verifyCaseInsensitiveSearch
2026-05-134 23:06:53 [main] INFO  org.utils.qa.Log - Browser closed
2026-05-134 23:06:53 [main] INFO  org.utils.qa.Log - Opening browser
2026-05-134 23:07:38 [main] INFO  org.utils.qa.Log - Initializing ProductSearchPage
2026-05-134 23:07:48 [main] INFO  org.utils.qa.Log - Ready on Products page
2026-05-134 23:07:48 [main] INFO  org.utils.qa.Log - TC-PS-008: Verifying result relevance for 'Jeans'
2026-05-134 23:07:50 [main] INFO  org.utils.qa.Log - TC-PS-008: Products found: [Soft Stretch Jeans, Regular Fit Straight Jeans, Grunt Blue Slim Fit Jeans]
2026-05-134 23:07:50 [main] INFO  org.utils.qa.Log - TC-PS-008: PASS
2026-05-134 23:07:50 [main] INFO  org.utils.qa.Log - PASSED: verifySearchResultRelevance
2026-05-134 23:07:50 [main] INFO  org.utils.qa.Log - Browser closed
2026-05-134 23:07:50 [main] INFO  org.utils.qa.Log - Opening browser
2026-05-134 23:07:58 [main] INFO  org.utils.qa.Log - Initializing ProductSearchPage
2026-05-134 23:08:06 [main] INFO  org.utils.qa.Log - Ready on Products page
2026-05-134 23:08:06 [main] INFO  org.utils.qa.Log - TC-PS-009: Searching with invalid keyword 'xyzabc123'
2026-05-134 23:08:13 [main] INFO  org.utils.qa.Log - TC-PS-009: Result count (expected 0) = 0
2026-05-134 23:08:13 [main] INFO  org.utils.qa.Log - TC-PS-009: PASS
2026-05-134 23:08:13 [main] INFO  org.utils.qa.Log - PASSED: searchWithInvalidKeyword
2026-05-134 23:08:13 [main] INFO  org.utils.qa.Log - Browser closed
2026-05-134 23:08:13 [main] INFO  org.utils.qa.Log - Opening browser
2026-05-134 23:08:18 [main] INFO  org.utils.qa.Log - Initializing ProductSearchPage
2026-05-134 23:08:21 [main] INFO  org.utils.qa.Log - Ready on Products page
2026-05-134 23:08:21 [main] INFO  org.utils.qa.Log - TC-PS-010: Searching with special characters '@#$%'
2026-05-134 23:08:22 [main] INFO  org.utils.qa.Log - TC-PS-010: URL after search = https://automationexercise.com/products?search=@#$%
2026-05-134 23:08:22 [main] INFO  org.utils.qa.Log - TC-PS-010: PASS
2026-05-134 23:08:22 [main] INFO  org.utils.qa.Log - PASSED: searchWithSpecialCharacters
2026-05-134 23:08:22 [main] INFO  org.utils.qa.Log - Browser closed
2026-05-134 23:08:22 [main] INFO  org.utils.qa.Log - Opening browser
2026-05-134 23:08:26 [main] INFO  org.utils.qa.Log - Initializing ProductSearchPage
2026-05-134 23:08:34 [main] INFO  org.utils.qa.Log - Ready on Products page
2026-05-134 23:08:34 [main] INFO  org.utils.qa.Log - TC-PS-011: Verifying search box is empty on load
2026-05-134 23:08:34 [main] INFO  org.utils.qa.Log - TC-PS-011: Value = ''
2026-05-134 23:08:34 [main] INFO  org.utils.qa.Log - TC-PS-011: PASS
2026-05-134 23:08:34 [main] INFO  org.utils.qa.Log - PASSED: verifySearchBoxIsEmptyOnLoad
2026-05-134 23:08:34 [main] INFO  org.utils.qa.Log - Browser closed
2026-05-134 23:08:34 [main] INFO  org.utils.qa.Log - Opening browser
2026-05-134 23:08:43 [main] INFO  org.utils.qa.Log - Initializing ProductSearchPage
2026-05-134 23:08:51 [main] INFO  org.utils.qa.Log - Ready on Products page
2026-05-134 23:08:51 [main] INFO  org.utils.qa.Log - TC-PS-012: Verifying URL stays on /products after search
2026-05-134 23:08:59 [main] INFO  org.utils.qa.Log - TC-PS-012: URL = https://automationexercise.com/products?search=Top
2026-05-134 23:08:59 [main] INFO  org.utils.qa.Log - TC-PS-012: PASS
2026-05-134 23:08:59 [main] INFO  org.utils.qa.Log - PASSED: verifyUrlAfterSearch
2026-05-134 23:08:59 [main] INFO  org.utils.qa.Log - Browser closed
2026-05-134 23:08:59 [main] INFO  org.utils.qa.Log - Opening browser
2026-05-134 23:09:58 [main] INFO  org.utils.qa.Log - Initializing ProductSearchPage
2026-05-134 23:10:09 [main] INFO  org.utils.qa.Log - Ready on Products page
2026-05-134 23:10:09 [main] INFO  org.utils.qa.Log - TC-PS-013: Clicking View Product on first result
2026-05-134 23:10:12 [main] INFO  org.utils.qa.Log - TC-PS-013: Navigating directly to: https://automationexercise.com/product_details/1
2026-05-134 23:10:14 [main] INFO  org.utils.qa.Log - TC-PS-013: Navigated to = https://automationexercise.com/product_details/1
2026-05-134 23:10:14 [main] INFO  org.utils.qa.Log - TC-PS-013: PASS
2026-05-134 23:10:14 [main] INFO  org.utils.qa.Log - PASSED: viewProductDetailFromSearchResult
2026-05-134 23:10:14 [main] INFO  org.utils.qa.Log - Browser closed
2026-05-134 23:10:14 [main] INFO  org.utils.qa.Log - Opening browser
2026-05-134 23:10:18 [main] INFO  org.utils.qa.Log - Initializing ProductSearchPage
2026-05-134 23:10:28 [main] INFO  org.utils.qa.Log - Ready on Products page
2026-05-134 23:10:28 [main] INFO  org.utils.qa.Log - TC-PS-014: Adding first result to cart
2026-05-134 23:10:34 [main] ERROR org.utils.qa.Log - FAILED: addFirstSearchResultToCart | element click intercepted: Element <a data-product-id="1" class="btn btn-default add-to-cart">...</a> is not clickable at point (622, 766). Other element would receive the click: <iframe id="aswift_4" name="aswift_4" style="min-height: auto; max-height: none; min-width: auto; max-width: none; width: 728px !important; height: 90px !important; display: block; margin: 0px auto;" sandbox="allow-forms allow-popups allow-popups-to-escape-sandbox allow-same-origin allow-scripts allow-top-navigation-by-user-activation" width="728" height="90" frameborder="0" marginwidth="0" marginheight="0" vspace="0" hspace="0" allowtransparency="true" scrolling="no" allow="attribution-reporting; run-ad-auction" src="https://googleads.g.doubleclick.net/pagead/html/r20260512/r20190131/zrt_lookup_fy2021.html#RS-3-&amp;adk=1812271801&amp;client=ca-pub-1677597403311019&amp;fa=1&amp;ifi=5&amp;uci=a!5&amp;btvi=3" data-google-container-id="a!5" tabindex="0" title="Advertisement" aria-label="Advertisement" data-google-query-id="CJys_r2puZQDFUa_SwUd54ItPw" data-load-complete="true"></iframe>
  (Session info: MicrosoftEdge=148.0.3967.54)
Build info: version: '4.43.0', revision: 'dd0f534'
System info: os.name: 'Windows 11', os.arch: 'amd64', os.version: '10.0', java.version: '21.0.10'
Driver info: org.openqa.selenium.edge.EdgeDriver
Command: [b391f881bf47c52e5a95ebd2b7c468e6, clickElement {id=f.4DEB9261F7335FBEB1371F550EA64195.d.A936A7FF30BF91A3D0D3196D959623C4.e.198}]
Capabilities {acceptInsecureCerts: false, browserName: MicrosoftEdge, browserVersion: 148.0.3967.54, fedcm:accounts: true, goog:processID: 29896, ms:edgeOptions: {debuggerAddress: localhost:57466}, msedge: {msedgedriverVersion: 148.0.3967.54 (c994e204927e..., userDataDir: C:\Users\Siddhi\AppData\Loc...}, networkConnectionEnabled: false, pageLoadStrategy: normal, platformName: windows, proxy: Proxy(), se:cdp: ws://localhost:57466/devtoo..., se:cdpVersion: 148.0.3967.54, setWindowRect: true, strictFileInteractability: false, timeouts: {implicit: 0, pageLoad: 300000, script: 30000}, unhandledPromptBehavior: dismiss and notify, webauthn:extension:credBlob: true, webauthn:extension:largeBlob: true, webauthn:extension:minPinLength: true, webauthn:extension:prf: true, webauthn:virtualAuthenticators: true}
Element: [[EdgeDriver: MicrosoftEdge on windows (b391f881bf47c52e5a95ebd2b7c468e6)] -> css selector: div.productinfo a.btn.btn-default]
Session ID: b391f881bf47c52e5a95ebd2b7c468e6
2026-05-134 23:10:34 [main] INFO  org.utils.qa.Log - Browser closed
2026-05-134 23:10:34 [main] INFO  org.utils.qa.Log - Loading Excel: ProductSearchData.xlsx | Sheet: SearchData
2026-05-134 23:10:34 [main] INFO  org.utils.qa.Log - Opening browser
2026-05-134 23:10:46 [main] INFO  org.utils.qa.Log - Initializing ProductSearchPage
2026-05-134 23:10:57 [main] INFO  org.utils.qa.Log - Ready on Products page
2026-05-134 23:10:58 [main] ERROR org.utils.qa.Log - FAILED: dataDriverSearchFromExcel | For input string: "1.0"
2026-05-134 23:10:58 [main] INFO  org.utils.qa.Log - Browser closed
2026-05-134 23:10:58 [main] INFO  org.utils.qa.Log - Opening browser
2026-05-134 23:11:04 [main] INFO  org.utils.qa.Log - Initializing ProductSearchPage
2026-05-134 23:11:13 [main] INFO  org.utils.qa.Log - Ready on Products page
2026-05-134 23:11:13 [main] ERROR org.utils.qa.Log - FAILED: dataDriverSearchFromExcel | For input string: "1.0"
2026-05-134 23:11:13 [main] INFO  org.utils.qa.Log - Browser closed
2026-05-134 23:11:13 [main] INFO  org.utils.qa.Log - Opening browser
2026-05-134 23:11:20 [main] INFO  org.utils.qa.Log - Initializing ProductSearchPage
2026-05-134 23:11:28 [main] INFO  org.utils.qa.Log - Ready on Products page
2026-05-134 23:11:28 [main] ERROR org.utils.qa.Log - FAILED: dataDriverSearchFromExcel | For input string: "1.0"
2026-05-134 23:11:28 [main] INFO  org.utils.qa.Log - Browser closed
2026-05-134 23:11:28 [main] INFO  org.utils.qa.Log - Opening browser
2026-05-134 23:11:33 [main] INFO  org.utils.qa.Log - Initializing ProductSearchPage
2026-05-134 23:11:41 [main] INFO  org.utils.qa.Log - Ready on Products page
2026-05-134 23:11:42 [main] ERROR org.utils.qa.Log - FAILED: dataDriverSearchFromExcel | For input string: "1.0"
2026-05-134 23:11:42 [main] INFO  org.utils.qa.Log - Browser closed
2026-05-134 23:11:42 [main] INFO  org.utils.qa.Log - Opening browser
2026-05-134 23:11:47 [main] INFO  org.utils.qa.Log - Initializing ProductSearchPage
2026-05-134 23:11:55 [main] INFO  org.utils.qa.Log - Ready on Products page
2026-05-134 23:11:55 [main] ERROR org.utils.qa.Log - FAILED: dataDriverSearchFromExcel | For input string: "1.0"
2026-05-134 23:11:56 [main] INFO  org.utils.qa.Log - Browser closed
2026-05-134 23:11:56 [main] INFO  org.utils.qa.Log - Opening browser
2026-05-134 23:12:00 [main] INFO  org.utils.qa.Log - Initializing ProductSearchPage
2026-05-134 23:12:07 [main] INFO  org.utils.qa.Log - Ready on Products page
2026-05-134 23:12:07 [main] ERROR org.utils.qa.Log - FAILED: dataDriverSearchFromExcel | For input string: "1.0"
2026-05-134 23:12:07 [main] INFO  org.utils.qa.Log - Browser closed
2026-05-134 23:12:07 [main] INFO  org.utils.qa.Log - Opening browser
2026-05-134 23:12:11 [main] INFO  org.utils.qa.Log - Initializing ProductSearchPage
2026-05-134 23:12:18 [main] INFO  org.utils.qa.Log - Ready on Products page
2026-05-134 23:12:18 [main] ERROR org.utils.qa.Log - FAILED: dataDriverSearchFromExcel | For input string: "1.0"
2026-05-134 23:12:18 [main] INFO  org.utils.qa.Log - Browser closed
2026-05-134 23:12:18 [main] INFO  org.utils.qa.Log - Opening browser
2026-05-134 23:12:23 [main] INFO  org.utils.qa.Log - Initializing ProductSearchPage
2026-05-134 23:12:32 [main] INFO  org.utils.qa.Log - Ready on Products page
2026-05-134 23:12:32 [main] ERROR org.utils.qa.Log - FAILED: dataDriverSearchFromExcel | For input string: "0.0"
2026-05-134 23:12:32 [main] INFO  org.utils.qa.Log - Browser closed
2026-05-134 23:12:32 [main] INFO  org.utils.qa.Log - Opening browser
2026-05-134 23:12:36 [main] INFO  org.utils.qa.Log - Initializing ProductSearchPage
2026-05-134 23:12:45 [main] INFO  org.utils.qa.Log - Ready on Products page
2026-05-134 23:12:46 [main] ERROR org.utils.qa.Log - FAILED: dataDriverSearchFromExcel | For input string: "0.0"
2026-05-134 23:12:46 [main] INFO  org.utils.qa.Log - Browser closed
2026-05-134 23:12:46 [main] INFO  org.testng.internal.Utils - [TestNG] Time taken by org.testng.reporters.jq.Main@58f05266: 44 ms
2026-05-134 23:12:46 [main] INFO  org.testng.internal.Utils - [TestNG] Time taken by org.testng.reporters.FailedReporter@29422e61: 7 ms
2026-05-134 23:12:46 [main] INFO  org.testng.internal.Utils - [TestNG] Time taken by org.testng.reporters.XMLReporter@3217e970: 18 ms
2026-05-134 23:12:46 [main] INFO  org.testng.internal.Utils - [TestNG] Time taken by org.testng.reporters.EmailableReporter2@44eda25b: 10 ms
2026-05-134 23:12:46 [main] INFO  org.testng.internal.Utils - [TestNG] Time taken by org.testng.reporters.JUnitReportReporter@57dd4bc9: 7 ms
2026-05-134 23:12:46 [main] INFO  org.testng.internal.Utils - [TestNG] Time taken by org.testng.internal.ExitCodeListener@47897093: 0 ms
2026-05-135 09:57:37 [main] INFO  org.testng.internal.Utils - [Utils] MethodGroupsHelper.collectMethodsByGroup() took 10 ms.
2026-05-135 09:57:37 [main] INFO  org.testng.internal.Utils - [Utils] MethodGroupsHelper.sortMethods() took 9 ms.
2026-05-135 09:57:37 [main] INFO  org.testng.internal.Utils - [Utils] MethodGroupsHelper.collectMethodsByGroup() took 0 ms.
2026-05-135 09:57:37 [main] INFO  org.testng.internal.Utils - [Utils] MethodGroupsHelper.sortMethods() took 0 ms.
2026-05-135 09:57:37 [main] INFO  org.testng.internal.Utils - [Utils] MethodGroupsHelper.collectMethodsByGroup() took 0 ms.
2026-05-135 09:57:37 [main] INFO  org.testng.internal.Utils - [Utils] MethodGroupsHelper.sortMethods() took 0 ms.
2026-05-135 09:57:37 [main] INFO  org.testng.internal.Utils - [Utils] MethodGroupsHelper.collectMethodsByGroup() took 0 ms.
2026-05-135 09:57:37 [main] INFO  org.testng.internal.Utils - [Utils] MethodGroupsHelper.sortMethods() took 0 ms.
2026-05-135 09:57:37 [main] INFO  org.testng.internal.Utils - [Utils] MethodGroupsHelper.collectMethodsByGroup() took 0 ms.
2026-05-135 09:57:37 [main] INFO  org.testng.internal.Utils - [Utils] MethodGroupsHelper.sortMethods() took 0 ms.
2026-05-135 09:57:37 [main] INFO  org.testng.internal.Utils - [Utils] MethodGroupsHelper.collectMethodsByGroup() took 0 ms.
2026-05-135 09:57:37 [main] INFO  org.testng.internal.Utils - [Utils] MethodGroupsHelper.sortMethods() took 0 ms.
2026-05-135 09:57:37 [main] INFO  org.testng.internal.Utils - [Utils] MethodGroupsHelper.collectMethodsByGroup() took 0 ms.
2026-05-135 09:57:37 [main] INFO  org.testng.internal.Utils - [Utils] MethodGroupsHelper.sortMethods() took 0 ms.
2026-05-135 09:57:37 [main] INFO  org.testng.internal.Utils - [Utils] MethodGroupsHelper.collectMethodsByGroup() took 0 ms.
2026-05-135 09:57:37 [main] INFO  org.testng.internal.Utils - [Utils] MethodGroupsHelper.sortMethods() took 0 ms.
2026-05-135 09:57:37 [main] INFO  org.testng.internal.Utils - [Utils] MethodGroupsHelper.collectMethodsByGroup() took 0 ms.
2026-05-135 09:57:37 [main] INFO  org.testng.internal.Utils - [Utils] MethodGroupsHelper.sortMethods() took 9 ms.
2026-05-135 09:57:37 [main] INFO  org.testng.internal.Utils - [Utils] MethodGroupsHelper.collectMethodsByGroup() took 0 ms.
2026-05-135 09:57:37 [main] INFO  org.testng.internal.Utils - [Utils] MethodGroupsHelper.sortMethods() took 1 ms.
2026-05-135 09:57:37 [main] INFO  org.testng.internal.Utils - [Utils] MethodGroupsHelper.collectMethodsByGroup() took 0 ms.
2026-05-135 09:57:37 [main] INFO  org.testng.internal.Utils - [Utils] MethodGroupsHelper.sortMethods() took 0 ms.
2026-05-135 09:57:37 [main] INFO  org.testng.internal.Utils - [Utils] MethodGroupsHelper.collectMethodsByGroup() took 0 ms.
2026-05-135 09:57:37 [main] INFO  org.testng.internal.Utils - [Utils] MethodGroupsHelper.sortMethods() took 0 ms.
2026-05-135 09:57:37 [main] INFO  org.testng.internal.Utils - [Utils] MethodGroupsHelper.collectMethodsByGroup() took 0 ms.
2026-05-135 09:57:37 [main] INFO  org.testng.internal.Utils - [Utils] MethodGroupsHelper.sortMethods() took 1 ms.
2026-05-135 09:57:37 [main] INFO  org.testng.internal.Utils - [Utils] MethodGroupsHelper.collectMethodsByGroup() took 0 ms.
2026-05-135 09:57:37 [main] INFO  org.testng.internal.Utils - [Utils] MethodGroupsHelper.sortMethods() took 0 ms.
2026-05-135 09:57:37 [main] INFO  org.testng.internal.Utils - [Utils] MethodGroupsHelper.collectMethodsByGroup() took 0 ms.
2026-05-135 09:57:37 [main] INFO  org.testng.internal.Utils - [Utils] MethodGroupsHelper.sortMethods() took 0 ms.
2026-05-135 09:57:37 [main] INFO  org.testng.internal.Utils - [TestNG] Running:
  C:\Users\Siddhi\AppData\Local\Temp\testng-eclipse--1993865676\testng-customsuite.xml

2026-05-135 09:57:37 [main] INFO  org.testng.internal.Utils - [Utils] DynamicGraphHelper.createDynamicGraph() took 3 ms.
2026-05-135 09:57:37 [main] INFO  org.utils.qa.Log - Opening browser
2026-05-135 09:57:47 [main] INFO  org.utils.qa.Log - Initializing ProductSearchPage
2026-05-135 09:57:57 [main] INFO  org.utils.qa.Log - Ready on Products page
2026-05-135 09:57:57 [main] INFO  org.utils.qa.Log - TC-PS-001: Verifying search box is visible
2026-05-135 09:57:57 [main] INFO  org.utils.qa.Log - TC-PS-001: PASS
2026-05-135 09:57:57 [main] INFO  org.utils.qa.Log - PASSED: verifySearchBoxIsVisible
2026-05-135 09:57:57 [main] INFO  org.utils.qa.Log - Browser closed
2026-05-135 09:57:57 [main] INFO  org.utils.qa.Log - Opening browser
2026-05-135 09:58:08 [main] INFO  org.utils.qa.Log - Initializing ProductSearchPage
2026-05-135 09:58:18 [main] INFO  org.utils.qa.Log - Ready on Products page
2026-05-135 09:58:18 [main] INFO  org.utils.qa.Log - TC-PS-002: Verifying search button is visible
2026-05-135 09:58:18 [main] INFO  org.utils.qa.Log - TC-PS-002: PASS
2026-05-135 09:58:18 [main] INFO  org.utils.qa.Log - PASSED: verifySearchButtonIsVisible
2026-05-135 09:58:18 [main] INFO  org.utils.qa.Log - Browser closed
2026-05-135 09:58:18 [main] INFO  org.utils.qa.Log - Opening browser
2026-05-135 09:58:27 [main] INFO  org.utils.qa.Log - Initializing ProductSearchPage
2026-05-135 09:58:39 [main] INFO  org.utils.qa.Log - Ready on Products page
2026-05-135 09:58:39 [main] INFO  org.utils.qa.Log - TC-PS-003: Verifying Products page URL
2026-05-135 09:58:39 [main] INFO  org.utils.qa.Log - TC-PS-003: URL = https://automationexercise.com/products
2026-05-135 09:58:39 [main] INFO  org.utils.qa.Log - TC-PS-003: PASS
2026-05-135 09:58:39 [main] INFO  org.utils.qa.Log - PASSED: verifyProductsPageUrl
2026-05-135 09:58:40 [main] INFO  org.utils.qa.Log - Browser closed
2026-05-135 09:58:40 [main] INFO  org.utils.qa.Log - Opening browser
2026-05-135 09:58:48 [main] INFO  org.utils.qa.Log - Initializing ProductSearchPage
2026-05-135 09:59:01 [main] INFO  org.utils.qa.Log - Ready on Products page
2026-05-135 09:59:01 [main] INFO  org.utils.qa.Log - TC-PS-004: Verifying section title after search
2026-05-135 09:59:05 [main] INFO  org.utils.qa.Log - TC-PS-004: Title = SEARCHED PRODUCTS
2026-05-135 09:59:05 [main] INFO  org.utils.qa.Log - TC-PS-004: PASS
2026-05-135 09:59:05 [main] INFO  org.utils.qa.Log - PASSED: verifySearchResultsSectionTitle
2026-05-135 09:59:05 [main] INFO  org.utils.qa.Log - Browser closed
2026-05-135 09:59:05 [main] INFO  org.utils.qa.Log - Opening browser
2026-05-135 09:59:12 [main] INFO  org.utils.qa.Log - Initializing ProductSearchPage
2026-05-135 09:59:21 [main] INFO  org.utils.qa.Log - Ready on Products page
2026-05-135 09:59:21 [main] INFO  org.utils.qa.Log - TC-PS-005: Searching with valid keyword 'Top'
2026-05-135 09:59:25 [main] INFO  org.utils.qa.Log - TC-PS-005: Result count = 14
2026-05-135 09:59:25 [main] INFO  org.utils.qa.Log - TC-PS-005: PASS
2026-05-135 09:59:25 [main] INFO  org.utils.qa.Log - PASSED: searchWithValidKeyword
2026-05-135 09:59:25 [main] INFO  org.utils.qa.Log - Browser closed
2026-05-135 09:59:25 [main] INFO  org.utils.qa.Log - Opening browser
2026-05-135 09:59:36 [main] INFO  org.utils.qa.Log - Initializing ProductSearchPage
2026-05-135 09:59:46 [main] INFO  org.utils.qa.Log - Ready on Products page
2026-05-135 09:59:46 [main] INFO  org.utils.qa.Log - TC-PS-006: Searching with partial keyword 'Blu'
2026-05-135 09:59:50 [main] INFO  org.utils.qa.Log - TC-PS-006: Result count = 7
2026-05-135 09:59:50 [main] INFO  org.utils.qa.Log - TC-PS-006: PASS
2026-05-135 09:59:50 [main] INFO  org.utils.qa.Log - PASSED: searchWithPartialKeyword
2026-05-135 09:59:50 [main] INFO  org.utils.qa.Log - Browser closed
2026-05-135 09:59:50 [main] INFO  org.utils.qa.Log - Opening browser
2026-05-135 10:00:01 [main] INFO  org.utils.qa.Log - Initializing ProductSearchPage
2026-05-135 10:00:11 [main] INFO  org.utils.qa.Log - Ready on Products page
2026-05-135 10:00:11 [main] INFO  org.utils.qa.Log - TC-PS-007: Comparing DRESS vs dress result count
2026-05-135 10:00:15 [main] INFO  org.utils.qa.Log - TC-PS-007: DRESS count = 9
2026-05-135 10:00:27 [main] INFO  org.utils.qa.Log - TC-PS-007: dress count = 9
2026-05-135 10:00:27 [main] INFO  org.utils.qa.Log - TC-PS-007: PASS
2026-05-135 10:00:27 [main] INFO  org.utils.qa.Log - PASSED: verifyCaseInsensitiveSearch
2026-05-135 10:00:27 [main] INFO  org.utils.qa.Log - Browser closed
2026-05-135 10:00:27 [main] INFO  org.utils.qa.Log - Opening browser
2026-05-135 10:00:37 [main] INFO  org.utils.qa.Log - Initializing ProductSearchPage
2026-05-135 10:00:49 [main] INFO  org.utils.qa.Log - Ready on Products page
2026-05-135 10:00:49 [main] INFO  org.utils.qa.Log - TC-PS-008: Verifying result relevance for 'Jeans'
2026-05-135 10:00:52 [main] INFO  org.utils.qa.Log - TC-PS-008: Products found: [Soft Stretch Jeans, Regular Fit Straight Jeans, Grunt Blue Slim Fit Jeans]
2026-05-135 10:00:52 [main] INFO  org.utils.qa.Log - TC-PS-008: PASS
2026-05-135 10:00:52 [main] INFO  org.utils.qa.Log - PASSED: verifySearchResultRelevance
2026-05-135 10:00:52 [main] INFO  org.utils.qa.Log - Browser closed
2026-05-135 10:00:52 [main] INFO  org.utils.qa.Log - Opening browser
2026-05-135 10:01:02 [main] INFO  org.utils.qa.Log - Initializing ProductSearchPage
2026-05-135 10:01:15 [main] INFO  org.utils.qa.Log - Ready on Products page
2026-05-135 10:01:15 [main] INFO  org.utils.qa.Log - TC-PS-009: Searching with invalid keyword 'xyzabc123'
2026-05-135 10:01:23 [main] INFO  org.utils.qa.Log - TC-PS-009: Result count (expected 0) = 0
2026-05-135 10:01:23 [main] INFO  org.utils.qa.Log - TC-PS-009: PASS
2026-05-135 10:01:23 [main] INFO  org.utils.qa.Log - PASSED: searchWithInvalidKeyword
2026-05-135 10:01:23 [main] INFO  org.utils.qa.Log - Browser closed
2026-05-135 10:01:23 [main] INFO  org.utils.qa.Log - Opening browser
2026-05-135 10:01:33 [main] INFO  org.utils.qa.Log - Initializing ProductSearchPage
2026-05-135 10:01:44 [main] INFO  org.utils.qa.Log - Ready on Products page
2026-05-135 10:01:44 [main] INFO  org.utils.qa.Log - TC-PS-010: Searching with special characters '@#$%'
2026-05-135 10:01:46 [main] INFO  org.utils.qa.Log - TC-PS-010: URL after search = https://automationexercise.com/products?search=@#$%
2026-05-135 10:01:46 [main] INFO  org.utils.qa.Log - TC-PS-010: PASS
2026-05-135 10:01:46 [main] INFO  org.utils.qa.Log - PASSED: searchWithSpecialCharacters
2026-05-135 10:01:46 [main] INFO  org.utils.qa.Log - Browser closed
2026-05-135 10:01:46 [main] INFO  org.utils.qa.Log - Opening browser
2026-05-135 10:01:52 [main] INFO  org.utils.qa.Log - Initializing ProductSearchPage
2026-05-135 10:02:03 [main] INFO  org.utils.qa.Log - Ready on Products page
2026-05-135 10:02:03 [main] INFO  org.utils.qa.Log - TC-PS-011: Verifying search box is empty on load
2026-05-135 10:02:03 [main] INFO  org.utils.qa.Log - TC-PS-011: Value = ''
2026-05-135 10:02:03 [main] INFO  org.utils.qa.Log - TC-PS-011: PASS
2026-05-135 10:02:03 [main] INFO  org.utils.qa.Log - PASSED: verifySearchBoxIsEmptyOnLoad
2026-05-135 10:02:03 [main] INFO  org.utils.qa.Log - Browser closed
2026-05-135 10:02:03 [main] INFO  org.utils.qa.Log - Opening browser
2026-05-135 10:02:13 [main] INFO  org.utils.qa.Log - Initializing ProductSearchPage
2026-05-135 10:02:23 [main] INFO  org.utils.qa.Log - Ready on Products page
2026-05-135 10:02:23 [main] INFO  org.utils.qa.Log - TC-PS-012: Verifying URL stays on /products after search
2026-05-135 10:02:26 [main] INFO  org.utils.qa.Log - TC-PS-012: URL = https://automationexercise.com/products?search=Top
2026-05-135 10:02:26 [main] INFO  org.utils.qa.Log - TC-PS-012: PASS
2026-05-135 10:02:26 [main] INFO  org.utils.qa.Log - PASSED: verifyUrlAfterSearch
2026-05-135 10:02:26 [main] INFO  org.utils.qa.Log - Browser closed
2026-05-135 10:02:26 [main] INFO  org.utils.qa.Log - Opening browser
2026-05-135 10:02:36 [main] INFO  org.utils.qa.Log - Initializing ProductSearchPage
2026-05-135 10:02:46 [main] INFO  org.utils.qa.Log - Ready on Products page
2026-05-135 10:02:46 [main] INFO  org.utils.qa.Log - TC-PS-013: Clicking View Product on first result
2026-05-135 10:02:49 [main] INFO  org.utils.qa.Log - TC-PS-013: Navigating directly to: https://automationexercise.com/product_details/1
2026-05-135 10:02:51 [main] INFO  org.utils.qa.Log - TC-PS-013: Navigated to = https://automationexercise.com/product_details/1
2026-05-135 10:02:51 [main] INFO  org.utils.qa.Log - TC-PS-013: PASS
2026-05-135 10:02:51 [main] INFO  org.utils.qa.Log - PASSED: viewProductDetailFromSearchResult
2026-05-135 10:02:51 [main] INFO  org.utils.qa.Log - Browser closed
2026-05-135 10:02:51 [main] INFO  org.utils.qa.Log - Opening browser
2026-05-135 10:02:53 [main] WARN  org.utils.qa.Log - SKIPPED: addFirstSearchResultToCart
2026-05-135 10:02:53 [main] INFO  org.utils.qa.Log - Browser closed
2026-05-135 10:02:53 [main] INFO  org.utils.qa.Log - Loading Excel: ProductSearchData.xlsx | Sheet: SearchData
2026-05-135 10:02:54 [main] INFO  org.utils.qa.Log - Opening browser
2026-05-135 16:14:40 [main] INFO  org.testng.internal.Utils - [Utils] MethodGroupsHelper.collectMethodsByGroup() took 4 ms.
2026-05-135 16:14:40 [main] INFO  org.testng.internal.Utils - [Utils] MethodGroupsHelper.sortMethods() took 6 ms.
2026-05-135 16:14:40 [main] INFO  org.testng.internal.Utils - [Utils] MethodGroupsHelper.collectMethodsByGroup() took 0 ms.
2026-05-135 16:14:40 [main] INFO  org.testng.internal.Utils - [Utils] MethodGroupsHelper.sortMethods() took 0 ms.
2026-05-135 16:14:40 [main] INFO  org.testng.internal.Utils - [Utils] MethodGroupsHelper.collectMethodsByGroup() took 0 ms.
2026-05-135 16:14:40 [main] INFO  org.testng.internal.Utils - [Utils] MethodGroupsHelper.sortMethods() took 0 ms.
2026-05-135 16:14:40 [main] INFO  org.testng.internal.Utils - [Utils] MethodGroupsHelper.collectMethodsByGroup() took 0 ms.
2026-05-135 16:14:40 [main] INFO  org.testng.internal.Utils - [Utils] MethodGroupsHelper.sortMethods() took 0 ms.
2026-05-135 16:14:40 [main] INFO  org.testng.internal.Utils - [Utils] MethodGroupsHelper.collectMethodsByGroup() took 0 ms.
2026-05-135 16:14:40 [main] INFO  org.testng.internal.Utils - [Utils] MethodGroupsHelper.sortMethods() took 0 ms.
2026-05-135 16:14:40 [main] INFO  org.testng.internal.Utils - [Utils] MethodGroupsHelper.collectMethodsByGroup() took 0 ms.
2026-05-135 16:14:40 [main] INFO  org.testng.internal.Utils - [Utils] MethodGroupsHelper.sortMethods() took 0 ms.
2026-05-135 16:14:40 [main] INFO  org.testng.internal.Utils - [Utils] MethodGroupsHelper.collectMethodsByGroup() took 0 ms.
2026-05-135 16:14:40 [main] INFO  org.testng.internal.Utils - [Utils] MethodGroupsHelper.sortMethods() took 0 ms.
2026-05-135 16:14:40 [main] INFO  org.testng.internal.Utils - [Utils] MethodGroupsHelper.collectMethodsByGroup() took 0 ms.
2026-05-135 16:14:40 [main] INFO  org.testng.internal.Utils - [Utils] MethodGroupsHelper.sortMethods() took 0 ms.
2026-05-135 16:14:40 [main] INFO  org.testng.internal.Utils - [Utils] MethodGroupsHelper.collectMethodsByGroup() took 0 ms.
2026-05-135 16:14:40 [main] INFO  org.testng.internal.Utils - [Utils] MethodGroupsHelper.sortMethods() took 4 ms.
2026-05-135 16:14:40 [main] INFO  org.testng.internal.Utils - [Utils] MethodGroupsHelper.collectMethodsByGroup() took 0 ms.
2026-05-135 16:14:40 [main] INFO  org.testng.internal.Utils - [Utils] MethodGroupsHelper.sortMethods() took 0 ms.
2026-05-135 16:14:40 [main] INFO  org.testng.internal.Utils - [Utils] MethodGroupsHelper.collectMethodsByGroup() took 0 ms.
2026-05-135 16:14:40 [main] INFO  org.testng.internal.Utils - [Utils] MethodGroupsHelper.sortMethods() took 0 ms.
2026-05-135 16:14:40 [main] INFO  org.testng.internal.Utils - [Utils] MethodGroupsHelper.collectMethodsByGroup() took 0 ms.
2026-05-135 16:14:40 [main] INFO  org.testng.internal.Utils - [Utils] MethodGroupsHelper.sortMethods() took 0 ms.
2026-05-135 16:14:40 [main] INFO  org.testng.internal.Utils - [Utils] MethodGroupsHelper.collectMethodsByGroup() took 0 ms.
2026-05-135 16:14:40 [main] INFO  org.testng.internal.Utils - [Utils] MethodGroupsHelper.sortMethods() took 1 ms.
2026-05-135 16:14:40 [main] INFO  org.testng.internal.Utils - [Utils] MethodGroupsHelper.collectMethodsByGroup() took 0 ms.
2026-05-135 16:14:40 [main] INFO  org.testng.internal.Utils - [Utils] MethodGroupsHelper.sortMethods() took 0 ms.
2026-05-135 16:14:40 [main] INFO  org.testng.internal.Utils - [Utils] MethodGroupsHelper.collectMethodsByGroup() took 0 ms.
2026-05-135 16:14:40 [main] INFO  org.testng.internal.Utils - [Utils] MethodGroupsHelper.sortMethods() took 1 ms.
2026-05-135 16:14:40 [main] INFO  org.testng.internal.Utils - [TestNG] Running:
  C:\Users\Siddhi\AppData\Local\Temp\testng-eclipse--652938238\testng-customsuite.xml

2026-05-135 16:14:40 [main] INFO  org.testng.internal.Utils - [Utils] DynamicGraphHelper.createDynamicGraph() took 2 ms.
2026-05-135 16:14:51 [main] INFO  org.testng.internal.Utils - [TestNG] Time taken by org.testng.reporters.jq.Main@6ca30b8a: 93 ms
2026-05-135 16:14:51 [main] INFO  org.testng.internal.Utils - [TestNG] Time taken by org.testng.reporters.FailedReporter@3e1fd62b: 29 ms
2026-05-135 16:14:51 [main] INFO  org.testng.internal.Utils - [TestNG] Time taken by org.testng.reporters.XMLReporter@28a9494b: 32 ms
2026-05-135 16:14:51 [main] INFO  org.testng.internal.Utils - [TestNG] Time taken by org.testng.reporters.EmailableReporter2@696db620: 19 ms
2026-05-135 16:14:51 [main] INFO  org.testng.internal.Utils - [TestNG] Time taken by org.testng.reporters.JUnitReportReporter@5568c66f: 15 ms
2026-05-135 16:14:51 [main] INFO  org.testng.internal.Utils - [TestNG] Time taken by org.testng.internal.ExitCodeListener@e784320: 0 ms
2026-05-135 16:22:30 [main] INFO  org.testng.internal.Utils - [Utils] MethodGroupsHelper.collectMethodsByGroup() took 3 ms.
2026-05-135 16:22:30 [main] INFO  org.testng.internal.Utils - [Utils] MethodGroupsHelper.sortMethods() took 5 ms.
2026-05-135 16:22:30 [main] INFO  org.testng.internal.Utils - [Utils] MethodGroupsHelper.collectMethodsByGroup() took 0 ms.
2026-05-135 16:22:30 [main] INFO  org.testng.internal.Utils - [Utils] MethodGroupsHelper.sortMethods() took 1 ms.
2026-05-135 16:22:30 [main] INFO  org.testng.internal.Utils - [Utils] MethodGroupsHelper.collectMethodsByGroup() took 0 ms.
2026-05-135 16:22:30 [main] INFO  org.testng.internal.Utils - [Utils] MethodGroupsHelper.sortMethods() took 0 ms.
2026-05-135 16:22:30 [main] INFO  org.testng.internal.Utils - [Utils] MethodGroupsHelper.collectMethodsByGroup() took 0 ms.
2026-05-135 16:22:30 [main] INFO  org.testng.internal.Utils - [Utils] MethodGroupsHelper.sortMethods() took 0 ms.
2026-05-135 16:22:30 [main] INFO  org.testng.internal.Utils - [Utils] MethodGroupsHelper.collectMethodsByGroup() took 0 ms.
2026-05-135 16:22:30 [main] INFO  org.testng.internal.Utils - [Utils] MethodGroupsHelper.sortMethods() took 0 ms.
2026-05-135 16:22:30 [main] INFO  org.testng.internal.Utils - [Utils] MethodGroupsHelper.collectMethodsByGroup() took 0 ms.
2026-05-135 16:22:30 [main] INFO  org.testng.internal.Utils - [Utils] MethodGroupsHelper.sortMethods() took 0 ms.
2026-05-135 16:22:30 [main] INFO  org.testng.internal.Utils - [Utils] MethodGroupsHelper.collectMethodsByGroup() took 0 ms.
2026-05-135 16:22:30 [main] INFO  org.testng.internal.Utils - [Utils] MethodGroupsHelper.sortMethods() took 0 ms.
2026-05-135 16:22:30 [main] INFO  org.testng.internal.Utils - [Utils] MethodGroupsHelper.collectMethodsByGroup() took 0 ms.
2026-05-135 16:22:30 [main] INFO  org.testng.internal.Utils - [Utils] MethodGroupsHelper.sortMethods() took 0 ms.
2026-05-135 16:22:30 [main] INFO  org.testng.internal.Utils - [Utils] MethodGroupsHelper.collectMethodsByGroup() took 0 ms.
2026-05-135 16:22:30 [main] INFO  org.testng.internal.Utils - [Utils] MethodGroupsHelper.sortMethods() took 5 ms.
2026-05-135 16:22:30 [main] INFO  org.testng.internal.Utils - [Utils] MethodGroupsHelper.collectMethodsByGroup() took 0 ms.
2026-05-135 16:22:30 [main] INFO  org.testng.internal.Utils - [Utils] MethodGroupsHelper.sortMethods() took 0 ms.
2026-05-135 16:22:30 [main] INFO  org.testng.internal.Utils - [Utils] MethodGroupsHelper.collectMethodsByGroup() took 0 ms.
2026-05-135 16:22:30 [main] INFO  org.testng.internal.Utils - [Utils] MethodGroupsHelper.sortMethods() took 0 ms.
2026-05-135 16:22:30 [main] INFO  org.testng.internal.Utils - [Utils] MethodGroupsHelper.collectMethodsByGroup() took 0 ms.
2026-05-135 16:22:30 [main] INFO  org.testng.internal.Utils - [Utils] MethodGroupsHelper.sortMethods() took 0 ms.
2026-05-135 16:22:30 [main] INFO  org.testng.internal.Utils - [Utils] MethodGroupsHelper.collectMethodsByGroup() took 0 ms.
2026-05-135 16:22:30 [main] INFO  org.testng.internal.Utils - [Utils] MethodGroupsHelper.sortMethods() took 1 ms.
2026-05-135 16:22:30 [main] INFO  org.testng.internal.Utils - [Utils] MethodGroupsHelper.collectMethodsByGroup() took 0 ms.
2026-05-135 16:22:30 [main] INFO  org.testng.internal.Utils - [Utils] MethodGroupsHelper.sortMethods() took 0 ms.
2026-05-135 16:22:30 [main] INFO  org.testng.internal.Utils - [Utils] MethodGroupsHelper.collectMethodsByGroup() took 0 ms.
2026-05-135 16:22:30 [main] INFO  org.testng.internal.Utils - [Utils] MethodGroupsHelper.sortMethods() took 0 ms.
2026-05-135 16:22:30 [main] INFO  org.testng.internal.Utils - [TestNG] Running:
  C:\Users\Siddhi\AppData\Local\Temp\testng-eclipse--1943155663\testng-customsuite.xml

2026-05-135 16:22:30 [main] INFO  org.testng.internal.Utils - [Utils] DynamicGraphHelper.createDynamicGraph() took 2 ms.
2026-05-135 16:22:40 [main] INFO  org.utils.qa.Log - LOGIN SUCCESSFUL
2026-05-135 16:22:47 [main] INFO  org.testng.internal.Utils - [TestNG] Time taken by org.testng.reporters.jq.Main@3c770db4: 60 ms
2026-05-135 16:22:47 [main] INFO  org.testng.internal.Utils - [TestNG] Time taken by org.testng.reporters.FailedReporter@5d7911d5: 16 ms
2026-05-135 16:22:47 [main] INFO  org.testng.internal.Utils - [TestNG] Time taken by org.testng.reporters.XMLReporter@776015fc: 22 ms
2026-05-135 16:22:47 [main] INFO  org.testng.internal.Utils - [TestNG] Time taken by org.testng.reporters.EmailableReporter2@5bcec67e: 12 ms
2026-05-135 16:22:47 [main] INFO  org.testng.internal.Utils - [TestNG] Time taken by org.testng.reporters.JUnitReportReporter@3421debd: 7 ms
2026-05-135 16:22:47 [main] INFO  org.testng.internal.Utils - [TestNG] Time taken by org.testng.internal.ExitCodeListener@41bfa9e9: 0 ms
2026-05-135 16:27:30 [main] INFO  org.testng.internal.Utils - [Utils] MethodGroupsHelper.collectMethodsByGroup() took 4 ms.
2026-05-135 16:27:30 [main] INFO  org.testng.internal.Utils - [Utils] MethodGroupsHelper.sortMethods() took 7 ms.
2026-05-135 16:27:30 [main] INFO  org.testng.internal.Utils - [Utils] MethodGroupsHelper.collectMethodsByGroup() took 1 ms.
2026-05-135 16:27:30 [main] INFO  org.testng.internal.Utils - [Utils] MethodGroupsHelper.sortMethods() took 0 ms.
2026-05-135 16:27:30 [main] INFO  org.testng.internal.Utils - [Utils] MethodGroupsHelper.collectMethodsByGroup() took 0 ms.
2026-05-135 16:27:30 [main] INFO  org.testng.internal.Utils - [Utils] MethodGroupsHelper.sortMethods() took 0 ms.
2026-05-135 16:27:30 [main] INFO  org.testng.internal.Utils - [Utils] MethodGroupsHelper.collectMethodsByGroup() took 0 ms.
2026-05-135 16:27:30 [main] INFO  org.testng.internal.Utils - [Utils] MethodGroupsHelper.sortMethods() took 0 ms.
2026-05-135 16:27:30 [main] INFO  org.testng.internal.Utils - [Utils] MethodGroupsHelper.collectMethodsByGroup() took 0 ms.
2026-05-135 16:27:30 [main] INFO  org.testng.internal.Utils - [Utils] MethodGroupsHelper.sortMethods() took 0 ms.
2026-05-135 16:27:30 [main] INFO  org.testng.internal.Utils - [Utils] MethodGroupsHelper.collectMethodsByGroup() took 0 ms.
2026-05-135 16:27:30 [main] INFO  org.testng.internal.Utils - [Utils] MethodGroupsHelper.sortMethods() took 0 ms.
2026-05-135 16:27:30 [main] INFO  org.testng.internal.Utils - [Utils] MethodGroupsHelper.collectMethodsByGroup() took 0 ms.
2026-05-135 16:27:30 [main] INFO  org.testng.internal.Utils - [Utils] MethodGroupsHelper.sortMethods() took 0 ms.
2026-05-135 16:27:30 [main] INFO  org.testng.internal.Utils - [Utils] MethodGroupsHelper.collectMethodsByGroup() took 0 ms.
2026-05-135 16:27:30 [main] INFO  org.testng.internal.Utils - [Utils] MethodGroupsHelper.sortMethods() took 0 ms.
2026-05-135 16:27:30 [main] INFO  org.testng.internal.Utils - [Utils] MethodGroupsHelper.collectMethodsByGroup() took 0 ms.
2026-05-135 16:27:30 [main] INFO  org.testng.internal.Utils - [Utils] MethodGroupsHelper.sortMethods() took 6 ms.
2026-05-135 16:27:30 [main] INFO  org.testng.internal.Utils - [Utils] MethodGroupsHelper.collectMethodsByGroup() took 0 ms.
2026-05-135 16:27:30 [main] INFO  org.testng.internal.Utils - [Utils] MethodGroupsHelper.sortMethods() took 0 ms.
2026-05-135 16:27:30 [main] INFO  org.testng.internal.Utils - [Utils] MethodGroupsHelper.collectMethodsByGroup() took 1 ms.
2026-05-135 16:27:30 [main] INFO  org.testng.internal.Utils - [Utils] MethodGroupsHelper.sortMethods() took 0 ms.
2026-05-135 16:27:30 [main] INFO  org.testng.internal.Utils - [Utils] MethodGroupsHelper.collectMethodsByGroup() took 0 ms.
2026-05-135 16:27:30 [main] INFO  org.testng.internal.Utils - [Utils] MethodGroupsHelper.sortMethods() took 0 ms.
2026-05-135 16:27:30 [main] INFO  org.testng.internal.Utils - [Utils] MethodGroupsHelper.collectMethodsByGroup() took 0 ms.
2026-05-135 16:27:30 [main] INFO  org.testng.internal.Utils - [Utils] MethodGroupsHelper.sortMethods() took 1 ms.
2026-05-135 16:27:30 [main] INFO  org.testng.internal.Utils - [Utils] MethodGroupsHelper.collectMethodsByGroup() took 0 ms.
2026-05-135 16:27:30 [main] INFO  org.testng.internal.Utils - [Utils] MethodGroupsHelper.sortMethods() took 0 ms.
2026-05-135 16:27:30 [main] INFO  org.testng.internal.Utils - [Utils] MethodGroupsHelper.collectMethodsByGroup() took 0 ms.
2026-05-135 16:27:30 [main] INFO  org.testng.internal.Utils - [Utils] MethodGroupsHelper.sortMethods() took 0 ms.
2026-05-135 16:27:30 [main] INFO  org.testng.internal.Utils - [TestNG] Running:
  C:\Users\Siddhi\AppData\Local\Temp\testng-eclipse-1292242166\testng-customsuite.xml

2026-05-135 16:27:30 [main] INFO  org.testng.internal.Utils - [Utils] DynamicGraphHelper.createDynamicGraph() took 2 ms.
2026-05-135 16:27:37 [main] INFO  org.utils.qa.Log - LOGIN SUCCESSFUL
2026-05-135 16:27:53 [main] INFO  org.testng.internal.Utils - [TestNG] Time taken by org.testng.reporters.jq.Main@38d08cb5: 51 ms
2026-05-135 16:27:53 [main] INFO  org.testng.internal.Utils - [TestNG] Time taken by org.testng.reporters.FailedReporter@3453acd2: 7 ms
2026-05-135 16:27:53 [main] INFO  org.testng.internal.Utils - [TestNG] Time taken by org.testng.reporters.XMLReporter@62cba181: 18 ms
2026-05-135 16:27:53 [main] INFO  org.testng.internal.Utils - [TestNG] Time taken by org.testng.reporters.EmailableReporter2@40bb4f87: 7 ms
2026-05-135 16:27:53 [main] INFO  org.testng.internal.Utils - [TestNG] Time taken by org.testng.reporters.JUnitReportReporter@daf22f0: 5 ms
2026-05-135 16:27:53 [main] INFO  org.testng.internal.Utils - [TestNG] Time taken by org.testng.internal.ExitCodeListener@6cbbb9c4: 0 ms
2026-05-135 16:34:02 [main] INFO  org.testng.internal.Utils - [Utils] MethodGroupsHelper.collectMethodsByGroup() took 4 ms.
2026-05-135 16:34:02 [main] INFO  org.testng.internal.Utils - [Utils] MethodGroupsHelper.sortMethods() took 8 ms.
2026-05-135 16:34:02 [main] INFO  org.testng.internal.Utils - [Utils] MethodGroupsHelper.collectMethodsByGroup() took 0 ms.
2026-05-135 16:34:02 [main] INFO  org.testng.internal.Utils - [Utils] MethodGroupsHelper.sortMethods() took 0 ms.
2026-05-135 16:34:02 [main] INFO  org.testng.internal.Utils - [Utils] MethodGroupsHelper.collectMethodsByGroup() took 0 ms.
2026-05-135 16:34:02 [main] INFO  org.testng.internal.Utils - [Utils] MethodGroupsHelper.sortMethods() took 0 ms.
2026-05-135 16:34:02 [main] INFO  org.testng.internal.Utils - [Utils] MethodGroupsHelper.collectMethodsByGroup() took 0 ms.
2026-05-135 16:34:02 [main] INFO  org.testng.internal.Utils - [Utils] MethodGroupsHelper.sortMethods() took 0 ms.
2026-05-135 16:34:02 [main] INFO  org.testng.internal.Utils - [Utils] MethodGroupsHelper.collectMethodsByGroup() took 0 ms.
2026-05-135 16:34:02 [main] INFO  org.testng.internal.Utils - [Utils] MethodGroupsHelper.sortMethods() took 0 ms.
2026-05-135 16:34:02 [main] INFO  org.testng.internal.Utils - [Utils] MethodGroupsHelper.collectMethodsByGroup() took 0 ms.
2026-05-135 16:34:02 [main] INFO  org.testng.internal.Utils - [Utils] MethodGroupsHelper.sortMethods() took 0 ms.
2026-05-135 16:34:02 [main] INFO  org.testng.internal.Utils - [Utils] MethodGroupsHelper.collectMethodsByGroup() took 0 ms.
2026-05-135 16:34:02 [main] INFO  org.testng.internal.Utils - [Utils] MethodGroupsHelper.sortMethods() took 0 ms.
2026-05-135 16:34:02 [main] INFO  org.testng.internal.Utils - [Utils] MethodGroupsHelper.collectMethodsByGroup() took 0 ms.
2026-05-135 16:34:02 [main] INFO  org.testng.internal.Utils - [Utils] MethodGroupsHelper.sortMethods() took 0 ms.
2026-05-135 16:34:02 [main] INFO  org.testng.internal.Utils - [Utils] MethodGroupsHelper.collectMethodsByGroup() took 0 ms.
2026-05-135 16:34:02 [main] INFO  org.testng.internal.Utils - [Utils] MethodGroupsHelper.sortMethods() took 6 ms.
2026-05-135 16:34:02 [main] INFO  org.testng.internal.Utils - [Utils] MethodGroupsHelper.collectMethodsByGroup() took 0 ms.
2026-05-135 16:34:02 [main] INFO  org.testng.internal.Utils - [Utils] MethodGroupsHelper.sortMethods() took 0 ms.
2026-05-135 16:34:02 [main] INFO  org.testng.internal.Utils - [Utils] MethodGroupsHelper.collectMethodsByGroup() took 0 ms.
2026-05-135 16:34:02 [main] INFO  org.testng.internal.Utils - [Utils] MethodGroupsHelper.sortMethods() took 0 ms.
2026-05-135 16:34:02 [main] INFO  org.testng.internal.Utils - [Utils] MethodGroupsHelper.collectMethodsByGroup() took 0 ms.
2026-05-135 16:34:02 [main] INFO  org.testng.internal.Utils - [Utils] MethodGroupsHelper.sortMethods() took 0 ms.
2026-05-135 16:34:02 [main] INFO  org.testng.internal.Utils - [Utils] MethodGroupsHelper.collectMethodsByGroup() took 0 ms.
2026-05-135 16:34:02 [main] INFO  org.testng.internal.Utils - [Utils] MethodGroupsHelper.sortMethods() took 0 ms.
2026-05-135 16:34:02 [main] INFO  org.testng.internal.Utils - [Utils] MethodGroupsHelper.collectMethodsByGroup() took 0 ms.
2026-05-135 16:34:02 [main] INFO  org.testng.internal.Utils - [Utils] MethodGroupsHelper.sortMethods() took 0 ms.
2026-05-135 16:34:02 [main] INFO  org.testng.internal.Utils - [Utils] MethodGroupsHelper.collectMethodsByGroup() took 0 ms.
2026-05-135 16:34:02 [main] INFO  org.testng.internal.Utils - [Utils] MethodGroupsHelper.sortMethods() took 0 ms.
2026-05-135 16:34:02 [main] INFO  org.testng.internal.Utils - [TestNG] Running:
  C:\Users\Siddhi\AppData\Local\Temp\testng-eclipse--976468856\testng-customsuite.xml

2026-05-135 16:34:02 [main] INFO  org.testng.internal.Utils - [Utils] DynamicGraphHelper.createDynamicGraph() took 2 ms.
2026-05-135 16:34:41 [main] INFO  org.testng.internal.Utils - [TestNG] Time taken by org.testng.reporters.jq.Main@40113163: 39 ms
2026-05-135 16:34:41 [main] INFO  org.testng.internal.Utils - [TestNG] Time taken by org.testng.reporters.FailedReporter@5b5b59: 7 ms
2026-05-135 16:34:41 [main] INFO  org.testng.internal.Utils - [TestNG] Time taken by org.testng.reporters.XMLReporter@7b5b5bfe: 17 ms
2026-05-135 16:34:41 [main] INFO  org.testng.internal.Utils - [TestNG] Time taken by org.testng.reporters.EmailableReporter2@4fb56bea: 7 ms
2026-05-135 16:34:41 [main] INFO  org.testng.internal.Utils - [TestNG] Time taken by org.testng.reporters.JUnitReportReporter@535b1ae6: 7 ms
2026-05-135 16:34:41 [main] INFO  org.testng.internal.Utils - [TestNG] Time taken by org.testng.internal.ExitCodeListener@626c19cf: 0 ms
2026-05-135 16:36:43 [main] INFO  org.testng.internal.Utils - [Utils] MethodGroupsHelper.collectMethodsByGroup() took 5 ms.
2026-05-135 16:36:43 [main] INFO  org.testng.internal.Utils - [Utils] MethodGroupsHelper.sortMethods() took 10 ms.
2026-05-135 16:36:43 [main] INFO  org.testng.internal.Utils - [Utils] MethodGroupsHelper.collectMethodsByGroup() took 0 ms.
2026-05-135 16:36:43 [main] INFO  org.testng.internal.Utils - [Utils] MethodGroupsHelper.sortMethods() took 0 ms.
2026-05-135 16:36:43 [main] INFO  org.testng.internal.Utils - [Utils] MethodGroupsHelper.collectMethodsByGroup() took 0 ms.
2026-05-135 16:36:43 [main] INFO  org.testng.internal.Utils - [Utils] MethodGroupsHelper.sortMethods() took 0 ms.
2026-05-135 16:36:43 [main] INFO  org.testng.internal.Utils - [Utils] MethodGroupsHelper.collectMethodsByGroup() took 0 ms.
2026-05-135 16:36:43 [main] INFO  org.testng.internal.Utils - [Utils] MethodGroupsHelper.sortMethods() took 0 ms.
2026-05-135 16:36:43 [main] INFO  org.testng.internal.Utils - [Utils] MethodGroupsHelper.collectMethodsByGroup() took 0 ms.
2026-05-135 16:36:43 [main] INFO  org.testng.internal.Utils - [Utils] MethodGroupsHelper.sortMethods() took 0 ms.
2026-05-135 16:36:43 [main] INFO  org.testng.internal.Utils - [Utils] MethodGroupsHelper.collectMethodsByGroup() took 0 ms.
2026-05-135 16:36:43 [main] INFO  org.testng.internal.Utils - [Utils] MethodGroupsHelper.sortMethods() took 0 ms.
2026-05-135 16:36:43 [main] INFO  org.testng.internal.Utils - [Utils] MethodGroupsHelper.collectMethodsByGroup() took 0 ms.
2026-05-135 16:36:43 [main] INFO  org.testng.internal.Utils - [Utils] MethodGroupsHelper.sortMethods() took 0 ms.
2026-05-135 16:36:43 [main] INFO  org.testng.internal.Utils - [Utils] MethodGroupsHelper.collectMethodsByGroup() took 0 ms.
2026-05-135 16:36:43 [main] INFO  org.testng.internal.Utils - [Utils] MethodGroupsHelper.sortMethods() took 0 ms.
2026-05-135 16:36:43 [main] INFO  org.testng.internal.Utils - [Utils] MethodGroupsHelper.collectMethodsByGroup() took 0 ms.
2026-05-135 16:36:43 [main] INFO  org.testng.internal.Utils - [Utils] MethodGroupsHelper.sortMethods() took 5 ms.
2026-05-135 16:36:43 [main] INFO  org.testng.internal.Utils - [Utils] MethodGroupsHelper.collectMethodsByGroup() took 0 ms.
2026-05-135 16:36:43 [main] INFO  org.testng.internal.Utils - [Utils] MethodGroupsHelper.sortMethods() took 0 ms.
2026-05-135 16:36:43 [main] INFO  org.testng.internal.Utils - [Utils] MethodGroupsHelper.collectMethodsByGroup() took 0 ms.
2026-05-135 16:36:43 [main] INFO  org.testng.internal.Utils - [Utils] MethodGroupsHelper.sortMethods() took 0 ms.
2026-05-135 16:36:43 [main] INFO  org.testng.internal.Utils - [Utils] MethodGroupsHelper.collectMethodsByGroup() took 0 ms.
2026-05-135 16:36:43 [main] INFO  org.testng.internal.Utils - [Utils] MethodGroupsHelper.sortMethods() took 0 ms.
2026-05-135 16:36:43 [main] INFO  org.testng.internal.Utils - [Utils] MethodGroupsHelper.collectMethodsByGroup() took 0 ms.
2026-05-135 16:36:43 [main] INFO  org.testng.internal.Utils - [Utils] MethodGroupsHelper.sortMethods() took 0 ms.
2026-05-135 16:36:43 [main] INFO  org.testng.internal.Utils - [Utils] MethodGroupsHelper.collectMethodsByGroup() took 0 ms.
2026-05-135 16:36:43 [main] INFO  org.testng.internal.Utils - [Utils] MethodGroupsHelper.sortMethods() took 0 ms.
2026-05-135 16:36:43 [main] INFO  org.testng.internal.Utils - [Utils] MethodGroupsHelper.collectMethodsByGroup() took 0 ms.
2026-05-135 16:36:43 [main] INFO  org.testng.internal.Utils - [Utils] MethodGroupsHelper.sortMethods() took 0 ms.
2026-05-135 16:36:43 [main] INFO  org.testng.internal.Utils - [TestNG] Running:
  C:\Users\Siddhi\AppData\Local\Temp\testng-eclipse-460409587\testng-customsuite.xml

2026-05-135 16:36:43 [main] INFO  org.testng.internal.Utils - [Utils] DynamicGraphHelper.createDynamicGraph() took 2 ms.
2026-05-135 16:40:35 [main] INFO  org.testng.internal.Utils - [TestNG] Time taken by org.testng.reporters.jq.Main@23396fc0: 33 ms
2026-05-135 16:40:35 [main] INFO  org.testng.internal.Utils - [TestNG] Time taken by org.testng.reporters.FailedReporter@144ee8a7: 8 ms
2026-05-135 16:40:35 [main] INFO  org.testng.internal.Utils - [TestNG] Time taken by org.testng.reporters.XMLReporter@7afb9c93: 18 ms
2026-05-135 16:40:35 [main] INFO  org.testng.internal.Utils - [TestNG] Time taken by org.testng.reporters.EmailableReporter2@1d1c37d5: 8 ms
2026-05-135 16:40:35 [main] INFO  org.testng.internal.Utils - [TestNG] Time taken by org.testng.reporters.JUnitReportReporter@5c839677: 5 ms
2026-05-135 16:40:35 [main] INFO  org.testng.internal.Utils - [TestNG] Time taken by org.testng.internal.ExitCodeListener@3193e21d: 1 ms
2026-05-135 16:44:30 [main] INFO  org.testng.internal.Utils - [Utils] MethodGroupsHelper.collectMethodsByGroup() took 3 ms.
2026-05-135 16:44:30 [main] INFO  org.testng.internal.Utils - [Utils] MethodGroupsHelper.sortMethods() took 10 ms.
2026-05-135 16:44:30 [main] INFO  org.testng.internal.Utils - [Utils] MethodGroupsHelper.collectMethodsByGroup() took 0 ms.
2026-05-135 16:44:30 [main] INFO  org.testng.internal.Utils - [Utils] MethodGroupsHelper.sortMethods() took 0 ms.
2026-05-135 16:44:30 [main] INFO  org.testng.internal.Utils - [Utils] MethodGroupsHelper.collectMethodsByGroup() took 0 ms.
2026-05-135 16:44:30 [main] INFO  org.testng.internal.Utils - [Utils] MethodGroupsHelper.sortMethods() took 0 ms.
2026-05-135 16:44:30 [main] INFO  org.testng.internal.Utils - [Utils] MethodGroupsHelper.collectMethodsByGroup() took 0 ms.
2026-05-135 16:44:30 [main] INFO  org.testng.internal.Utils - [Utils] MethodGroupsHelper.sortMethods() took 0 ms.
2026-05-135 16:44:30 [main] INFO  org.testng.internal.Utils - [Utils] MethodGroupsHelper.collectMethodsByGroup() took 0 ms.
2026-05-135 16:44:30 [main] INFO  org.testng.internal.Utils - [Utils] MethodGroupsHelper.sortMethods() took 0 ms.
2026-05-135 16:44:30 [main] INFO  org.testng.internal.Utils - [Utils] MethodGroupsHelper.collectMethodsByGroup() took 0 ms.
2026-05-135 16:44:30 [main] INFO  org.testng.internal.Utils - [Utils] MethodGroupsHelper.sortMethods() took 0 ms.
2026-05-135 16:44:30 [main] INFO  org.testng.internal.Utils - [Utils] MethodGroupsHelper.collectMethodsByGroup() took 0 ms.
2026-05-135 16:44:30 [main] INFO  org.testng.internal.Utils - [Utils] MethodGroupsHelper.sortMethods() took 0 ms.
2026-05-135 16:44:30 [main] INFO  org.testng.internal.Utils - [Utils] MethodGroupsHelper.collectMethodsByGroup() took 0 ms.
2026-05-135 16:44:30 [main] INFO  org.testng.internal.Utils - [Utils] MethodGroupsHelper.sortMethods() took 0 ms.
2026-05-135 16:44:30 [main] INFO  org.testng.internal.Utils - [Utils] MethodGroupsHelper.collectMethodsByGroup() took 0 ms.
2026-05-135 16:44:30 [main] INFO  org.testng.internal.Utils - [Utils] MethodGroupsHelper.sortMethods() took 6 ms.
2026-05-135 16:44:30 [main] INFO  org.testng.internal.Utils - [Utils] MethodGroupsHelper.collectMethodsByGroup() took 0 ms.
2026-05-135 16:44:30 [main] INFO  org.testng.internal.Utils - [Utils] MethodGroupsHelper.sortMethods() took 0 ms.
2026-05-135 16:44:30 [main] INFO  org.testng.internal.Utils - [Utils] MethodGroupsHelper.collectMethodsByGroup() took 0 ms.
2026-05-135 16:44:30 [main] INFO  org.testng.internal.Utils - [Utils] MethodGroupsHelper.sortMethods() took 0 ms.
2026-05-135 16:44:30 [main] INFO  org.testng.internal.Utils - [Utils] MethodGroupsHelper.collectMethodsByGroup() took 0 ms.
2026-05-135 16:44:30 [main] INFO  org.testng.internal.Utils - [Utils] MethodGroupsHelper.sortMethods() took 0 ms.
2026-05-135 16:44:30 [main] INFO  org.testng.internal.Utils - [Utils] MethodGroupsHelper.collectMethodsByGroup() took 1 ms.
2026-05-135 16:44:30 [main] INFO  org.testng.internal.Utils - [Utils] MethodGroupsHelper.sortMethods() took 0 ms.
2026-05-135 16:44:30 [main] INFO  org.testng.internal.Utils - [Utils] MethodGroupsHelper.collectMethodsByGroup() took 0 ms.
2026-05-135 16:44:30 [main] INFO  org.testng.internal.Utils - [Utils] MethodGroupsHelper.sortMethods() took 0 ms.
2026-05-135 16:44:30 [main] INFO  org.testng.internal.Utils - [Utils] MethodGroupsHelper.collectMethodsByGroup() took 0 ms.
2026-05-135 16:44:30 [main] INFO  org.testng.internal.Utils - [Utils] MethodGroupsHelper.sortMethods() took 0 ms.
2026-05-135 16:44:30 [main] INFO  org.testng.internal.Utils - [TestNG] Running:
  C:\Users\Siddhi\AppData\Local\Temp\testng-eclipse--1941535113\testng-customsuite.xml

2026-05-135 16:44:30 [main] INFO  org.testng.internal.Utils - [Utils] DynamicGraphHelper.createDynamicGraph() took 3 ms.
2026-05-135 16:44:30 [main] INFO  org.utils.qa.Log - Fetching Excel Test Data
2026-05-135 16:44:30 [main] INFO  org.utils.qa.Log - ========================================
2026-05-135 16:44:30 [main] INFO  org.utils.qa.Log - Browser Launch Started
2026-05-135 16:44:34 [main] INFO  org.utils.qa.Log - Browser Launched Successfully
2026-05-135 16:44:35 [main] INFO  org.utils.qa.Log - Opening Website
2026-05-135 16:44:38 [main] INFO  org.utils.qa.Log - Login Successful
2026-05-135 16:44:48 [main] INFO  org.utils.qa.Log - Ad Popup Checked
2026-05-135 16:44:52 [main] INFO  org.utils.qa.Log - Navigated To Products Page
2026-05-135 16:44:52 [main] INFO  org.utils.qa.Log - ========================================
2026-05-135 16:44:52 [main] INFO  org.utils.qa.Log - ========================================
2026-05-135 16:44:52 [main] INFO  org.utils.qa.Log - Executing Data Driven Test
2026-05-135 16:44:52 [main] INFO  org.utils.qa.Log - Keyword : Top
2026-05-135 16:44:52 [main] INFO  org.utils.qa.Log - Expected Min Result : 1.0
2026-05-135 16:44:52 [main] INFO  org.utils.qa.Log - Should Have Result : TRUE
2026-05-135 16:44:55 [main] INFO  org.utils.qa.Log - Actual Result Count : 14
2026-05-135 16:44:55 [main] INFO  org.utils.qa.Log - Expected Product Found
2026-05-135 16:44:55 [main] INFO  org.utils.qa.Log - Data Driven Test Completed
2026-05-135 16:44:55 [main] INFO  org.utils.qa.Log - ========================================
2026-05-135 16:44:55 [main] INFO  org.utils.qa.Log - ========================================
2026-05-135 16:44:55 [main] INFO  org.utils.qa.Log - Browser Launch Started
2026-05-135 16:45:01 [main] INFO  org.utils.qa.Log - Browser Launched Successfully
2026-05-135 16:45:01 [main] INFO  org.utils.qa.Log - Opening Website
2026-05-135 16:45:07 [main] INFO  org.utils.qa.Log - Login Successful
2026-05-135 16:45:18 [main] INFO  org.utils.qa.Log - Ad Popup Checked
2026-05-135 16:45:23 [main] INFO  org.utils.qa.Log - Navigated To Products Page
2026-05-135 16:45:23 [main] INFO  org.utils.qa.Log - ========================================
2026-05-135 16:45:23 [main] INFO  org.utils.qa.Log - ========================================
2026-05-135 16:45:23 [main] INFO  org.utils.qa.Log - Executing Data Driven Test
2026-05-135 16:45:23 [main] INFO  org.utils.qa.Log - Keyword : Dress
2026-05-135 16:45:23 [main] INFO  org.utils.qa.Log - Expected Min Result : 1.0
2026-05-135 16:45:23 [main] INFO  org.utils.qa.Log - Should Have Result : TRUE
2026-05-135 16:45:27 [main] INFO  org.utils.qa.Log - Actual Result Count : 9
2026-05-135 16:45:27 [main] INFO  org.utils.qa.Log - Expected Product Found
2026-05-135 16:45:27 [main] INFO  org.utils.qa.Log - Data Driven Test Completed
2026-05-135 16:45:27 [main] INFO  org.utils.qa.Log - ========================================
2026-05-135 16:45:27 [main] INFO  org.utils.qa.Log - ========================================
2026-05-135 16:45:27 [main] INFO  org.utils.qa.Log - Browser Launch Started
2026-05-135 16:45:32 [main] INFO  org.utils.qa.Log - Browser Launched Successfully
2026-05-135 16:45:32 [main] INFO  org.utils.qa.Log - Opening Website
2026-05-135 16:45:39 [main] INFO  org.utils.qa.Log - Login Successful
2026-05-135 16:45:50 [main] INFO  org.utils.qa.Log - Ad Popup Checked
2026-05-135 16:45:55 [main] INFO  org.utils.qa.Log - Navigated To Products Page
2026-05-135 16:45:55 [main] INFO  org.utils.qa.Log - ========================================
2026-05-135 16:45:55 [main] INFO  org.utils.qa.Log - ========================================
2026-05-135 16:45:55 [main] INFO  org.utils.qa.Log - Executing Data Driven Test
2026-05-135 16:45:55 [main] INFO  org.utils.qa.Log - Keyword : Jeans
2026-05-135 16:45:55 [main] INFO  org.utils.qa.Log - Expected Min Result : 1.0
2026-05-135 16:45:55 [main] INFO  org.utils.qa.Log - Should Have Result : TRUE
2026-05-135 16:45:58 [main] INFO  org.utils.qa.Log - Actual Result Count : 3
2026-05-135 16:45:58 [main] INFO  org.utils.qa.Log - Expected Product Found
2026-05-135 16:45:58 [main] INFO  org.utils.qa.Log - Data Driven Test Completed
2026-05-135 16:45:58 [main] INFO  org.utils.qa.Log - ========================================
2026-05-135 16:45:58 [main] INFO  org.utils.qa.Log - ========================================
2026-05-135 16:45:58 [main] INFO  org.utils.qa.Log - Browser Launch Started
2026-05-135 16:46:00 [main] INFO  org.utils.qa.Log - Browser Launched Successfully
2026-05-135 16:46:00 [main] INFO  org.utils.qa.Log - Opening Website
2026-05-135 16:46:07 [main] INFO  org.utils.qa.Log - Login Successful
2026-05-135 16:46:15 [main] INFO  org.utils.qa.Log - Ad Popup Checked
2026-05-135 16:46:18 [main] INFO  org.utils.qa.Log - Navigated To Products Page
2026-05-135 16:46:18 [main] INFO  org.utils.qa.Log - ========================================
2026-05-135 16:46:18 [main] INFO  org.utils.qa.Log - ========================================
2026-05-135 16:46:18 [main] INFO  org.utils.qa.Log - Executing Data Driven Test
2026-05-135 16:46:18 [main] INFO  org.utils.qa.Log - Keyword : Blue
2026-05-135 16:46:18 [main] INFO  org.utils.qa.Log - Expected Min Result : 1.0
2026-05-135 16:46:18 [main] INFO  org.utils.qa.Log - Should Have Result : TRUE
2026-05-135 16:46:22 [main] INFO  org.utils.qa.Log - Actual Result Count : 7
2026-05-135 16:46:22 [main] INFO  org.utils.qa.Log - Expected Product Found
2026-05-135 16:46:22 [main] INFO  org.utils.qa.Log - Data Driven Test Completed
2026-05-135 16:46:22 [main] INFO  org.utils.qa.Log - ========================================
2026-05-135 16:46:22 [main] INFO  org.utils.qa.Log - ========================================
2026-05-135 16:46:22 [main] INFO  org.utils.qa.Log - Browser Launch Started
2026-05-135 16:46:26 [main] INFO  org.utils.qa.Log - Browser Launched Successfully
2026-05-135 16:46:26 [main] INFO  org.utils.qa.Log - Opening Website
2026-05-135 16:46:39 [main] INFO  org.utils.qa.Log - Login Successful
2026-05-135 16:46:45 [main] INFO  org.utils.qa.Log - Ad Popup Checked
2026-05-135 16:46:48 [main] INFO  org.utils.qa.Log - Navigated To Products Page
2026-05-135 16:46:48 [main] INFO  org.utils.qa.Log - ========================================
2026-05-135 16:46:48 [main] INFO  org.utils.qa.Log - ========================================
2026-05-135 16:46:48 [main] INFO  org.utils.qa.Log - Executing Data Driven Test
2026-05-135 16:46:48 [main] INFO  org.utils.qa.Log - Keyword : shirt
2026-05-135 16:46:48 [main] INFO  org.utils.qa.Log - Expected Min Result : 1.0
2026-05-135 16:46:48 [main] INFO  org.utils.qa.Log - Should Have Result : TRUE
2026-05-135 16:46:51 [main] INFO  org.utils.qa.Log - Actual Result Count : 13
2026-05-135 16:46:51 [main] INFO  org.utils.qa.Log - Expected Product Found
2026-05-135 16:46:51 [main] INFO  org.utils.qa.Log - Data Driven Test Completed
2026-05-135 16:46:51 [main] INFO  org.utils.qa.Log - ========================================
2026-05-135 16:46:52 [main] INFO  org.utils.qa.Log - ========================================
2026-05-135 16:46:52 [main] INFO  org.utils.qa.Log - Browser Launch Started
2026-05-135 16:46:56 [main] INFO  org.utils.qa.Log - Browser Launched Successfully
2026-05-135 16:46:56 [main] INFO  org.utils.qa.Log - Opening Website
2026-05-135 16:47:07 [main] INFO  org.utils.qa.Log - Login Successful
2026-05-135 16:47:12 [main] INFO  org.utils.qa.Log - Ad Popup Checked
2026-05-135 16:47:17 [main] INFO  org.utils.qa.Log - Navigated To Products Page
2026-05-135 16:47:17 [main] INFO  org.utils.qa.Log - ========================================
2026-05-135 16:47:17 [main] INFO  org.utils.qa.Log - ========================================
2026-05-135 16:47:17 [main] INFO  org.utils.qa.Log - Executing Data Driven Test
2026-05-135 16:47:17 [main] INFO  org.utils.qa.Log - Keyword : SAREE
2026-05-135 16:47:17 [main] INFO  org.utils.qa.Log - Expected Min Result : 1.0
2026-05-135 16:47:17 [main] INFO  org.utils.qa.Log - Should Have Result : TRUE
2026-05-135 16:47:21 [main] INFO  org.utils.qa.Log - Actual Result Count : 3
2026-05-135 16:47:21 [main] INFO  org.utils.qa.Log - Expected Product Found
2026-05-135 16:47:21 [main] INFO  org.utils.qa.Log - Data Driven Test Completed
2026-05-135 16:47:21 [main] INFO  org.utils.qa.Log - ========================================
2026-05-135 16:47:21 [main] INFO  org.utils.qa.Log - ========================================
2026-05-135 16:47:21 [main] INFO  org.utils.qa.Log - Browser Launch Started
2026-05-135 16:50:22 [main] INFO  org.testng.internal.Utils - [TestNG] Time taken by org.testng.reporters.jq.Main@36e3321e: 42 ms
2026-05-135 16:50:22 [main] INFO  org.testng.internal.Utils - [TestNG] Time taken by org.testng.reporters.FailedReporter@5855b0ed: 10 ms
2026-05-135 16:50:22 [main] INFO  org.testng.internal.Utils - [TestNG] Time taken by org.testng.reporters.XMLReporter@2619cb76: 15 ms
2026-05-135 16:50:22 [main] INFO  org.testng.internal.Utils - [TestNG] Time taken by org.testng.reporters.EmailableReporter2@3de45b6c: 13 ms
2026-05-135 16:50:22 [main] INFO  org.testng.internal.Utils - [TestNG] Time taken by org.testng.reporters.JUnitReportReporter@6fa2a006: 8 ms
2026-05-135 16:50:22 [main] INFO  org.testng.internal.Utils - [TestNG] Time taken by org.testng.internal.ExitCodeListener@70592729: 0 ms
2026-05-135 16:57:41 [main] INFO  org.testng.internal.Utils - [Utils] MethodGroupsHelper.collectMethodsByGroup() took 4 ms.
2026-05-135 16:57:41 [main] INFO  org.testng.internal.Utils - [Utils] MethodGroupsHelper.sortMethods() took 8 ms.
2026-05-135 16:57:41 [main] INFO  org.testng.internal.Utils - [Utils] MethodGroupsHelper.collectMethodsByGroup() took 0 ms.
2026-05-135 16:57:41 [main] INFO  org.testng.internal.Utils - [Utils] MethodGroupsHelper.sortMethods() took 0 ms.
2026-05-135 16:57:41 [main] INFO  org.testng.internal.Utils - [Utils] MethodGroupsHelper.collectMethodsByGroup() took 0 ms.
2026-05-135 16:57:41 [main] INFO  org.testng.internal.Utils - [Utils] MethodGroupsHelper.sortMethods() took 0 ms.
2026-05-135 16:57:41 [main] INFO  org.testng.internal.Utils - [Utils] MethodGroupsHelper.collectMethodsByGroup() took 0 ms.
2026-05-135 16:57:41 [main] INFO  org.testng.internal.Utils - [Utils] MethodGroupsHelper.sortMethods() took 0 ms.
2026-05-135 16:57:41 [main] INFO  org.testng.internal.Utils - [Utils] MethodGroupsHelper.collectMethodsByGroup() took 0 ms.
2026-05-135 16:57:41 [main] INFO  org.testng.internal.Utils - [Utils] MethodGroupsHelper.sortMethods() took 0 ms.
2026-05-135 16:57:41 [main] INFO  org.testng.internal.Utils - [Utils] MethodGroupsHelper.collectMethodsByGroup() took 0 ms.
2026-05-135 16:57:41 [main] INFO  org.testng.internal.Utils - [Utils] MethodGroupsHelper.sortMethods() took 0 ms.
2026-05-135 16:57:41 [main] INFO  org.testng.internal.Utils - [Utils] MethodGroupsHelper.collectMethodsByGroup() took 0 ms.
2026-05-135 16:57:41 [main] INFO  org.testng.internal.Utils - [Utils] MethodGroupsHelper.sortMethods() took 0 ms.
2026-05-135 16:57:41 [main] INFO  org.testng.internal.Utils - [Utils] MethodGroupsHelper.collectMethodsByGroup() took 0 ms.
2026-05-135 16:57:41 [main] INFO  org.testng.internal.Utils - [Utils] MethodGroupsHelper.sortMethods() took 0 ms.
2026-05-135 16:57:41 [main] INFO  org.testng.internal.Utils - [Utils] MethodGroupsHelper.collectMethodsByGroup() took 0 ms.
2026-05-135 16:57:41 [main] INFO  org.testng.internal.Utils - [Utils] MethodGroupsHelper.sortMethods() took 0 ms.
2026-05-135 16:57:41 [main] INFO  org.testng.internal.Utils - [Utils] MethodGroupsHelper.collectMethodsByGroup() took 0 ms.
2026-05-135 16:57:41 [main] INFO  org.testng.internal.Utils - [Utils] MethodGroupsHelper.sortMethods() took 0 ms.
2026-05-135 16:57:41 [main] INFO  org.testng.internal.Utils - [Utils] MethodGroupsHelper.collectMethodsByGroup() took 0 ms.
2026-05-135 16:57:41 [main] INFO  org.testng.internal.Utils - [Utils] MethodGroupsHelper.sortMethods() took 0 ms.
2026-05-135 16:57:41 [main] INFO  org.testng.internal.Utils - [Utils] MethodGroupsHelper.collectMethodsByGroup() took 0 ms.
2026-05-135 16:57:41 [main] INFO  org.testng.internal.Utils - [Utils] MethodGroupsHelper.sortMethods() took 0 ms.
2026-05-135 16:57:41 [main] INFO  org.testng.internal.Utils - [Utils] MethodGroupsHelper.collectMethodsByGroup() took 0 ms.
2026-05-135 16:57:41 [main] INFO  org.testng.internal.Utils - [Utils] MethodGroupsHelper.sortMethods() took 2 ms.
2026-05-135 16:57:41 [main] INFO  org.testng.internal.Utils - [Utils] MethodGroupsHelper.collectMethodsByGroup() took 0 ms.
2026-05-135 16:57:41 [main] INFO  org.testng.internal.Utils - [Utils] MethodGroupsHelper.sortMethods() took 0 ms.
2026-05-135 16:57:41 [main] INFO  org.testng.internal.Utils - [Utils] MethodGroupsHelper.collectMethodsByGroup() took 0 ms.
2026-05-135 16:57:41 [main] INFO  org.testng.internal.Utils - [Utils] MethodGroupsHelper.sortMethods() took 1 ms.
2026-05-135 16:57:41 [main] INFO  org.testng.internal.Utils - [TestNG] Running:
  C:\Users\Siddhi\AppData\Local\Temp\testng-eclipse-488675737\testng-customsuite.xml

2026-05-135 16:57:41 [main] INFO  org.testng.internal.Utils - [Utils] DynamicGraphHelper.createDynamicGraph() took 2 ms.
2026-05-135 16:57:41 [main] INFO  org.utils.qa.Log - ========================================
2026-05-135 16:57:41 [main] INFO  org.utils.qa.Log - Starting Product Search Test Suite
2026-05-135 16:57:46 [main] INFO  org.utils.qa.Log - Opening Website
2026-05-135 16:57:53 [main] INFO  org.utils.qa.Log - Login Successful
2026-05-135 16:57:58 [main] INFO  org.utils.qa.Log - Ad Popup Checked
2026-05-135 16:58:00 [main] INFO  org.utils.qa.Log - Navigated To Products Page
2026-05-135 16:58:00 [main] INFO  org.utils.qa.Log - ========================================
2026-05-135 16:58:00 [main] INFO  org.utils.qa.Log - Fetching Excel Test Data
2026-05-135 16:58:01 [main] INFO  org.utils.qa.Log - ========================================
2026-05-135 16:58:01 [main] INFO  org.utils.qa.Log - Executing Data Driven Test
2026-05-135 16:58:01 [main] INFO  org.utils.qa.Log - Keyword : Top
2026-05-135 16:58:01 [main] INFO  org.utils.qa.Log - Expected Min Result : 1.0
2026-05-135 16:58:01 [main] INFO  org.utils.qa.Log - Should Have Result : TRUE
2026-05-135 16:58:04 [main] INFO  org.utils.qa.Log - Actual Result Count : 14
2026-05-135 16:58:04 [main] INFO  org.utils.qa.Log - Expected Product Found
2026-05-135 16:58:04 [main] INFO  org.utils.qa.Log - Data Driven Test Completed
2026-05-135 16:58:04 [main] INFO  org.utils.qa.Log - ========================================
2026-05-135 16:58:05 [main] INFO  org.utils.qa.Log - ========================================
2026-05-135 16:58:05 [main] INFO  org.utils.qa.Log - Executing Data Driven Test
2026-05-135 16:58:05 [main] INFO  org.utils.qa.Log - Keyword : Dress
2026-05-135 16:58:05 [main] INFO  org.utils.qa.Log - Expected Min Result : 1.0
2026-05-135 16:58:05 [main] INFO  org.utils.qa.Log - Should Have Result : TRUE
2026-05-135 16:58:05 [main] INFO  org.testng.internal.Utils - [TestNG] Time taken by org.testng.reporters.jq.Main@463afa6e: 42 ms
2026-05-135 16:58:05 [main] INFO  org.testng.internal.Utils - [TestNG] Time taken by org.testng.reporters.FailedReporter@de77146: 7 ms
2026-05-135 16:58:05 [main] INFO  org.testng.internal.Utils - [TestNG] Time taken by org.testng.reporters.XMLReporter@61394494: 17 ms
2026-05-135 16:58:05 [main] INFO  org.testng.internal.Utils - [TestNG] Time taken by org.testng.reporters.EmailableReporter2@2313db84: 6 ms
2026-05-135 16:58:05 [main] INFO  org.testng.internal.Utils - [TestNG] Time taken by org.testng.reporters.JUnitReportReporter@6cbb7a7d: 4 ms
2026-05-135 16:58:05 [main] INFO  org.testng.internal.Utils - [TestNG] Time taken by org.testng.internal.ExitCodeListener@cdb3c85: 0 ms
2026-05-135 17:04:37 [main] INFO  org.testng.internal.Utils - [Utils] MethodGroupsHelper.collectMethodsByGroup() took 3 ms.
2026-05-135 17:04:37 [main] INFO  org.testng.internal.Utils - [Utils] MethodGroupsHelper.sortMethods() took 7 ms.
2026-05-135 17:04:37 [main] INFO  org.testng.internal.Utils - [Utils] MethodGroupsHelper.collectMethodsByGroup() took 0 ms.
2026-05-135 17:04:37 [main] INFO  org.testng.internal.Utils - [Utils] MethodGroupsHelper.sortMethods() took 0 ms.
2026-05-135 17:04:37 [main] INFO  org.testng.internal.Utils - [Utils] MethodGroupsHelper.collectMethodsByGroup() took 0 ms.
2026-05-135 17:04:37 [main] INFO  org.testng.internal.Utils - [Utils] MethodGroupsHelper.sortMethods() took 0 ms.
2026-05-135 17:04:37 [main] INFO  org.testng.internal.Utils - [Utils] MethodGroupsHelper.collectMethodsByGroup() took 0 ms.
2026-05-135 17:04:37 [main] INFO  org.testng.internal.Utils - [Utils] MethodGroupsHelper.sortMethods() took 0 ms.
2026-05-135 17:04:37 [main] INFO  org.testng.internal.Utils - [Utils] MethodGroupsHelper.collectMethodsByGroup() took 0 ms.
2026-05-135 17:04:37 [main] INFO  org.testng.internal.Utils - [Utils] MethodGroupsHelper.sortMethods() took 0 ms.
2026-05-135 17:04:37 [main] INFO  org.testng.internal.Utils - [Utils] MethodGroupsHelper.collectMethodsByGroup() took 0 ms.
2026-05-135 17:04:37 [main] INFO  org.testng.internal.Utils - [Utils] MethodGroupsHelper.sortMethods() took 0 ms.
2026-05-135 17:04:37 [main] INFO  org.testng.internal.Utils - [Utils] MethodGroupsHelper.collectMethodsByGroup() took 0 ms.
2026-05-135 17:04:37 [main] INFO  org.testng.internal.Utils - [Utils] MethodGroupsHelper.sortMethods() took 0 ms.
2026-05-135 17:04:37 [main] INFO  org.testng.internal.Utils - [Utils] MethodGroupsHelper.collectMethodsByGroup() took 0 ms.
2026-05-135 17:04:37 [main] INFO  org.testng.internal.Utils - [Utils] MethodGroupsHelper.sortMethods() took 0 ms.
2026-05-135 17:04:37 [main] INFO  org.testng.internal.Utils - [Utils] MethodGroupsHelper.collectMethodsByGroup() took 0 ms.
2026-05-135 17:04:37 [main] INFO  org.testng.internal.Utils - [Utils] MethodGroupsHelper.sortMethods() took 0 ms.
2026-05-135 17:04:37 [main] INFO  org.testng.internal.Utils - [Utils] MethodGroupsHelper.collectMethodsByGroup() took 0 ms.
2026-05-135 17:04:37 [main] INFO  org.testng.internal.Utils - [Utils] MethodGroupsHelper.sortMethods() took 0 ms.
2026-05-135 17:04:37 [main] INFO  org.testng.internal.Utils - [Utils] MethodGroupsHelper.collectMethodsByGroup() took 0 ms.
2026-05-135 17:04:37 [main] INFO  org.testng.internal.Utils - [Utils] MethodGroupsHelper.sortMethods() took 0 ms.
2026-05-135 17:04:37 [main] INFO  org.testng.internal.Utils - [Utils] MethodGroupsHelper.collectMethodsByGroup() took 0 ms.
2026-05-135 17:04:37 [main] INFO  org.testng.internal.Utils - [Utils] MethodGroupsHelper.sortMethods() took 0 ms.
2026-05-135 17:04:37 [main] INFO  org.testng.internal.Utils - [Utils] MethodGroupsHelper.collectMethodsByGroup() took 1 ms.
2026-05-135 17:04:37 [main] INFO  org.testng.internal.Utils - [Utils] MethodGroupsHelper.sortMethods() took 4 ms.
2026-05-135 17:04:37 [main] INFO  org.testng.internal.Utils - [Utils] MethodGroupsHelper.collectMethodsByGroup() took 0 ms.
2026-05-135 17:04:37 [main] INFO  org.testng.internal.Utils - [Utils] MethodGroupsHelper.sortMethods() took 0 ms.
2026-05-135 17:04:37 [main] INFO  org.testng.internal.Utils - [Utils] MethodGroupsHelper.collectMethodsByGroup() took 0 ms.
2026-05-135 17:04:37 [main] INFO  org.testng.internal.Utils - [Utils] MethodGroupsHelper.sortMethods() took 0 ms.
2026-05-135 17:04:37 [main] INFO  org.testng.internal.Utils - [TestNG] Running:
  C:\Users\Siddhi\AppData\Local\Temp\testng-eclipse-1687367775\testng-customsuite.xml

2026-05-135 17:04:37 [main] INFO  org.testng.internal.Utils - [Utils] DynamicGraphHelper.createDynamicGraph() took 1 ms.
2026-05-135 17:04:37 [main] INFO  org.utils.qa.Log - ========================================
2026-05-135 17:04:37 [main] INFO  org.utils.qa.Log - Starting Product Search Test Suite
2026-05-135 17:04:43 [main] INFO  org.utils.qa.Log - Opening Website
2026-05-135 17:04:53 [main] INFO  org.utils.qa.Log - Login Successful
2026-05-135 17:04:58 [main] INFO  org.utils.qa.Log - Ad Popup Checked
2026-05-135 17:05:02 [main] INFO  org.utils.qa.Log - Navigated To Products Page
2026-05-135 17:05:02 [main] INFO  org.utils.qa.Log - ========================================
2026-05-135 17:05:02 [main] INFO  org.utils.qa.Log - Fetching Excel Test Data
2026-05-135 17:05:03 [main] INFO  org.utils.qa.Log - ========================================
2026-05-135 17:05:03 [main] INFO  org.utils.qa.Log - Executing Data Driven Test
2026-05-135 17:05:03 [main] INFO  org.utils.qa.Log - Keyword : Top
2026-05-135 17:05:03 [main] INFO  org.utils.qa.Log - Expected Min Result : 1.0
2026-05-135 17:05:03 [main] INFO  org.utils.qa.Log - Should Have Result : TRUE
2026-05-135 17:05:07 [main] INFO  org.utils.qa.Log - Actual Result Count : 14
2026-05-135 17:05:07 [main] INFO  org.utils.qa.Log - Expected Product Found
2026-05-135 17:05:07 [main] INFO  org.utils.qa.Log - Data Driven Test Completed
2026-05-135 17:05:07 [main] INFO  org.utils.qa.Log - ========================================
2026-05-135 17:05:07 [main] INFO  org.utils.qa.Log - ========================================
2026-05-135 17:05:07 [main] INFO  org.utils.qa.Log - Executing Data Driven Test
2026-05-135 17:05:07 [main] INFO  org.utils.qa.Log - Keyword : Dress
2026-05-135 17:05:07 [main] INFO  org.utils.qa.Log - Expected Min Result : 1.0
2026-05-135 17:05:07 [main] INFO  org.utils.qa.Log - Should Have Result : TRUE
2026-05-135 17:05:11 [main] INFO  org.utils.qa.Log - Actual Result Count : 9
2026-05-135 17:05:11 [main] INFO  org.utils.qa.Log - Expected Product Found
2026-05-135 17:05:11 [main] INFO  org.utils.qa.Log - Data Driven Test Completed
2026-05-135 17:05:11 [main] INFO  org.utils.qa.Log - ========================================
2026-05-135 17:05:11 [main] INFO  org.utils.qa.Log - ========================================
2026-05-135 17:05:11 [main] INFO  org.utils.qa.Log - Executing Data Driven Test
2026-05-135 17:05:11 [main] INFO  org.utils.qa.Log - Keyword : Jeans
2026-05-135 17:05:11 [main] INFO  org.utils.qa.Log - Expected Min Result : 1.0
2026-05-135 17:05:11 [main] INFO  org.utils.qa.Log - Should Have Result : TRUE
2026-05-135 17:05:14 [main] INFO  org.utils.qa.Log - Actual Result Count : 3
2026-05-135 17:05:14 [main] INFO  org.utils.qa.Log - Expected Product Found
2026-05-135 17:05:14 [main] INFO  org.utils.qa.Log - Data Driven Test Completed
2026-05-135 17:05:14 [main] INFO  org.utils.qa.Log - ========================================
2026-05-135 17:05:14 [main] INFO  org.utils.qa.Log - ========================================
2026-05-135 17:05:14 [main] INFO  org.utils.qa.Log - Executing Data Driven Test
2026-05-135 17:05:14 [main] INFO  org.utils.qa.Log - Keyword : Blue
2026-05-135 17:05:14 [main] INFO  org.utils.qa.Log - Expected Min Result : 1.0
2026-05-135 17:05:14 [main] INFO  org.utils.qa.Log - Should Have Result : TRUE
2026-05-135 17:05:18 [main] INFO  org.utils.qa.Log - Actual Result Count : 7
2026-05-135 17:05:18 [main] INFO  org.utils.qa.Log - Expected Product Found
2026-05-135 17:05:18 [main] INFO  org.utils.qa.Log - Data Driven Test Completed
2026-05-135 17:05:18 [main] INFO  org.utils.qa.Log - ========================================
2026-05-135 17:05:18 [main] INFO  org.utils.qa.Log - ========================================
2026-05-135 17:05:18 [main] INFO  org.utils.qa.Log - Executing Data Driven Test
2026-05-135 17:05:18 [main] INFO  org.utils.qa.Log - Keyword : shirt
2026-05-135 17:05:18 [main] INFO  org.utils.qa.Log - Expected Min Result : 1.0
2026-05-135 17:05:18 [main] INFO  org.utils.qa.Log - Should Have Result : TRUE
2026-05-135 17:05:21 [main] INFO  org.utils.qa.Log - Actual Result Count : 13
2026-05-135 17:05:21 [main] INFO  org.utils.qa.Log - Expected Product Found
2026-05-135 17:05:21 [main] INFO  org.utils.qa.Log - Data Driven Test Completed
2026-05-135 17:05:21 [main] INFO  org.utils.qa.Log - ========================================
2026-05-135 17:05:21 [main] INFO  org.utils.qa.Log - ========================================
2026-05-135 17:05:21 [main] INFO  org.utils.qa.Log - Executing Data Driven Test
2026-05-135 17:05:21 [main] INFO  org.utils.qa.Log - Keyword : SAREE
2026-05-135 17:05:21 [main] INFO  org.utils.qa.Log - Expected Min Result : 1.0
2026-05-135 17:05:21 [main] INFO  org.utils.qa.Log - Should Have Result : TRUE
2026-05-135 17:05:23 [main] INFO  org.utils.qa.Log - Actual Result Count : 3
2026-05-135 17:05:23 [main] INFO  org.utils.qa.Log - Expected Product Found
2026-05-135 17:05:23 [main] INFO  org.utils.qa.Log - Data Driven Test Completed
2026-05-135 17:05:23 [main] INFO  org.utils.qa.Log - ========================================
2026-05-135 17:05:23 [main] INFO  org.utils.qa.Log - ========================================
2026-05-135 17:05:23 [main] INFO  org.utils.qa.Log - Executing Data Driven Test
2026-05-135 17:05:23 [main] INFO  org.utils.qa.Log - Keyword : T-shirt
2026-05-135 17:05:23 [main] INFO  org.utils.qa.Log - Expected Min Result : 1.0
2026-05-135 17:05:23 [main] INFO  org.utils.qa.Log - Should Have Result : TRUE
2026-05-135 17:05:26 [main] INFO  org.utils.qa.Log - Actual Result Count : 3
2026-05-135 17:05:26 [main] INFO  org.utils.qa.Log - Expected Product Found
2026-05-135 17:05:26 [main] INFO  org.utils.qa.Log - Data Driven Test Completed
2026-05-135 17:05:26 [main] INFO  org.utils.qa.Log - ========================================
2026-05-135 17:05:26 [main] INFO  org.utils.qa.Log - ========================================
2026-05-135 17:05:26 [main] INFO  org.utils.qa.Log - Executing Data Driven Test
2026-05-135 17:05:26 [main] INFO  org.utils.qa.Log - Keyword : xyzabc123
2026-05-135 17:05:26 [main] INFO  org.utils.qa.Log - Expected Min Result : 0.0
2026-05-135 17:05:26 [main] INFO  org.utils.qa.Log - Should Have Result : FALSE
2026-05-135 17:05:53 [main] INFO  org.utils.qa.Log - ========================================
2026-05-135 17:05:53 [main] INFO  org.utils.qa.Log - Executing Data Driven Test
2026-05-135 17:05:53 [main] INFO  org.utils.qa.Log - Keyword : @#$%
2026-05-135 17:05:53 [main] INFO  org.utils.qa.Log - Expected Min Result : 0.0
2026-05-135 17:05:53 [main] INFO  org.utils.qa.Log - Should Have Result : FALSE
2026-05-135 17:06:22 [main] INFO  org.utils.qa.Log - Executing TC001 : verifySearchBoxVisible
2026-05-135 17:06:22 [main] INFO  org.utils.qa.Log - Search Box Is Displayed
2026-05-135 17:06:22 [main] INFO  org.utils.qa.Log - Executing TC002 : verifySearchButtonVisible
2026-05-135 17:06:22 [main] INFO  org.utils.qa.Log - Search Button Is Displayed
2026-05-135 17:06:22 [main] INFO  org.utils.qa.Log - Executing TC003 : searchValidProduct
2026-05-135 17:06:22 [main] INFO  org.utils.qa.Log - Searching Product : Dress
2026-05-135 17:06:25 [main] INFO  org.utils.qa.Log - Fetching Search Result Count
2026-05-135 17:06:25 [main] INFO  org.utils.qa.Log - Valid Product Search Successful
2026-05-135 17:06:25 [main] INFO  org.utils.qa.Log - Executing TC004 : verifySearchResultKeyword
2026-05-135 17:06:25 [main] INFO  org.utils.qa.Log - Searching Product : Jeans
2026-05-135 17:06:27 [main] INFO  org.utils.qa.Log - Keyword Verified Successfully
2026-05-135 17:06:27 [main] INFO  org.utils.qa.Log - Executing TC005 : invalidSearch
2026-05-135 17:06:27 [main] INFO  org.utils.qa.Log - Searching Invalid Product : xyz123
2026-05-135 17:06:54 [main] INFO  org.utils.qa.Log - Executing TC006 : openProductDetailPage
2026-05-135 17:06:54 [main] INFO  org.utils.qa.Log - Searching Product : Top
2026-05-135 17:06:56 [main] INFO  org.utils.qa.Log - Opening Product Detail Page
2026-05-135 17:06:58 [main] INFO  org.utils.qa.Log - Product Detail Page Opened Successfully
2026-05-135 17:06:58 [main] INFO  org.testng.internal.Utils - [TestNG] Time taken by org.testng.reporters.jq.Main@2d3c501b: 46 ms
2026-05-135 17:06:58 [main] INFO  org.testng.internal.Utils - [TestNG] Time taken by org.testng.reporters.FailedReporter@44106e25: 9 ms
2026-05-135 17:06:58 [main] INFO  org.testng.internal.Utils - [TestNG] Time taken by org.testng.reporters.XMLReporter@60b553f: 12 ms
2026-05-135 17:06:58 [main] INFO  org.testng.internal.Utils - [TestNG] Time taken by org.testng.reporters.EmailableReporter2@3cb49121: 6 ms
2026-05-135 17:06:58 [main] INFO  org.testng.internal.Utils - [TestNG] Time taken by org.testng.reporters.JUnitReportReporter@cfb94fd: 9 ms
2026-05-135 17:06:58 [main] INFO  org.testng.internal.Utils - [TestNG] Time taken by org.testng.internal.ExitCodeListener@4ebd8d2: 0 ms
2026-05-135 17:17:49 [main] INFO  org.testng.internal.Utils - [Utils] MethodGroupsHelper.collectMethodsByGroup() took 4 ms.
2026-05-135 17:17:49 [main] INFO  org.testng.internal.Utils - [Utils] MethodGroupsHelper.sortMethods() took 5 ms.
2026-05-135 17:17:49 [main] INFO  org.testng.internal.Utils - [Utils] MethodGroupsHelper.collectMethodsByGroup() took 0 ms.
2026-05-135 17:17:49 [main] INFO  org.testng.internal.Utils - [Utils] MethodGroupsHelper.sortMethods() took 0 ms.
2026-05-135 17:17:49 [main] INFO  org.testng.internal.Utils - [Utils] MethodGroupsHelper.collectMethodsByGroup() took 0 ms.
2026-05-135 17:17:49 [main] INFO  org.testng.internal.Utils - [Utils] MethodGroupsHelper.sortMethods() took 0 ms.
2026-05-135 17:17:49 [main] INFO  org.testng.internal.Utils - [Utils] MethodGroupsHelper.collectMethodsByGroup() took 0 ms.
2026-05-135 17:17:49 [main] INFO  org.testng.internal.Utils - [Utils] MethodGroupsHelper.sortMethods() took 0 ms.
2026-05-135 17:17:49 [main] INFO  org.testng.internal.Utils - [Utils] MethodGroupsHelper.collectMethodsByGroup() took 0 ms.
2026-05-135 17:17:49 [main] INFO  org.testng.internal.Utils - [Utils] MethodGroupsHelper.sortMethods() took 1 ms.
2026-05-135 17:17:49 [main] INFO  org.testng.internal.Utils - [Utils] MethodGroupsHelper.collectMethodsByGroup() took 0 ms.
2026-05-135 17:17:49 [main] INFO  org.testng.internal.Utils - [Utils] MethodGroupsHelper.sortMethods() took 0 ms.
2026-05-135 17:17:49 [main] INFO  org.testng.internal.Utils - [Utils] MethodGroupsHelper.collectMethodsByGroup() took 0 ms.
2026-05-135 17:17:49 [main] INFO  org.testng.internal.Utils - [Utils] MethodGroupsHelper.sortMethods() took 0 ms.
2026-05-135 17:17:49 [main] INFO  org.testng.internal.Utils - [Utils] MethodGroupsHelper.collectMethodsByGroup() took 0 ms.
2026-05-135 17:17:49 [main] INFO  org.testng.internal.Utils - [Utils] MethodGroupsHelper.sortMethods() took 0 ms.
2026-05-135 17:17:49 [main] INFO  org.testng.internal.Utils - [Utils] MethodGroupsHelper.collectMethodsByGroup() took 0 ms.
2026-05-135 17:17:49 [main] INFO  org.testng.internal.Utils - [Utils] MethodGroupsHelper.sortMethods() took 0 ms.
2026-05-135 17:17:49 [main] INFO  org.testng.internal.Utils - [Utils] MethodGroupsHelper.collectMethodsByGroup() took 0 ms.
2026-05-135 17:17:49 [main] INFO  org.testng.internal.Utils - [Utils] MethodGroupsHelper.sortMethods() took 1 ms.
2026-05-135 17:17:49 [main] INFO  org.testng.internal.Utils - [Utils] MethodGroupsHelper.collectMethodsByGroup() took 0 ms.
2026-05-135 17:17:49 [main] INFO  org.testng.internal.Utils - [Utils] MethodGroupsHelper.sortMethods() took 0 ms.
2026-05-135 17:17:49 [main] INFO  org.testng.internal.Utils - [Utils] MethodGroupsHelper.collectMethodsByGroup() took 0 ms.
2026-05-135 17:17:49 [main] INFO  org.testng.internal.Utils - [Utils] MethodGroupsHelper.sortMethods() took 0 ms.
2026-05-135 17:17:49 [main] INFO  org.testng.internal.Utils - [Utils] MethodGroupsHelper.collectMethodsByGroup() took 1 ms.
2026-05-135 17:17:49 [main] INFO  org.testng.internal.Utils - [Utils] MethodGroupsHelper.sortMethods() took 2 ms.
2026-05-135 17:17:49 [main] INFO  org.testng.internal.Utils - [Utils] MethodGroupsHelper.collectMethodsByGroup() took 0 ms.
2026-05-135 17:17:49 [main] INFO  org.testng.internal.Utils - [Utils] MethodGroupsHelper.sortMethods() took 0 ms.
2026-05-135 17:17:49 [main] INFO  org.testng.internal.Utils - [Utils] MethodGroupsHelper.collectMethodsByGroup() took 0 ms.
2026-05-135 17:17:49 [main] INFO  org.testng.internal.Utils - [Utils] MethodGroupsHelper.sortMethods() took 0 ms.
2026-05-135 17:17:49 [main] INFO  org.testng.internal.Utils - [TestNG] Running:
  C:\Users\Siddhi\AppData\Local\Temp\testng-eclipse--480176712\testng-customsuite.xml

2026-05-135 17:17:50 [main] INFO  org.testng.internal.Utils - [Utils] DynamicGraphHelper.createDynamicGraph() took 2 ms.
2026-05-135 17:17:50 [main] INFO  org.utils.qa.Log - ========================================
2026-05-135 17:17:50 [main] INFO  org.utils.qa.Log - Starting Product Search Test Suite
2026-05-135 17:17:54 [main] INFO  org.utils.qa.Log - Opening Website
2026-05-135 17:18:04 [main] INFO  org.utils.qa.Log - Login Successful
2026-05-135 17:18:09 [main] INFO  org.utils.qa.Log - Ad Popup Checked
2026-05-135 17:18:12 [main] INFO  org.utils.qa.Log - Navigated To Products Page
2026-05-135 17:18:12 [main] INFO  org.utils.qa.Log - ========================================
2026-05-135 17:18:12 [main] INFO  org.utils.qa.Log - Fetching Excel Test Data
2026-05-135 17:18:12 [main] INFO  org.utils.qa.Log - ========================================
2026-05-135 17:18:12 [main] INFO  org.utils.qa.Log - Executing Data Driven Test
2026-05-135 17:18:12 [main] INFO  org.utils.qa.Log - Keyword : Top
2026-05-135 17:18:12 [main] INFO  org.utils.qa.Log - Expected Min Result : 1.0
2026-05-135 17:18:12 [main] INFO  org.utils.qa.Log - Should Have Result : TRUE
2026-05-135 17:18:15 [main] INFO  org.utils.qa.Log - Actual Result Count : 14
2026-05-135 17:18:15 [main] INFO  org.utils.qa.Log - Expected Product Found
2026-05-135 17:18:15 [main] INFO  org.utils.qa.Log - Data Driven Test Completed
2026-05-135 17:18:15 [main] INFO  org.utils.qa.Log - ========================================
2026-05-135 17:18:15 [main] INFO  org.utils.qa.Log - ========================================
2026-05-135 17:18:15 [main] INFO  org.utils.qa.Log - Executing Data Driven Test
2026-05-135 17:18:15 [main] INFO  org.utils.qa.Log - Keyword : Dress
2026-05-135 17:18:15 [main] INFO  org.utils.qa.Log - Expected Min Result : 1.0
2026-05-135 17:18:15 [main] INFO  org.utils.qa.Log - Should Have Result : TRUE
2026-05-135 17:18:19 [main] INFO  org.utils.qa.Log - Actual Result Count : 9
2026-05-135 17:18:19 [main] INFO  org.utils.qa.Log - Expected Product Found
2026-05-135 17:18:19 [main] INFO  org.utils.qa.Log - Data Driven Test Completed
2026-05-135 17:18:19 [main] INFO  org.utils.qa.Log - ========================================
2026-05-135 17:18:19 [main] INFO  org.utils.qa.Log - ========================================
2026-05-135 17:18:19 [main] INFO  org.utils.qa.Log - Executing Data Driven Test
2026-05-135 17:18:19 [main] INFO  org.utils.qa.Log - Keyword : Jeans
2026-05-135 17:18:19 [main] INFO  org.utils.qa.Log - Expected Min Result : 1.0
2026-05-135 17:18:19 [main] INFO  org.utils.qa.Log - Should Have Result : TRUE
2026-05-135 17:18:22 [main] INFO  org.utils.qa.Log - Actual Result Count : 3
2026-05-135 17:18:22 [main] INFO  org.utils.qa.Log - Expected Product Found
2026-05-135 17:18:22 [main] INFO  org.utils.qa.Log - Data Driven Test Completed
2026-05-135 17:18:22 [main] INFO  org.utils.qa.Log - ========================================
2026-05-135 17:18:22 [main] INFO  org.utils.qa.Log - ========================================
2026-05-135 17:18:22 [main] INFO  org.utils.qa.Log - Executing Data Driven Test
2026-05-135 17:18:22 [main] INFO  org.utils.qa.Log - Keyword : Blue
2026-05-135 17:18:22 [main] INFO  org.utils.qa.Log - Expected Min Result : 1.0
2026-05-135 17:18:22 [main] INFO  org.utils.qa.Log - Should Have Result : TRUE
2026-05-135 17:18:26 [main] INFO  org.utils.qa.Log - Actual Result Count : 7
2026-05-135 17:18:26 [main] INFO  org.utils.qa.Log - Expected Product Found
2026-05-135 17:18:26 [main] INFO  org.utils.qa.Log - Data Driven Test Completed
2026-05-135 17:18:26 [main] INFO  org.utils.qa.Log - ========================================
2026-05-135 17:18:26 [main] INFO  org.utils.qa.Log - ========================================
2026-05-135 17:18:26 [main] INFO  org.utils.qa.Log - Executing Data Driven Test
2026-05-135 17:18:26 [main] INFO  org.utils.qa.Log - Keyword : shirt
2026-05-135 17:18:26 [main] INFO  org.utils.qa.Log - Expected Min Result : 1.0
2026-05-135 17:18:26 [main] INFO  org.utils.qa.Log - Should Have Result : TRUE
2026-05-135 17:18:29 [main] INFO  org.utils.qa.Log - Actual Result Count : 13
2026-05-135 17:18:29 [main] INFO  org.utils.qa.Log - Expected Product Found
2026-05-135 17:18:29 [main] INFO  org.utils.qa.Log - Data Driven Test Completed
2026-05-135 17:18:29 [main] INFO  org.utils.qa.Log - ========================================
2026-05-135 17:18:29 [main] INFO  org.utils.qa.Log - ========================================
2026-05-135 17:18:29 [main] INFO  org.utils.qa.Log - Executing Data Driven Test
2026-05-135 17:18:29 [main] INFO  org.utils.qa.Log - Keyword : SAREE
2026-05-135 17:18:29 [main] INFO  org.utils.qa.Log - Expected Min Result : 1.0
2026-05-135 17:18:29 [main] INFO  org.utils.qa.Log - Should Have Result : TRUE
2026-05-135 17:18:31 [main] INFO  org.utils.qa.Log - Actual Result Count : 3
2026-05-135 17:18:31 [main] INFO  org.utils.qa.Log - Expected Product Found
2026-05-135 17:18:31 [main] INFO  org.utils.qa.Log - Data Driven Test Completed
2026-05-135 17:18:31 [main] INFO  org.utils.qa.Log - ========================================
2026-05-135 17:18:31 [main] INFO  org.utils.qa.Log - ========================================
2026-05-135 17:18:31 [main] INFO  org.utils.qa.Log - Executing Data Driven Test
2026-05-135 17:18:31 [main] INFO  org.utils.qa.Log - Keyword : T-shirt
2026-05-135 17:18:31 [main] INFO  org.utils.qa.Log - Expected Min Result : 1.0
2026-05-135 17:18:31 [main] INFO  org.utils.qa.Log - Should Have Result : TRUE
2026-05-135 17:18:33 [main] INFO  org.utils.qa.Log - Actual Result Count : 3
2026-05-135 17:18:33 [main] INFO  org.utils.qa.Log - Expected Product Found
2026-05-135 17:18:33 [main] INFO  org.utils.qa.Log - Data Driven Test Completed
2026-05-135 17:18:33 [main] INFO  org.utils.qa.Log - ========================================
2026-05-135 17:18:33 [main] INFO  org.utils.qa.Log - ========================================
2026-05-135 17:18:33 [main] INFO  org.utils.qa.Log - Executing Data Driven Test
2026-05-135 17:18:33 [main] INFO  org.utils.qa.Log - Keyword : xyzabc123
2026-05-135 17:18:33 [main] INFO  org.utils.qa.Log - Expected Min Result : 0.0
2026-05-135 17:18:33 [main] INFO  org.utils.qa.Log - Should Have Result : FALSE
2026-05-135 17:19:02 [main] INFO  org.utils.qa.Log - Actual Result Count : 0
2026-05-135 17:19:02 [main] INFO  org.utils.qa.Log - No Product Found As Expected
2026-05-135 17:19:02 [main] INFO  org.utils.qa.Log - Data Driven Test Completed
2026-05-135 17:19:02 [main] INFO  org.utils.qa.Log - ========================================
2026-05-135 17:19:02 [main] INFO  org.utils.qa.Log - ========================================
2026-05-135 17:19:02 [main] INFO  org.utils.qa.Log - Executing Data Driven Test
2026-05-135 17:19:02 [main] INFO  org.utils.qa.Log - Keyword : @#$%
2026-05-135 17:19:02 [main] INFO  org.utils.qa.Log - Expected Min Result : 0.0
2026-05-135 17:19:02 [main] INFO  org.utils.qa.Log - Should Have Result : FALSE
2026-05-135 17:19:30 [main] INFO  org.utils.qa.Log - Actual Result Count : 0
2026-05-135 17:19:30 [main] INFO  org.utils.qa.Log - No Product Found As Expected
2026-05-135 17:19:30 [main] INFO  org.utils.qa.Log - Data Driven Test Completed
2026-05-135 17:19:30 [main] INFO  org.utils.qa.Log - ========================================
2026-05-135 17:19:30 [main] INFO  org.utils.qa.Log - Executing TC001 : verifySearchBoxVisible
2026-05-135 17:19:30 [main] INFO  org.utils.qa.Log - Search Box Is Displayed
2026-05-135 17:19:30 [main] INFO  org.utils.qa.Log - Executing TC002 : verifySearchButtonVisible
2026-05-135 17:19:30 [main] INFO  org.utils.qa.Log - Search Button Is Displayed
2026-05-135 17:19:30 [main] INFO  org.utils.qa.Log - Executing TC003 : searchValidProduct
2026-05-135 17:19:30 [main] INFO  org.utils.qa.Log - Searching Product : Dress
2026-05-135 17:19:33 [main] INFO  org.utils.qa.Log - Fetching Search Result Count
2026-05-135 17:19:33 [main] INFO  org.utils.qa.Log - Valid Product Search Successful
2026-05-135 17:19:33 [main] INFO  org.utils.qa.Log - Executing TC004 : verifySearchResultKeyword
2026-05-135 17:19:33 [main] INFO  org.utils.qa.Log - Searching Product : Jeans
2026-05-135 17:19:36 [main] INFO  org.utils.qa.Log - Keyword Verified Successfully
2026-05-135 17:19:36 [main] INFO  org.utils.qa.Log - Executing TC005 : invalidSearch
2026-05-135 17:19:36 [main] INFO  org.utils.qa.Log - Searching Invalid Product : xyz123
2026-05-135 17:20:04 [main] INFO  org.utils.qa.Log - Invalid Search Verified Successfully
2026-05-135 17:20:04 [main] INFO  org.utils.qa.Log - Executing TC006 : openProductDetailPage
2026-05-135 17:20:04 [main] INFO  org.utils.qa.Log - Searching Product : Top
2026-05-135 17:20:07 [main] INFO  org.utils.qa.Log - Opening Product Detail Page
2026-05-135 17:20:08 [main] INFO  org.testng.internal.Utils - [TestNG] Time taken by org.testng.reporters.jq.Main@55e5415d: 42 ms
2026-05-135 17:20:08 [main] INFO  org.testng.internal.Utils - [TestNG] Time taken by org.testng.reporters.FailedReporter@2d2a8819: 8 ms
2026-05-135 17:20:08 [main] INFO  org.testng.internal.Utils - [TestNG] Time taken by org.testng.reporters.XMLReporter@55397d15: 11 ms
2026-05-135 17:20:08 [main] INFO  org.testng.internal.Utils - [TestNG] Time taken by org.testng.reporters.EmailableReporter2@737ff5c4: 4 ms
2026-05-135 17:20:08 [main] INFO  org.testng.internal.Utils - [TestNG] Time taken by org.testng.reporters.JUnitReportReporter@7831d1aa: 3 ms
2026-05-135 17:20:08 [main] INFO  org.testng.internal.Utils - [TestNG] Time taken by org.testng.internal.ExitCodeListener@3a69014e: 0 ms
2026-05-135 17:25:39 [main] INFO  org.testng.internal.Utils - [Utils] MethodGroupsHelper.collectMethodsByGroup() took 5 ms.
2026-05-135 17:25:39 [main] INFO  org.testng.internal.Utils - [Utils] MethodGroupsHelper.sortMethods() took 5 ms.
2026-05-135 17:25:39 [main] INFO  org.testng.internal.Utils - [Utils] MethodGroupsHelper.collectMethodsByGroup() took 0 ms.
2026-05-135 17:25:39 [main] INFO  org.testng.internal.Utils - [Utils] MethodGroupsHelper.sortMethods() took 1 ms.
2026-05-135 17:25:39 [main] INFO  org.testng.internal.Utils - [Utils] MethodGroupsHelper.collectMethodsByGroup() took 0 ms.
2026-05-135 17:25:39 [main] INFO  org.testng.internal.Utils - [Utils] MethodGroupsHelper.sortMethods() took 0 ms.
2026-05-135 17:25:39 [main] INFO  org.testng.internal.Utils - [Utils] MethodGroupsHelper.collectMethodsByGroup() took 0 ms.
2026-05-135 17:25:39 [main] INFO  org.testng.internal.Utils - [Utils] MethodGroupsHelper.sortMethods() took 0 ms.
2026-05-135 17:25:39 [main] INFO  org.testng.internal.Utils - [Utils] MethodGroupsHelper.collectMethodsByGroup() took 0 ms.
2026-05-135 17:25:39 [main] INFO  org.testng.internal.Utils - [Utils] MethodGroupsHelper.sortMethods() took 0 ms.
2026-05-135 17:25:39 [main] INFO  org.testng.internal.Utils - [Utils] MethodGroupsHelper.collectMethodsByGroup() took 0 ms.
2026-05-135 17:25:39 [main] INFO  org.testng.internal.Utils - [Utils] MethodGroupsHelper.sortMethods() took 0 ms.
2026-05-135 17:25:39 [main] INFO  org.testng.internal.Utils - [Utils] MethodGroupsHelper.collectMethodsByGroup() took 0 ms.
2026-05-135 17:25:39 [main] INFO  org.testng.internal.Utils - [Utils] MethodGroupsHelper.sortMethods() took 0 ms.
2026-05-135 17:25:39 [main] INFO  org.testng.internal.Utils - [Utils] MethodGroupsHelper.collectMethodsByGroup() took 0 ms.
2026-05-135 17:25:39 [main] INFO  org.testng.internal.Utils - [Utils] MethodGroupsHelper.sortMethods() took 0 ms.
2026-05-135 17:25:39 [main] INFO  org.testng.internal.Utils - [Utils] MethodGroupsHelper.collectMethodsByGroup() took 0 ms.
2026-05-135 17:25:39 [main] INFO  org.testng.internal.Utils - [Utils] MethodGroupsHelper.sortMethods() took 1 ms.
2026-05-135 17:25:39 [main] INFO  org.testng.internal.Utils - [Utils] MethodGroupsHelper.collectMethodsByGroup() took 0 ms.
2026-05-135 17:25:39 [main] INFO  org.testng.internal.Utils - [Utils] MethodGroupsHelper.sortMethods() took 0 ms.
2026-05-135 17:25:39 [main] INFO  org.testng.internal.Utils - [Utils] MethodGroupsHelper.collectMethodsByGroup() took 0 ms.
2026-05-135 17:25:39 [main] INFO  org.testng.internal.Utils - [Utils] MethodGroupsHelper.sortMethods() took 0 ms.
2026-05-135 17:25:39 [main] INFO  org.testng.internal.Utils - [Utils] MethodGroupsHelper.collectMethodsByGroup() took 0 ms.
2026-05-135 17:25:39 [main] INFO  org.testng.internal.Utils - [Utils] MethodGroupsHelper.sortMethods() took 0 ms.
2026-05-135 17:25:39 [main] INFO  org.testng.internal.Utils - [Utils] MethodGroupsHelper.collectMethodsByGroup() took 3 ms.
2026-05-135 17:25:39 [main] INFO  org.testng.internal.Utils - [Utils] MethodGroupsHelper.sortMethods() took 0 ms.
2026-05-135 17:25:39 [main] INFO  org.testng.internal.Utils - [Utils] MethodGroupsHelper.collectMethodsByGroup() took 0 ms.
2026-05-135 17:25:39 [main] INFO  org.testng.internal.Utils - [Utils] MethodGroupsHelper.sortMethods() took 0 ms.
2026-05-135 17:25:39 [main] INFO  org.testng.internal.Utils - [Utils] MethodGroupsHelper.collectMethodsByGroup() took 1 ms.
2026-05-135 17:25:39 [main] INFO  org.testng.internal.Utils - [Utils] MethodGroupsHelper.sortMethods() took 0 ms.
2026-05-135 17:25:39 [main] INFO  org.testng.internal.Utils - [TestNG] Running:
  C:\Users\Siddhi\AppData\Local\Temp\testng-eclipse-496974936\testng-customsuite.xml

2026-05-135 17:25:39 [main] INFO  org.testng.internal.Utils - [Utils] DynamicGraphHelper.createDynamicGraph() took 2 ms.
2026-05-135 17:25:39 [main] INFO  org.utils.qa.Log - ========================================
2026-05-135 17:25:39 [main] INFO  org.utils.qa.Log - Starting Product Search Test Suite
2026-05-135 17:25:44 [main] INFO  org.utils.qa.Log - Opening Website
2026-05-135 17:25:48 [main] INFO  org.utils.qa.Log - Login Successful
2026-05-135 17:25:57 [main] INFO  org.utils.qa.Log - Ad Popup Checked
2026-05-135 17:26:00 [main] INFO  org.utils.qa.Log - Navigated To Products Page
2026-05-135 17:26:00 [main] INFO  org.utils.qa.Log - ========================================
2026-05-135 17:26:00 [main] INFO  org.utils.qa.Log - Executing TC006 : openProductDetailPage
2026-05-135 17:26:00 [main] INFO  org.utils.qa.Log - Searching Product : Top
2026-05-135 17:26:02 [main] INFO  org.utils.qa.Log - Opening Product Detail Page
2026-05-135 17:26:05 [main] INFO  org.utils.qa.Log - Product Detail Page Opened Successfully
2026-05-135 17:26:05 [main] INFO  org.testng.internal.Utils - [TestNG] Time taken by org.testng.reporters.jq.Main@72976b4: 29 ms
2026-05-135 17:26:05 [main] INFO  org.testng.internal.Utils - [TestNG] Time taken by org.testng.reporters.FailedReporter@e280403: 1 ms
2026-05-135 17:26:05 [main] INFO  org.testng.internal.Utils - [TestNG] Time taken by org.testng.reporters.XMLReporter@7a9eccc4: 4 ms
2026-05-135 17:26:05 [main] INFO  org.testng.internal.Utils - [TestNG] Time taken by org.testng.reporters.EmailableReporter2@39f5b723: 5 ms
2026-05-135 17:26:05 [main] INFO  org.testng.internal.Utils - [TestNG] Time taken by org.testng.reporters.JUnitReportReporter@27a09971: 3 ms
2026-05-135 17:26:05 [main] INFO  org.testng.internal.Utils - [TestNG] Time taken by org.testng.internal.ExitCodeListener@6215366a: 0 ms
2026-05-135 18:29:00 [main] INFO  org.testng.internal.Utils - [Utils] MethodGroupsHelper.collectMethodsByGroup() took 0 ms.
2026-05-135 18:29:00 [main] INFO  org.testng.internal.Utils - [Utils] MethodGroupsHelper.sortMethods() took 4 ms.
2026-05-135 18:29:00 [main] INFO  org.testng.internal.Utils - [Utils] MethodGroupsHelper.collectMethodsByGroup() took 0 ms.
2026-05-135 18:29:00 [main] INFO  org.testng.internal.Utils - [Utils] MethodGroupsHelper.sortMethods() took 0 ms.
2026-05-135 18:29:00 [main] INFO  org.testng.internal.Utils - [Utils] MethodGroupsHelper.collectMethodsByGroup() took 0 ms.
2026-05-135 18:29:00 [main] INFO  org.testng.internal.Utils - [Utils] MethodGroupsHelper.sortMethods() took 0 ms.
2026-05-135 18:29:00 [main] INFO  org.testng.internal.Utils - [Utils] MethodGroupsHelper.collectMethodsByGroup() took 0 ms.
2026-05-135 18:29:00 [main] INFO  org.testng.internal.Utils - [Utils] MethodGroupsHelper.sortMethods() took 0 ms.
2026-05-135 18:29:00 [main] INFO  org.testng.internal.Utils - [Utils] MethodGroupsHelper.collectMethodsByGroup() took 8 ms.
2026-05-135 18:29:00 [main] INFO  org.testng.internal.Utils - [Utils] MethodGroupsHelper.sortMethods() took 8 ms.
2026-05-135 18:29:00 [main] INFO  org.testng.internal.Utils - [Utils] MethodGroupsHelper.collectMethodsByGroup() took 0 ms.
2026-05-135 18:29:00 [main] INFO  org.testng.internal.Utils - [Utils] MethodGroupsHelper.sortMethods() took 0 ms.
2026-05-135 18:29:00 [main] INFO  org.testng.internal.Utils - [Utils] MethodGroupsHelper.collectMethodsByGroup() took 0 ms.
2026-05-135 18:29:00 [main] INFO  org.testng.internal.Utils - [Utils] MethodGroupsHelper.sortMethods() took 0 ms.
2026-05-135 18:29:00 [main] INFO  org.testng.internal.Utils - [Utils] MethodGroupsHelper.collectMethodsByGroup() took 0 ms.
2026-05-135 18:29:00 [main] INFO  org.testng.internal.Utils - [Utils] MethodGroupsHelper.sortMethods() took 0 ms.
2026-05-135 18:29:00 [main] INFO  org.testng.internal.Utils - [Utils] MethodGroupsHelper.collectMethodsByGroup() took 0 ms.
2026-05-135 18:29:00 [main] INFO  org.testng.internal.Utils - [Utils] MethodGroupsHelper.sortMethods() took 0 ms.
2026-05-135 18:29:00 [main] INFO  org.testng.internal.Utils - [Utils] MethodGroupsHelper.collectMethodsByGroup() took 0 ms.
2026-05-135 18:29:00 [main] INFO  org.testng.internal.Utils - [Utils] MethodGroupsHelper.sortMethods() took 0 ms.
2026-05-135 18:29:00 [main] INFO  org.testng.internal.Utils - [Utils] MethodGroupsHelper.collectMethodsByGroup() took 0 ms.
2026-05-135 18:29:00 [main] INFO  org.testng.internal.Utils - [Utils] MethodGroupsHelper.sortMethods() took 0 ms.
2026-05-135 18:29:00 [main] INFO  org.testng.internal.Utils - [Utils] MethodGroupsHelper.collectMethodsByGroup() took 0 ms.
2026-05-135 18:29:00 [main] INFO  org.testng.internal.Utils - [Utils] MethodGroupsHelper.sortMethods() took 0 ms.
2026-05-135 18:29:00 [main] INFO  org.testng.internal.Utils - [Utils] MethodGroupsHelper.collectMethodsByGroup() took 1 ms.
2026-05-135 18:29:00 [main] INFO  org.testng.internal.Utils - [Utils] MethodGroupsHelper.sortMethods() took 5 ms.
2026-05-135 18:29:00 [main] INFO  org.testng.internal.Utils - [Utils] MethodGroupsHelper.collectMethodsByGroup() took 0 ms.
2026-05-135 18:29:00 [main] INFO  org.testng.internal.Utils - [Utils] MethodGroupsHelper.sortMethods() took 0 ms.
2026-05-135 18:29:00 [main] INFO  org.testng.internal.Utils - [Utils] MethodGroupsHelper.collectMethodsByGroup() took 0 ms.
2026-05-135 18:29:00 [main] INFO  org.testng.internal.Utils - [Utils] MethodGroupsHelper.sortMethods() took 0 ms.
2026-05-135 18:29:00 [main] INFO  org.testng.internal.Utils - [TestNG] Running:
  C:\Users\Siddhi\AppData\Local\Temp\testng-eclipse--2067751963\testng-customsuite.xml

2026-05-135 18:29:00 [main] INFO  org.testng.internal.Utils - [Utils] DynamicGraphHelper.createDynamicGraph() took 4 ms.
2026-05-135 18:29:00 [main] INFO  org.utils.qa.Log - ========================================
2026-05-135 18:29:00 [main] INFO  org.utils.qa.Log - Starting Cart & Checkout Test Suite
2026-05-135 18:29:00 [main] INFO  org.utils.qa.Log - Opening Website
2026-05-135 18:29:00 [main] INFO  org.testng.internal.Utils - [TestNG] Time taken by org.testng.reporters.jq.Main@7ef2d7a6: 62 ms
2026-05-135 18:29:00 [main] INFO  org.testng.internal.Utils - [TestNG] Time taken by org.testng.reporters.FailedReporter@62417a16: 14 ms
2026-05-135 18:29:00 [main] INFO  org.testng.internal.Utils - [TestNG] Time taken by org.testng.reporters.XMLReporter@54107f42: 16 ms
2026-05-135 18:29:00 [main] INFO  org.testng.internal.Utils - [TestNG] Time taken by org.testng.reporters.EmailableReporter2@19b30c92: 13 ms
2026-05-135 18:29:00 [main] INFO  org.testng.internal.Utils - [TestNG] Time taken by org.testng.reporters.JUnitReportReporter@379ab47b: 7 ms
2026-05-135 18:29:00 [main] INFO  org.testng.internal.Utils - [TestNG] Time taken by org.testng.internal.ExitCodeListener@307765b4: 0 ms
2026-05-135 18:36:20 [main] INFO  org.testng.internal.Utils - [Utils] MethodGroupsHelper.collectMethodsByGroup() took 1 ms.
2026-05-135 18:36:20 [main] INFO  org.testng.internal.Utils - [Utils] MethodGroupsHelper.sortMethods() took 1 ms.
2026-05-135 18:36:20 [main] INFO  org.testng.internal.Utils - [Utils] MethodGroupsHelper.collectMethodsByGroup() took 0 ms.
2026-05-135 18:36:20 [main] INFO  org.testng.internal.Utils - [Utils] MethodGroupsHelper.sortMethods() took 0 ms.
2026-05-135 18:36:20 [main] INFO  org.testng.internal.Utils - [Utils] MethodGroupsHelper.collectMethodsByGroup() took 0 ms.
2026-05-135 18:36:20 [main] INFO  org.testng.internal.Utils - [Utils] MethodGroupsHelper.sortMethods() took 0 ms.
2026-05-135 18:36:20 [main] INFO  org.testng.internal.Utils - [Utils] MethodGroupsHelper.collectMethodsByGroup() took 0 ms.
2026-05-135 18:36:20 [main] INFO  org.testng.internal.Utils - [Utils] MethodGroupsHelper.sortMethods() took 0 ms.
2026-05-135 18:36:20 [main] INFO  org.testng.internal.Utils - [Utils] MethodGroupsHelper.collectMethodsByGroup() took 5 ms.
2026-05-135 18:36:20 [main] INFO  org.testng.internal.Utils - [Utils] MethodGroupsHelper.sortMethods() took 17 ms.
2026-05-135 18:36:20 [main] INFO  org.testng.internal.Utils - [Utils] MethodGroupsHelper.collectMethodsByGroup() took 0 ms.
2026-05-135 18:36:20 [main] INFO  org.testng.internal.Utils - [Utils] MethodGroupsHelper.sortMethods() took 0 ms.
2026-05-135 18:36:20 [main] INFO  org.testng.internal.Utils - [Utils] MethodGroupsHelper.collectMethodsByGroup() took 0 ms.
2026-05-135 18:36:20 [main] INFO  org.testng.internal.Utils - [Utils] MethodGroupsHelper.sortMethods() took 0 ms.
2026-05-135 18:36:20 [main] INFO  org.testng.internal.Utils - [Utils] MethodGroupsHelper.collectMethodsByGroup() took 0 ms.
2026-05-135 18:36:20 [main] INFO  org.testng.internal.Utils - [Utils] MethodGroupsHelper.sortMethods() took 0 ms.
2026-05-135 18:36:20 [main] INFO  org.testng.internal.Utils - [Utils] MethodGroupsHelper.collectMethodsByGroup() took 0 ms.
2026-05-135 18:36:20 [main] INFO  org.testng.internal.Utils - [Utils] MethodGroupsHelper.sortMethods() took 0 ms.
2026-05-135 18:36:20 [main] INFO  org.testng.internal.Utils - [Utils] MethodGroupsHelper.collectMethodsByGroup() took 0 ms.
2026-05-135 18:36:20 [main] INFO  org.testng.internal.Utils - [Utils] MethodGroupsHelper.sortMethods() took 0 ms.
2026-05-135 18:36:20 [main] INFO  org.testng.internal.Utils - [Utils] MethodGroupsHelper.collectMethodsByGroup() took 0 ms.
2026-05-135 18:36:20 [main] INFO  org.testng.internal.Utils - [Utils] MethodGroupsHelper.sortMethods() took 0 ms.
2026-05-135 18:36:20 [main] INFO  org.testng.internal.Utils - [Utils] MethodGroupsHelper.collectMethodsByGroup() took 0 ms.
2026-05-135 18:36:20 [main] INFO  org.testng.internal.Utils - [Utils] MethodGroupsHelper.sortMethods() took 0 ms.
2026-05-135 18:36:20 [main] INFO  org.testng.internal.Utils - [Utils] MethodGroupsHelper.collectMethodsByGroup() took 2 ms.
2026-05-135 18:36:20 [main] INFO  org.testng.internal.Utils - [Utils] MethodGroupsHelper.sortMethods() took 4 ms.
2026-05-135 18:36:20 [main] INFO  org.testng.internal.Utils - [Utils] MethodGroupsHelper.collectMethodsByGroup() took 0 ms.
2026-05-135 18:36:20 [main] INFO  org.testng.internal.Utils - [Utils] MethodGroupsHelper.sortMethods() took 0 ms.
2026-05-135 18:36:20 [main] INFO  org.testng.internal.Utils - [Utils] MethodGroupsHelper.collectMethodsByGroup() took 0 ms.
2026-05-135 18:36:20 [main] INFO  org.testng.internal.Utils - [Utils] MethodGroupsHelper.sortMethods() took 0 ms.
2026-05-135 18:36:20 [main] INFO  org.testng.internal.Utils - [TestNG] Running:
  C:\Users\Siddhi\AppData\Local\Temp\testng-eclipse-69170788\testng-customsuite.xml

2026-05-135 18:36:20 [main] INFO  org.testng.internal.Utils - [Utils] DynamicGraphHelper.createDynamicGraph() took 4 ms.
2026-05-135 18:36:25 [main] INFO  org.utils.qa.Log - ========================================
2026-05-135 18:36:25 [main] INFO  org.utils.qa.Log - Starting Cart & Checkout Test Suite
2026-05-135 18:36:26 [main] INFO  org.utils.qa.Log - Website Opened Successfully
2026-05-135 18:36:35 [main] INFO  org.utils.qa.Log - Login Successful
2026-05-135 18:36:35 [main] INFO  org.utils.qa.Log - Executing TC001 : addProductUsingSearch
2026-05-135 18:36:40 [main] INFO  org.utils.qa.Log - Searching Product : Top
2026-05-135 18:37:01 [main] ERROR org.utils.qa.Log - TEST FAILED : addProductUsingSearch
2026-05-135 18:37:01 [main] INFO  org.utils.qa.Log - Screenshot Captured
2026-05-135 18:37:01 [main] INFO  org.utils.qa.Log - Executing TC002 : verifyQuantityPersistence
2026-05-135 18:37:04 [main] ERROR org.utils.qa.Log - TEST FAILED : verifyQuantityPersistence
2026-05-135 18:37:04 [main] INFO  org.utils.qa.Log - Screenshot Captured
2026-05-135 18:37:04 [main] INFO  org.utils.qa.Log - Executing TC003 : addProductUsingWomenCategory
2026-05-135 18:37:08 [main] INFO  org.utils.qa.Log - Navigated To Women Dress Category
2026-05-135 18:37:28 [main] ERROR org.utils.qa.Log - TEST FAILED : addProductUsingWomenCategory
2026-05-135 18:37:28 [main] INFO  org.utils.qa.Log - Screenshot Captured
2026-05-135 18:37:28 [main] INFO  org.utils.qa.Log - Executing TC004 : addProductUsingBrand
2026-05-135 18:37:37 [main] ERROR org.utils.qa.Log - TEST FAILED : addProductUsingBrand
2026-05-135 18:37:37 [main] INFO  org.utils.qa.Log - Screenshot Captured
2026-05-135 18:37:37 [main] INFO  org.utils.qa.Log - Executing TC005 : verifyCheckoutAddress
2026-05-135 18:37:59 [main] ERROR org.utils.qa.Log - TEST FAILED : verifyCheckoutAddress
2026-05-135 18:37:59 [main] INFO  org.utils.qa.Log - Screenshot Captured
2026-05-135 18:37:59 [main] INFO  org.utils.qa.Log - Executing TC006 : verifyPaymentProcess
2026-05-135 18:38:26 [main] ERROR org.utils.qa.Log - TEST FAILED : verifyPaymentProcess
2026-05-135 18:38:26 [main] INFO  org.utils.qa.Log - Screenshot Captured
2026-05-135 18:38:26 [main] INFO  org.utils.qa.Log - Executing TC007 : guestUserCannotCheckout
2026-05-135 18:38:54 [main] ERROR org.utils.qa.Log - TEST FAILED : guestUserCannotCheckout
2026-05-135 18:38:55 [main] INFO  org.utils.qa.Log - Screenshot Captured
2026-05-135 18:38:55 [main] INFO  org.utils.qa.Log - Closing Browser
2026-05-135 18:38:55 [main] INFO  org.utils.qa.Log - Browser Closed
2026-05-135 18:38:55 [main] INFO  org.utils.qa.Log - ========================================
2026-05-135 18:38:55 [main] INFO  org.testng.internal.Utils - [TestNG] Time taken by org.testng.reporters.jq.Main@1d9af731: 52 ms
2026-05-135 18:38:55 [main] INFO  org.testng.internal.Utils - [TestNG] Time taken by org.testng.reporters.FailedReporter@6b0325d0: 15 ms
2026-05-135 18:38:55 [main] INFO  org.testng.internal.Utils - [TestNG] Time taken by org.testng.reporters.XMLReporter@457692cb: 19 ms
2026-05-135 18:38:55 [main] INFO  org.testng.internal.Utils - [TestNG] Time taken by org.testng.reporters.EmailableReporter2@7be7c052: 8 ms
2026-05-135 18:38:55 [main] INFO  org.testng.internal.Utils - [TestNG] Time taken by org.testng.reporters.JUnitReportReporter@2fdf7da2: 12 ms
2026-05-135 18:38:55 [main] INFO  org.testng.internal.Utils - [TestNG] Time taken by org.testng.internal.ExitCodeListener@43b172e3: 0 ms
2026-05-135 18:49:37 [main] INFO  org.testng.internal.Utils - [Utils] MethodGroupsHelper.collectMethodsByGroup() took 1 ms.
2026-05-135 18:49:37 [main] INFO  org.testng.internal.Utils - [Utils] MethodGroupsHelper.sortMethods() took 2 ms.
2026-05-135 18:49:37 [main] INFO  org.testng.internal.Utils - [Utils] MethodGroupsHelper.collectMethodsByGroup() took 0 ms.
2026-05-135 18:49:37 [main] INFO  org.testng.internal.Utils - [Utils] MethodGroupsHelper.sortMethods() took 1 ms.
2026-05-135 18:49:37 [main] INFO  org.testng.internal.Utils - [Utils] MethodGroupsHelper.collectMethodsByGroup() took 0 ms.
2026-05-135 18:49:37 [main] INFO  org.testng.internal.Utils - [Utils] MethodGroupsHelper.sortMethods() took 0 ms.
2026-05-135 18:49:37 [main] INFO  org.testng.internal.Utils - [Utils] MethodGroupsHelper.collectMethodsByGroup() took 0 ms.
2026-05-135 18:49:37 [main] INFO  org.testng.internal.Utils - [Utils] MethodGroupsHelper.sortMethods() took 0 ms.
2026-05-135 18:49:37 [main] INFO  org.testng.internal.Utils - [Utils] MethodGroupsHelper.collectMethodsByGroup() took 6 ms.
2026-05-135 18:49:37 [main] INFO  org.testng.internal.Utils - [Utils] MethodGroupsHelper.sortMethods() took 11 ms.
2026-05-135 18:49:37 [main] INFO  org.testng.internal.Utils - [Utils] MethodGroupsHelper.collectMethodsByGroup() took 0 ms.
2026-05-135 18:49:37 [main] INFO  org.testng.internal.Utils - [Utils] MethodGroupsHelper.sortMethods() took 0 ms.
2026-05-135 18:49:37 [main] INFO  org.testng.internal.Utils - [Utils] MethodGroupsHelper.collectMethodsByGroup() took 0 ms.
2026-05-135 18:49:37 [main] INFO  org.testng.internal.Utils - [Utils] MethodGroupsHelper.sortMethods() took 0 ms.
2026-05-135 18:49:37 [main] INFO  org.testng.internal.Utils - [Utils] MethodGroupsHelper.collectMethodsByGroup() took 0 ms.
2026-05-135 18:49:37 [main] INFO  org.testng.internal.Utils - [Utils] MethodGroupsHelper.sortMethods() took 0 ms.
2026-05-135 18:49:37 [main] INFO  org.testng.internal.Utils - [Utils] MethodGroupsHelper.collectMethodsByGroup() took 0 ms.
2026-05-135 18:49:37 [main] INFO  org.testng.internal.Utils - [Utils] MethodGroupsHelper.sortMethods() took 0 ms.
2026-05-135 18:49:37 [main] INFO  org.testng.internal.Utils - [Utils] MethodGroupsHelper.collectMethodsByGroup() took 0 ms.
2026-05-135 18:49:37 [main] INFO  org.testng.internal.Utils - [Utils] MethodGroupsHelper.sortMethods() took 0 ms.
2026-05-135 18:49:37 [main] INFO  org.testng.internal.Utils - [Utils] MethodGroupsHelper.collectMethodsByGroup() took 0 ms.
2026-05-135 18:49:37 [main] INFO  org.testng.internal.Utils - [Utils] MethodGroupsHelper.sortMethods() took 0 ms.
2026-05-135 18:49:37 [main] INFO  org.testng.internal.Utils - [Utils] MethodGroupsHelper.collectMethodsByGroup() took 0 ms.
2026-05-135 18:49:37 [main] INFO  org.testng.internal.Utils - [Utils] MethodGroupsHelper.sortMethods() took 0 ms.
2026-05-135 18:49:37 [main] INFO  org.testng.internal.Utils - [Utils] MethodGroupsHelper.collectMethodsByGroup() took 1 ms.
2026-05-135 18:49:37 [main] INFO  org.testng.internal.Utils - [Utils] MethodGroupsHelper.sortMethods() took 5 ms.
2026-05-135 18:49:37 [main] INFO  org.testng.internal.Utils - [Utils] MethodGroupsHelper.collectMethodsByGroup() took 0 ms.
2026-05-135 18:49:37 [main] INFO  org.testng.internal.Utils - [Utils] MethodGroupsHelper.sortMethods() took 0 ms.
2026-05-135 18:49:37 [main] INFO  org.testng.internal.Utils - [Utils] MethodGroupsHelper.collectMethodsByGroup() took 0 ms.
2026-05-135 18:49:37 [main] INFO  org.testng.internal.Utils - [Utils] MethodGroupsHelper.sortMethods() took 0 ms.
2026-05-135 18:49:37 [main] INFO  org.testng.internal.Utils - [TestNG] Running:
  C:\Users\Siddhi\AppData\Local\Temp\testng-eclipse-287829636\testng-customsuite.xml

2026-05-135 18:49:38 [main] INFO  org.testng.internal.Utils - [Utils] DynamicGraphHelper.createDynamicGraph() took 5 ms.
2026-05-135 18:49:43 [main] INFO  org.utils.qa.Log - Suite Started
2026-05-135 18:51:10 [main] INFO  org.testng.internal.Utils - [TestNG] Time taken by org.testng.reporters.jq.Main@205df5dc: 85 ms
2026-05-135 18:51:10 [main] INFO  org.testng.internal.Utils - [TestNG] Time taken by org.testng.reporters.FailedReporter@314b9e4b: 28 ms
2026-05-135 18:51:10 [main] INFO  org.testng.internal.Utils - [TestNG] Time taken by org.testng.reporters.XMLReporter@75babb67: 30 ms
2026-05-135 18:51:10 [main] INFO  org.testng.internal.Utils - [TestNG] Time taken by org.testng.reporters.EmailableReporter2@4ecd00b5: 10 ms
2026-05-135 18:51:10 [main] INFO  org.testng.internal.Utils - [TestNG] Time taken by org.testng.reporters.JUnitReportReporter@5eea5627: 18 ms
2026-05-135 18:51:10 [main] INFO  org.testng.internal.Utils - [TestNG] Time taken by org.testng.internal.ExitCodeListener@3330f3ad: 0 ms
2026-05-135 18:57:00 [main] INFO  org.testng.internal.Utils - [Utils] MethodGroupsHelper.collectMethodsByGroup() took 1 ms.
2026-05-135 18:57:00 [main] INFO  org.testng.internal.Utils - [Utils] MethodGroupsHelper.sortMethods() took 4 ms.
2026-05-135 18:57:00 [main] INFO  org.testng.internal.Utils - [Utils] MethodGroupsHelper.collectMethodsByGroup() took 0 ms.
2026-05-135 18:57:00 [main] INFO  org.testng.internal.Utils - [Utils] MethodGroupsHelper.sortMethods() took 0 ms.
2026-05-135 18:57:00 [main] INFO  org.testng.internal.Utils - [Utils] MethodGroupsHelper.collectMethodsByGroup() took 0 ms.
2026-05-135 18:57:00 [main] INFO  org.testng.internal.Utils - [Utils] MethodGroupsHelper.sortMethods() took 0 ms.
2026-05-135 18:57:00 [main] INFO  org.testng.internal.Utils - [Utils] MethodGroupsHelper.collectMethodsByGroup() took 0 ms.
2026-05-135 18:57:00 [main] INFO  org.testng.internal.Utils - [Utils] MethodGroupsHelper.sortMethods() took 0 ms.
2026-05-135 18:57:00 [main] INFO  org.testng.internal.Utils - [Utils] MethodGroupsHelper.collectMethodsByGroup() took 6 ms.
2026-05-135 18:57:00 [main] INFO  org.testng.internal.Utils - [Utils] MethodGroupsHelper.sortMethods() took 10 ms.
2026-05-135 18:57:00 [main] INFO  org.testng.internal.Utils - [Utils] MethodGroupsHelper.collectMethodsByGroup() took 0 ms.
2026-05-135 18:57:00 [main] INFO  org.testng.internal.Utils - [Utils] MethodGroupsHelper.sortMethods() took 0 ms.
2026-05-135 18:57:00 [main] INFO  org.testng.internal.Utils - [Utils] MethodGroupsHelper.collectMethodsByGroup() took 0 ms.
2026-05-135 18:57:00 [main] INFO  org.testng.internal.Utils - [Utils] MethodGroupsHelper.sortMethods() took 0 ms.
2026-05-135 18:57:00 [main] INFO  org.testng.internal.Utils - [Utils] MethodGroupsHelper.collectMethodsByGroup() took 0 ms.
2026-05-135 18:57:00 [main] INFO  org.testng.internal.Utils - [Utils] MethodGroupsHelper.sortMethods() took 0 ms.
2026-05-135 18:57:00 [main] INFO  org.testng.internal.Utils - [Utils] MethodGroupsHelper.collectMethodsByGroup() took 0 ms.
2026-05-135 18:57:00 [main] INFO  org.testng.internal.Utils - [Utils] MethodGroupsHelper.sortMethods() took 1 ms.
2026-05-135 18:57:00 [main] INFO  org.testng.internal.Utils - [Utils] MethodGroupsHelper.collectMethodsByGroup() took 0 ms.
2026-05-135 18:57:00 [main] INFO  org.testng.internal.Utils - [Utils] MethodGroupsHelper.sortMethods() took 0 ms.
2026-05-135 18:57:00 [main] INFO  org.testng.internal.Utils - [Utils] MethodGroupsHelper.collectMethodsByGroup() took 0 ms.
2026-05-135 18:57:00 [main] INFO  org.testng.internal.Utils - [Utils] MethodGroupsHelper.sortMethods() took 1 ms.
2026-05-135 18:57:00 [main] INFO  org.testng.internal.Utils - [Utils] MethodGroupsHelper.collectMethodsByGroup() took 0 ms.
2026-05-135 18:57:00 [main] INFO  org.testng.internal.Utils - [Utils] MethodGroupsHelper.sortMethods() took 0 ms.
2026-05-135 18:57:00 [main] INFO  org.testng.internal.Utils - [Utils] MethodGroupsHelper.collectMethodsByGroup() took 1 ms.
2026-05-135 18:57:00 [main] INFO  org.testng.internal.Utils - [Utils] MethodGroupsHelper.sortMethods() took 4 ms.
2026-05-135 18:57:00 [main] INFO  org.testng.internal.Utils - [Utils] MethodGroupsHelper.collectMethodsByGroup() took 0 ms.
2026-05-135 18:57:00 [main] INFO  org.testng.internal.Utils - [Utils] MethodGroupsHelper.sortMethods() took 0 ms.
2026-05-135 18:57:00 [main] INFO  org.testng.internal.Utils - [Utils] MethodGroupsHelper.collectMethodsByGroup() took 0 ms.
2026-05-135 18:57:00 [main] INFO  org.testng.internal.Utils - [Utils] MethodGroupsHelper.sortMethods() took 0 ms.
2026-05-135 18:57:00 [main] INFO  org.testng.internal.Utils - [TestNG] Running:
  C:\Users\Siddhi\AppData\Local\Temp\testng-eclipse-1738572719\testng-customsuite.xml

2026-05-135 18:57:00 [main] INFO  org.testng.internal.Utils - [Utils] DynamicGraphHelper.createDynamicGraph() took 5 ms.
2026-05-135 18:57:12 [main] INFO  org.utils.qa.Log - Suite Started + Login Done Once
2026-05-135 18:59:20 [main] INFO  org.testng.internal.Utils - [TestNG] Time taken by org.testng.reporters.jq.Main@f438904: 53 ms
2026-05-135 18:59:20 [main] INFO  org.testng.internal.Utils - [TestNG] Time taken by org.testng.reporters.FailedReporter@2d0b05: 10 ms
2026-05-135 18:59:20 [main] INFO  org.testng.internal.Utils - [TestNG] Time taken by org.testng.reporters.XMLReporter@62c72501: 13 ms
2026-05-135 18:59:20 [main] INFO  org.testng.internal.Utils - [TestNG] Time taken by org.testng.reporters.EmailableReporter2@4c5a2baf: 9 ms
2026-05-135 18:59:20 [main] INFO  org.testng.internal.Utils - [TestNG] Time taken by org.testng.reporters.JUnitReportReporter@76bf1bb8: 10 ms
2026-05-135 18:59:20 [main] INFO  org.testng.internal.Utils - [TestNG] Time taken by org.testng.internal.ExitCodeListener@2a235b8e: 0 ms
2026-05-135 19:02:24 [main] INFO  org.testng.internal.Utils - [Utils] MethodGroupsHelper.collectMethodsByGroup() took 0 ms.
2026-05-135 19:02:24 [main] INFO  org.testng.internal.Utils - [Utils] MethodGroupsHelper.sortMethods() took 1 ms.
2026-05-135 19:02:24 [main] INFO  org.testng.internal.Utils - [Utils] MethodGroupsHelper.collectMethodsByGroup() took 0 ms.
2026-05-135 19:02:24 [main] INFO  org.testng.internal.Utils - [Utils] MethodGroupsHelper.sortMethods() took 0 ms.
2026-05-135 19:02:24 [main] INFO  org.testng.internal.Utils - [Utils] MethodGroupsHelper.collectMethodsByGroup() took 0 ms.
2026-05-135 19:02:24 [main] INFO  org.testng.internal.Utils - [Utils] MethodGroupsHelper.sortMethods() took 0 ms.
2026-05-135 19:02:24 [main] INFO  org.testng.internal.Utils - [Utils] MethodGroupsHelper.collectMethodsByGroup() took 0 ms.
2026-05-135 19:02:24 [main] INFO  org.testng.internal.Utils - [Utils] MethodGroupsHelper.sortMethods() took 0 ms.
2026-05-135 19:02:24 [main] INFO  org.testng.internal.Utils - [Utils] MethodGroupsHelper.collectMethodsByGroup() took 7 ms.
2026-05-135 19:02:24 [main] INFO  org.testng.internal.Utils - [Utils] MethodGroupsHelper.sortMethods() took 8 ms.
2026-05-135 19:02:24 [main] INFO  org.testng.internal.Utils - [Utils] MethodGroupsHelper.collectMethodsByGroup() took 0 ms.
2026-05-135 19:02:24 [main] INFO  org.testng.internal.Utils - [Utils] MethodGroupsHelper.sortMethods() took 0 ms.
2026-05-135 19:02:24 [main] INFO  org.testng.internal.Utils - [Utils] MethodGroupsHelper.collectMethodsByGroup() took 0 ms.
2026-05-135 19:02:24 [main] INFO  org.testng.internal.Utils - [Utils] MethodGroupsHelper.sortMethods() took 0 ms.
2026-05-135 19:02:24 [main] INFO  org.testng.internal.Utils - [Utils] MethodGroupsHelper.collectMethodsByGroup() took 0 ms.
2026-05-135 19:02:24 [main] INFO  org.testng.internal.Utils - [Utils] MethodGroupsHelper.sortMethods() took 0 ms.
2026-05-135 19:02:24 [main] INFO  org.testng.internal.Utils - [Utils] MethodGroupsHelper.collectMethodsByGroup() took 0 ms.
2026-05-135 19:02:24 [main] INFO  org.testng.internal.Utils - [Utils] MethodGroupsHelper.sortMethods() took 0 ms.
2026-05-135 19:02:24 [main] INFO  org.testng.internal.Utils - [Utils] MethodGroupsHelper.collectMethodsByGroup() took 0 ms.
2026-05-135 19:02:24 [main] INFO  org.testng.internal.Utils - [Utils] MethodGroupsHelper.sortMethods() took 1 ms.
2026-05-135 19:02:24 [main] INFO  org.testng.internal.Utils - [Utils] MethodGroupsHelper.collectMethodsByGroup() took 0 ms.
2026-05-135 19:02:24 [main] INFO  org.testng.internal.Utils - [Utils] MethodGroupsHelper.sortMethods() took 0 ms.
2026-05-135 19:02:24 [main] INFO  org.testng.internal.Utils - [Utils] MethodGroupsHelper.collectMethodsByGroup() took 0 ms.
2026-05-135 19:02:24 [main] INFO  org.testng.internal.Utils - [Utils] MethodGroupsHelper.sortMethods() took 0 ms.
2026-05-135 19:02:24 [main] INFO  org.testng.internal.Utils - [Utils] MethodGroupsHelper.collectMethodsByGroup() took 0 ms.
2026-05-135 19:02:24 [main] INFO  org.testng.internal.Utils - [Utils] MethodGroupsHelper.sortMethods() took 4 ms.
2026-05-135 19:02:24 [main] INFO  org.testng.internal.Utils - [Utils] MethodGroupsHelper.collectMethodsByGroup() took 0 ms.
2026-05-135 19:02:24 [main] INFO  org.testng.internal.Utils - [Utils] MethodGroupsHelper.sortMethods() took 0 ms.
2026-05-135 19:02:24 [main] INFO  org.testng.internal.Utils - [Utils] MethodGroupsHelper.collectMethodsByGroup() took 0 ms.
2026-05-135 19:02:24 [main] INFO  org.testng.internal.Utils - [Utils] MethodGroupsHelper.sortMethods() took 0 ms.
2026-05-135 19:02:24 [main] INFO  org.testng.internal.Utils - [TestNG] Running:
  C:\Users\Siddhi\AppData\Local\Temp\testng-eclipse--457328816\testng-customsuite.xml

2026-05-135 19:02:24 [main] INFO  org.testng.internal.Utils - [Utils] DynamicGraphHelper.createDynamicGraph() took 4 ms.
2026-05-135 19:02:30 [main] INFO  org.utils.qa.Log - Suite Started
2026-05-135 19:05:48 [main] INFO  org.testng.internal.Utils - [TestNG] Time taken by org.testng.reporters.jq.Main@47148f3f: 63 ms
2026-05-135 19:05:48 [main] INFO  org.testng.internal.Utils - [TestNG] Time taken by org.testng.reporters.FailedReporter@3b7c80c6: 14 ms
2026-05-135 19:05:48 [main] INFO  org.testng.internal.Utils - [TestNG] Time taken by org.testng.reporters.XMLReporter@3728a578: 16 ms
2026-05-135 19:05:48 [main] INFO  org.testng.internal.Utils - [TestNG] Time taken by org.testng.reporters.EmailableReporter2@2668c286: 7 ms
2026-05-135 19:05:48 [main] INFO  org.testng.internal.Utils - [TestNG] Time taken by org.testng.reporters.JUnitReportReporter@420cd102: 9 ms
2026-05-135 19:05:48 [main] INFO  org.testng.internal.Utils - [TestNG] Time taken by org.testng.internal.ExitCodeListener@c7f4457: 0 ms
2026-05-135 19:10:52 [main] INFO  org.testng.internal.Utils - [Utils] MethodGroupsHelper.collectMethodsByGroup() took 0 ms.
2026-05-135 19:10:52 [main] INFO  org.testng.internal.Utils - [Utils] MethodGroupsHelper.sortMethods() took 1 ms.
2026-05-135 19:10:52 [main] INFO  org.testng.internal.Utils - [Utils] MethodGroupsHelper.collectMethodsByGroup() took 0 ms.
2026-05-135 19:10:52 [main] INFO  org.testng.internal.Utils - [Utils] MethodGroupsHelper.sortMethods() took 0 ms.
2026-05-135 19:10:52 [main] INFO  org.testng.internal.Utils - [Utils] MethodGroupsHelper.collectMethodsByGroup() took 0 ms.
2026-05-135 19:10:52 [main] INFO  org.testng.internal.Utils - [Utils] MethodGroupsHelper.sortMethods() took 0 ms.
2026-05-135 19:10:52 [main] INFO  org.testng.internal.Utils - [Utils] MethodGroupsHelper.collectMethodsByGroup() took 0 ms.
2026-05-135 19:10:52 [main] INFO  org.testng.internal.Utils - [Utils] MethodGroupsHelper.sortMethods() took 0 ms.
2026-05-135 19:10:52 [main] INFO  org.testng.internal.Utils - [Utils] MethodGroupsHelper.collectMethodsByGroup() took 6 ms.
2026-05-135 19:10:52 [main] INFO  org.testng.internal.Utils - [Utils] MethodGroupsHelper.sortMethods() took 10 ms.
2026-05-135 19:10:52 [main] INFO  org.testng.internal.Utils - [Utils] MethodGroupsHelper.collectMethodsByGroup() took 0 ms.
2026-05-135 19:10:52 [main] INFO  org.testng.internal.Utils - [Utils] MethodGroupsHelper.sortMethods() took 1 ms.
2026-05-135 19:10:52 [main] INFO  org.testng.internal.Utils - [Utils] MethodGroupsHelper.collectMethodsByGroup() took 0 ms.
2026-05-135 19:10:52 [main] INFO  org.testng.internal.Utils - [Utils] MethodGroupsHelper.sortMethods() took 0 ms.
2026-05-135 19:10:52 [main] INFO  org.testng.internal.Utils - [Utils] MethodGroupsHelper.collectMethodsByGroup() took 0 ms.
2026-05-135 19:10:52 [main] INFO  org.testng.internal.Utils - [Utils] MethodGroupsHelper.sortMethods() took 0 ms.
2026-05-135 19:10:52 [main] INFO  org.testng.internal.Utils - [Utils] MethodGroupsHelper.collectMethodsByGroup() took 0 ms.
2026-05-135 19:10:52 [main] INFO  org.testng.internal.Utils - [Utils] MethodGroupsHelper.sortMethods() took 1 ms.
2026-05-135 19:10:52 [main] INFO  org.testng.internal.Utils - [Utils] MethodGroupsHelper.collectMethodsByGroup() took 0 ms.
2026-05-135 19:10:52 [main] INFO  org.testng.internal.Utils - [Utils] MethodGroupsHelper.sortMethods() took 0 ms.
2026-05-135 19:10:52 [main] INFO  org.testng.internal.Utils - [Utils] MethodGroupsHelper.collectMethodsByGroup() took 0 ms.
2026-05-135 19:10:52 [main] INFO  org.testng.internal.Utils - [Utils] MethodGroupsHelper.sortMethods() took 0 ms.
2026-05-135 19:10:52 [main] INFO  org.testng.internal.Utils - [Utils] MethodGroupsHelper.collectMethodsByGroup() took 0 ms.
2026-05-135 19:10:52 [main] INFO  org.testng.internal.Utils - [Utils] MethodGroupsHelper.sortMethods() took 0 ms.
2026-05-135 19:10:52 [main] INFO  org.testng.internal.Utils - [Utils] MethodGroupsHelper.collectMethodsByGroup() took 0 ms.
2026-05-135 19:10:52 [main] INFO  org.testng.internal.Utils - [Utils] MethodGroupsHelper.sortMethods() took 5 ms.
2026-05-135 19:10:52 [main] INFO  org.testng.internal.Utils - [Utils] MethodGroupsHelper.collectMethodsByGroup() took 0 ms.
2026-05-135 19:10:52 [main] INFO  org.testng.internal.Utils - [Utils] MethodGroupsHelper.sortMethods() took 0 ms.
2026-05-135 19:10:52 [main] INFO  org.testng.internal.Utils - [Utils] MethodGroupsHelper.collectMethodsByGroup() took 0 ms.
2026-05-135 19:10:52 [main] INFO  org.testng.internal.Utils - [Utils] MethodGroupsHelper.sortMethods() took 0 ms.
2026-05-135 19:10:52 [main] INFO  org.testng.internal.Utils - [TestNG] Running:
  C:\Users\Siddhi\AppData\Local\Temp\testng-eclipse-1530988914\testng-customsuite.xml

2026-05-135 19:10:52 [main] INFO  org.testng.internal.Utils - [Utils] DynamicGraphHelper.createDynamicGraph() took 3 ms.
2026-05-135 19:10:57 [main] INFO  org.testng.internal.Utils - [TestNG] Time taken by org.testng.reporters.jq.Main@61f3fbb8: 65 ms
2026-05-135 19:10:57 [main] INFO  org.testng.internal.Utils - [TestNG] Time taken by org.testng.reporters.FailedReporter@52a70627: 11 ms
2026-05-135 19:10:57 [main] INFO  org.testng.internal.Utils - [TestNG] Time taken by org.testng.reporters.XMLReporter@2b8bd14b: 26 ms
2026-05-135 19:10:57 [main] INFO  org.testng.internal.Utils - [TestNG] Time taken by org.testng.reporters.EmailableReporter2@26f96b85: 9 ms
2026-05-135 19:10:57 [main] INFO  org.testng.internal.Utils - [TestNG] Time taken by org.testng.reporters.JUnitReportReporter@522ba524: 8 ms
2026-05-135 19:10:57 [main] INFO  org.testng.internal.Utils - [TestNG] Time taken by org.testng.internal.ExitCodeListener@29c5ee1d: 0 ms
2026-05-135 19:11:19 [main] INFO  org.testng.internal.Utils - [Utils] MethodGroupsHelper.collectMethodsByGroup() took 1 ms.
2026-05-135 19:11:19 [main] INFO  org.testng.internal.Utils - [Utils] MethodGroupsHelper.sortMethods() took 1 ms.
2026-05-135 19:11:19 [main] INFO  org.testng.internal.Utils - [Utils] MethodGroupsHelper.collectMethodsByGroup() took 0 ms.
2026-05-135 19:11:19 [main] INFO  org.testng.internal.Utils - [Utils] MethodGroupsHelper.sortMethods() took 0 ms.
2026-05-135 19:11:19 [main] INFO  org.testng.internal.Utils - [Utils] MethodGroupsHelper.collectMethodsByGroup() took 0 ms.
2026-05-135 19:11:19 [main] INFO  org.testng.internal.Utils - [Utils] MethodGroupsHelper.sortMethods() took 0 ms.
2026-05-135 19:11:19 [main] INFO  org.testng.internal.Utils - [Utils] MethodGroupsHelper.collectMethodsByGroup() took 0 ms.
2026-05-135 19:11:19 [main] INFO  org.testng.internal.Utils - [Utils] MethodGroupsHelper.sortMethods() took 0 ms.
2026-05-135 19:11:19 [main] INFO  org.testng.internal.Utils - [Utils] MethodGroupsHelper.collectMethodsByGroup() took 6 ms.
2026-05-135 19:11:19 [main] INFO  org.testng.internal.Utils - [Utils] MethodGroupsHelper.sortMethods() took 10 ms.
2026-05-135 19:11:19 [main] INFO  org.testng.internal.Utils - [Utils] MethodGroupsHelper.collectMethodsByGroup() took 0 ms.
2026-05-135 19:11:19 [main] INFO  org.testng.internal.Utils - [Utils] MethodGroupsHelper.sortMethods() took 0 ms.
2026-05-135 19:11:19 [main] INFO  org.testng.internal.Utils - [Utils] MethodGroupsHelper.collectMethodsByGroup() took 0 ms.
2026-05-135 19:11:19 [main] INFO  org.testng.internal.Utils - [Utils] MethodGroupsHelper.sortMethods() took 0 ms.
2026-05-135 19:11:19 [main] INFO  org.testng.internal.Utils - [Utils] MethodGroupsHelper.collectMethodsByGroup() took 0 ms.
2026-05-135 19:11:19 [main] INFO  org.testng.internal.Utils - [Utils] MethodGroupsHelper.sortMethods() took 0 ms.
2026-05-135 19:11:19 [main] INFO  org.testng.internal.Utils - [Utils] MethodGroupsHelper.collectMethodsByGroup() took 0 ms.
2026-05-135 19:11:19 [main] INFO  org.testng.internal.Utils - [Utils] MethodGroupsHelper.sortMethods() took 0 ms.
2026-05-135 19:11:19 [main] INFO  org.testng.internal.Utils - [Utils] MethodGroupsHelper.collectMethodsByGroup() took 0 ms.
2026-05-135 19:11:19 [main] INFO  org.testng.internal.Utils - [Utils] MethodGroupsHelper.sortMethods() took 0 ms.
2026-05-135 19:11:19 [main] INFO  org.testng.internal.Utils - [Utils] MethodGroupsHelper.collectMethodsByGroup() took 0 ms.
2026-05-135 19:11:19 [main] INFO  org.testng.internal.Utils - [Utils] MethodGroupsHelper.sortMethods() took 0 ms.
2026-05-135 19:11:19 [main] INFO  org.testng.internal.Utils - [Utils] MethodGroupsHelper.collectMethodsByGroup() took 0 ms.
2026-05-135 19:11:19 [main] INFO  org.testng.internal.Utils - [Utils] MethodGroupsHelper.sortMethods() took 0 ms.
2026-05-135 19:11:19 [main] INFO  org.testng.internal.Utils - [Utils] MethodGroupsHelper.collectMethodsByGroup() took 3 ms.
2026-05-135 19:11:19 [main] INFO  org.testng.internal.Utils - [Utils] MethodGroupsHelper.sortMethods() took 0 ms.
2026-05-135 19:11:19 [main] INFO  org.testng.internal.Utils - [Utils] MethodGroupsHelper.collectMethodsByGroup() took 0 ms.
2026-05-135 19:11:19 [main] INFO  org.testng.internal.Utils - [Utils] MethodGroupsHelper.sortMethods() took 0 ms.
2026-05-135 19:11:19 [main] INFO  org.testng.internal.Utils - [Utils] MethodGroupsHelper.collectMethodsByGroup() took 0 ms.
2026-05-135 19:11:19 [main] INFO  org.testng.internal.Utils - [Utils] MethodGroupsHelper.sortMethods() took 0 ms.
2026-05-135 19:11:19 [main] INFO  org.testng.internal.Utils - [TestNG] Running:
  C:\Users\Siddhi\AppData\Local\Temp\testng-eclipse-1284780266\testng-customsuite.xml

2026-05-135 19:11:19 [main] INFO  org.testng.internal.Utils - [Utils] DynamicGraphHelper.createDynamicGraph() took 4 ms.
2026-05-135 19:11:26 [main] INFO  org.utils.qa.Log - ========== TEST SUITE STARTED ==========
2026-05-135 19:11:29 [main] INFO  org.utils.qa.Log - Browser reset done before test
2026-05-135 19:11:29 [main] INFO  org.utils.qa.Log - TEST STARTED: addProductUsingSearch
2026-05-135 19:11:29 [main] INFO  org.utils.qa.Log - LOGIN STARTED
2026-05-135 19:11:33 [main] INFO  org.utils.qa.Log - LOGIN SUCCESSFUL
2026-05-135 19:11:33 [main] INFO  org.utils.qa.Log - Navigating to Products page
2026-05-135 19:11:33 [main] INFO  org.utils.qa.Log - Searching product: Jeans
2026-05-135 19:11:55 [main] INFO  org.utils.qa.Log - TEST FAILED: addProductUsingSearch
2026-05-135 19:11:56 [main] INFO  org.utils.qa.Log - ========== TEST SUITE FINISHED ==========
2026-05-135 19:11:56 [main] INFO  org.testng.internal.Utils - [TestNG] Time taken by org.testng.reporters.jq.Main@376e7531: 51 ms
2026-05-135 19:11:56 [main] INFO  org.testng.internal.Utils - [TestNG] Time taken by org.testng.reporters.FailedReporter@61f80d55: 12 ms
2026-05-135 19:11:56 [main] INFO  org.testng.internal.Utils - [TestNG] Time taken by org.testng.reporters.XMLReporter@5b498842: 15 ms
2026-05-135 19:11:56 [main] INFO  org.testng.internal.Utils - [TestNG] Time taken by org.testng.reporters.EmailableReporter2@4f4c789f: 10 ms
2026-05-135 19:11:56 [main] INFO  org.testng.internal.Utils - [TestNG] Time taken by org.testng.reporters.JUnitReportReporter@2f04105: 7 ms
2026-05-135 19:11:56 [main] INFO  org.testng.internal.Utils - [TestNG] Time taken by org.testng.internal.ExitCodeListener@309028af: 0 ms
2026-05-135 19:24:01 [main] INFO  org.testng.internal.Utils - [Utils] MethodGroupsHelper.collectMethodsByGroup() took 1 ms.
2026-05-135 19:24:01 [main] INFO  org.testng.internal.Utils - [Utils] MethodGroupsHelper.sortMethods() took 2 ms.
2026-05-135 19:24:01 [main] INFO  org.testng.internal.Utils - [Utils] MethodGroupsHelper.collectMethodsByGroup() took 0 ms.
2026-05-135 19:24:01 [main] INFO  org.testng.internal.Utils - [Utils] MethodGroupsHelper.sortMethods() took 0 ms.
2026-05-135 19:24:01 [main] INFO  org.testng.internal.Utils - [Utils] MethodGroupsHelper.collectMethodsByGroup() took 0 ms.
2026-05-135 19:24:01 [main] INFO  org.testng.internal.Utils - [Utils] MethodGroupsHelper.sortMethods() took 0 ms.
2026-05-135 19:24:01 [main] INFO  org.testng.internal.Utils - [Utils] MethodGroupsHelper.collectMethodsByGroup() took 0 ms.
2026-05-135 19:24:01 [main] INFO  org.testng.internal.Utils - [Utils] MethodGroupsHelper.sortMethods() took 0 ms.
2026-05-135 19:24:01 [main] INFO  org.testng.internal.Utils - [Utils] MethodGroupsHelper.collectMethodsByGroup() took 4 ms.
2026-05-135 19:24:01 [main] INFO  org.testng.internal.Utils - [Utils] MethodGroupsHelper.sortMethods() took 8 ms.
2026-05-135 19:24:01 [main] INFO  org.testng.internal.Utils - [Utils] MethodGroupsHelper.collectMethodsByGroup() took 0 ms.
2026-05-135 19:24:01 [main] INFO  org.testng.internal.Utils - [Utils] MethodGroupsHelper.sortMethods() took 0 ms.
2026-05-135 19:24:01 [main] INFO  org.testng.internal.Utils - [Utils] MethodGroupsHelper.collectMethodsByGroup() took 0 ms.
2026-05-135 19:24:01 [main] INFO  org.testng.internal.Utils - [Utils] MethodGroupsHelper.sortMethods() took 0 ms.
2026-05-135 19:24:01 [main] INFO  org.testng.internal.Utils - [Utils] MethodGroupsHelper.collectMethodsByGroup() took 0 ms.
2026-05-135 19:24:01 [main] INFO  org.testng.internal.Utils - [Utils] MethodGroupsHelper.sortMethods() took 0 ms.
2026-05-135 19:24:01 [main] INFO  org.testng.internal.Utils - [Utils] MethodGroupsHelper.collectMethodsByGroup() took 0 ms.
2026-05-135 19:24:01 [main] INFO  org.testng.internal.Utils - [Utils] MethodGroupsHelper.sortMethods() took 0 ms.
2026-05-135 19:24:01 [main] INFO  org.testng.internal.Utils - [Utils] MethodGroupsHelper.collectMethodsByGroup() took 0 ms.
2026-05-135 19:24:01 [main] INFO  org.testng.internal.Utils - [Utils] MethodGroupsHelper.sortMethods() took 0 ms.
2026-05-135 19:24:01 [main] INFO  org.testng.internal.Utils - [Utils] MethodGroupsHelper.collectMethodsByGroup() took 0 ms.
2026-05-135 19:24:01 [main] INFO  org.testng.internal.Utils - [Utils] MethodGroupsHelper.sortMethods() took 0 ms.
2026-05-135 19:24:01 [main] INFO  org.testng.internal.Utils - [Utils] MethodGroupsHelper.collectMethodsByGroup() took 0 ms.
2026-05-135 19:24:01 [main] INFO  org.testng.internal.Utils - [Utils] MethodGroupsHelper.sortMethods() took 0 ms.
2026-05-135 19:24:01 [main] INFO  org.testng.internal.Utils - [Utils] MethodGroupsHelper.collectMethodsByGroup() took 1 ms.
2026-05-135 19:24:01 [main] INFO  org.testng.internal.Utils - [Utils] MethodGroupsHelper.sortMethods() took 3 ms.
2026-05-135 19:24:01 [main] INFO  org.testng.internal.Utils - [Utils] MethodGroupsHelper.collectMethodsByGroup() took 0 ms.
2026-05-135 19:24:01 [main] INFO  org.testng.internal.Utils - [Utils] MethodGroupsHelper.sortMethods() took 0 ms.
2026-05-135 19:24:01 [main] INFO  org.testng.internal.Utils - [Utils] MethodGroupsHelper.collectMethodsByGroup() took 0 ms.
2026-05-135 19:24:01 [main] INFO  org.testng.internal.Utils - [Utils] MethodGroupsHelper.sortMethods() took 0 ms.
2026-05-135 19:24:01 [main] INFO  org.testng.internal.Utils - [TestNG] Running:
  C:\Users\Siddhi\AppData\Local\Temp\testng-eclipse-669642275\testng-customsuite.xml

2026-05-135 19:24:01 [main] INFO  org.testng.internal.Utils - [Utils] DynamicGraphHelper.createDynamicGraph() took 3 ms.
2026-05-135 19:24:07 [main] INFO  org.utils.qa.Log - ===== TEST SUITE STARTED =====
2026-05-135 19:24:10 [main] INFO  org.utils.qa.Log - TEST STARTED: addProductUsingSearch
2026-05-135 19:24:10 [main] INFO  org.utils.qa.Log - LOGIN STARTED
2026-05-135 19:24:15 [main] INFO  org.utils.qa.Log - LOGIN SUCCESSFUL
2026-05-135 19:24:15 [main] INFO  org.utils.qa.Log - Navigating to Products page
2026-05-135 19:24:18 [main] INFO  org.utils.qa.Log - Searching product: Jeans
2026-05-135 19:24:20 [main] INFO  org.utils.qa.Log - Adding first visible product to cart
2026-05-135 19:24:21 [main] INFO  org.utils.qa.Log - Product added from search
2026-05-135 19:24:21 [main] INFO  org.utils.qa.Log - CHECKOUT FLOW STARTED
2026-05-135 19:24:21 [main] INFO  org.utils.qa.Log - Clicking View Cart
2026-05-135 19:24:23 [main] INFO  org.utils.qa.Log - Proceeding to checkout
2026-05-135 19:24:26 [main] INFO  org.utils.qa.Log - Address verified on checkout page
2026-05-135 19:24:26 [main] INFO  org.utils.qa.Log - Placing order
2026-05-135 19:24:26 [main] INFO  org.utils.qa.Log - Entering payment details
2026-05-135 19:24:53 [main] INFO  org.utils.qa.Log - TEST FAILED: addProductUsingSearch
2026-05-135 19:24:57 [main] INFO  org.utils.qa.Log - TEST STARTED: brandFlow
2026-05-135 19:24:57 [main] INFO  org.utils.qa.Log - LOGIN STARTED
2026-05-135 19:25:00 [main] INFO  org.utils.qa.Log - LOGIN SUCCESSFUL
2026-05-135 19:25:00 [main] INFO  org.utils.qa.Log - Navigating to Products page
2026-05-135 19:25:03 [main] INFO  org.utils.qa.Log - Navigating brand: BIBA
2026-05-135 19:25:24 [main] INFO  org.utils.qa.Log - TEST FAILED: brandFlow
2026-05-135 19:25:28 [main] INFO  org.utils.qa.Log - TEST STARTED: categoryFlow
2026-05-135 19:25:28 [main] INFO  org.utils.qa.Log - LOGIN STARTED
2026-05-135 19:25:30 [main] INFO  org.utils.qa.Log - LOGIN SUCCESSFUL
2026-05-135 19:25:30 [main] INFO  org.utils.qa.Log - Navigating Women → Dress category
2026-05-135 19:25:33 [main] INFO  org.utils.qa.Log - Adding first visible product to cart
2026-05-135 19:25:34 [main] INFO  org.utils.qa.Log - Category product added
2026-05-135 19:25:34 [main] INFO  org.utils.qa.Log - CHECKOUT FLOW STARTED
2026-05-135 19:25:34 [main] INFO  org.utils.qa.Log - Clicking View Cart
2026-05-135 19:25:36 [main] INFO  org.utils.qa.Log - Proceeding to checkout
2026-05-135 19:25:38 [main] INFO  org.utils.qa.Log - Address verified on checkout page
2026-05-135 19:25:38 [main] INFO  org.utils.qa.Log - Placing order
2026-05-135 19:25:39 [main] INFO  org.utils.qa.Log - Entering payment details
2026-05-135 19:25:43 [main] INFO  org.utils.qa.Log - ORDER SUCCESSFUL
2026-05-135 19:25:43 [main] INFO  org.utils.qa.Log - TEST PASSED: categoryFlow
2026-05-135 19:25:46 [main] INFO  org.utils.qa.Log - TEST STARTED: guestUserBlocked
2026-05-135 19:25:48 [main] INFO  org.utils.qa.Log - Navigating to Products page
2026-05-135 19:25:51 [main] INFO  org.utils.qa.Log - Searching product: Top
2026-05-135 19:25:54 [main] INFO  org.utils.qa.Log - Adding first visible product to cart
2026-05-135 19:25:55 [main] INFO  org.utils.qa.Log - Clicking View Cart
2026-05-135 19:25:56 [main] INFO  org.utils.qa.Log - Proceeding to checkout
2026-05-135 19:25:56 [main] INFO  org.utils.qa.Log - Guest user blocked successfully
2026-05-135 19:25:56 [main] INFO  org.utils.qa.Log - TEST PASSED: guestUserBlocked
2026-05-135 19:26:03 [main] INFO  org.utils.qa.Log - TEST STARTED: verifyQuantity
2026-05-135 19:26:03 [main] INFO  org.utils.qa.Log - LOGIN STARTED
2026-05-135 19:26:05 [main] INFO  org.utils.qa.Log - LOGIN SUCCESSFUL
2026-05-135 19:26:05 [main] INFO  org.utils.qa.Log - Navigating to Products page
2026-05-135 19:26:20 [main] INFO  org.utils.qa.Log - Opening product detail page
2026-05-135 19:26:23 [main] INFO  org.utils.qa.Log - Setting quantity: 3
2026-05-135 19:26:24 [main] INFO  org.utils.qa.Log - Quantity updated before adding to cart
2026-05-135 19:26:24 [main] INFO  org.utils.qa.Log - Adding from product detail page
2026-05-135 19:26:24 [main] INFO  org.utils.qa.Log - CHECKOUT FLOW STARTED
2026-05-135 19:26:24 [main] INFO  org.utils.qa.Log - Clicking View Cart
2026-05-135 19:26:26 [main] INFO  org.utils.qa.Log - Proceeding to checkout
2026-05-135 19:26:27 [main] INFO  org.utils.qa.Log - Address verified on checkout page
2026-05-135 19:26:27 [main] INFO  org.utils.qa.Log - Placing order
2026-05-135 19:26:29 [main] INFO  org.utils.qa.Log - Entering payment details
2026-05-135 19:26:32 [main] INFO  org.utils.qa.Log - ORDER SUCCESSFUL
2026-05-135 19:26:32 [main] INFO  org.utils.qa.Log - TEST PASSED: verifyQuantity
2026-05-135 19:26:32 [main] INFO  org.utils.qa.Log - ===== TEST SUITE ENDED =====
2026-05-135 19:26:33 [main] INFO  org.testng.internal.Utils - [TestNG] Time taken by org.testng.reporters.jq.Main@214beff9: 54 ms
2026-05-135 19:26:33 [main] INFO  org.testng.internal.Utils - [TestNG] Time taken by org.testng.reporters.FailedReporter@70a898b0: 11 ms
2026-05-135 19:26:33 [main] INFO  org.testng.internal.Utils - [TestNG] Time taken by org.testng.reporters.XMLReporter@58ae402b: 11 ms
2026-05-135 19:26:33 [main] INFO  org.testng.internal.Utils - [TestNG] Time taken by org.testng.reporters.EmailableReporter2@6411504a: 7 ms
2026-05-135 19:26:33 [main] INFO  org.testng.internal.Utils - [TestNG] Time taken by org.testng.reporters.JUnitReportReporter@7c0f28f8: 8 ms
2026-05-135 19:26:33 [main] INFO  org.testng.internal.Utils - [TestNG] Time taken by org.testng.internal.ExitCodeListener@2abc8034: 0 ms
2026-05-135 19:30:17 [main] INFO  org.testng.internal.Utils - [Utils] MethodGroupsHelper.collectMethodsByGroup() took 2 ms.
2026-05-135 19:30:17 [main] INFO  org.testng.internal.Utils - [Utils] MethodGroupsHelper.sortMethods() took 3 ms.
2026-05-135 19:30:17 [main] INFO  org.testng.internal.Utils - [Utils] MethodGroupsHelper.collectMethodsByGroup() took 0 ms.
2026-05-135 19:30:17 [main] INFO  org.testng.internal.Utils - [Utils] MethodGroupsHelper.sortMethods() took 0 ms.
2026-05-135 19:30:17 [main] INFO  org.testng.internal.Utils - [Utils] MethodGroupsHelper.collectMethodsByGroup() took 0 ms.
2026-05-135 19:30:17 [main] INFO  org.testng.internal.Utils - [Utils] MethodGroupsHelper.sortMethods() took 0 ms.
2026-05-135 19:30:17 [main] INFO  org.testng.internal.Utils - [Utils] MethodGroupsHelper.collectMethodsByGroup() took 0 ms.
2026-05-135 19:30:17 [main] INFO  org.testng.internal.Utils - [Utils] MethodGroupsHelper.sortMethods() took 0 ms.
2026-05-135 19:30:17 [main] INFO  org.testng.internal.Utils - [Utils] MethodGroupsHelper.collectMethodsByGroup() took 5 ms.
2026-05-135 19:30:17 [main] INFO  org.testng.internal.Utils - [Utils] MethodGroupsHelper.sortMethods() took 11 ms.
2026-05-135 19:30:17 [main] INFO  org.testng.internal.Utils - [Utils] MethodGroupsHelper.collectMethodsByGroup() took 0 ms.
2026-05-135 19:30:17 [main] INFO  org.testng.internal.Utils - [Utils] MethodGroupsHelper.sortMethods() took 1 ms.
2026-05-135 19:30:17 [main] INFO  org.testng.internal.Utils - [Utils] MethodGroupsHelper.collectMethodsByGroup() took 0 ms.
2026-05-135 19:30:17 [main] INFO  org.testng.internal.Utils - [Utils] MethodGroupsHelper.sortMethods() took 0 ms.
2026-05-135 19:30:17 [main] INFO  org.testng.internal.Utils - [Utils] MethodGroupsHelper.collectMethodsByGroup() took 0 ms.
2026-05-135 19:30:17 [main] INFO  org.testng.internal.Utils - [Utils] MethodGroupsHelper.sortMethods() took 0 ms.
2026-05-135 19:30:17 [main] INFO  org.testng.internal.Utils - [Utils] MethodGroupsHelper.collectMethodsByGroup() took 0 ms.
2026-05-135 19:30:17 [main] INFO  org.testng.internal.Utils - [Utils] MethodGroupsHelper.sortMethods() took 0 ms.
2026-05-135 19:30:17 [main] INFO  org.testng.internal.Utils - [Utils] MethodGroupsHelper.collectMethodsByGroup() took 0 ms.
2026-05-135 19:30:17 [main] INFO  org.testng.internal.Utils - [Utils] MethodGroupsHelper.sortMethods() took 0 ms.
2026-05-135 19:30:17 [main] INFO  org.testng.internal.Utils - [Utils] MethodGroupsHelper.collectMethodsByGroup() took 0 ms.
2026-05-135 19:30:17 [main] INFO  org.testng.internal.Utils - [Utils] MethodGroupsHelper.sortMethods() took 0 ms.
2026-05-135 19:30:17 [main] INFO  org.testng.internal.Utils - [Utils] MethodGroupsHelper.collectMethodsByGroup() took 0 ms.
2026-05-135 19:30:17 [main] INFO  org.testng.internal.Utils - [Utils] MethodGroupsHelper.sortMethods() took 0 ms.
2026-05-135 19:30:17 [main] INFO  org.testng.internal.Utils - [Utils] MethodGroupsHelper.collectMethodsByGroup() took 1 ms.
2026-05-135 19:30:17 [main] INFO  org.testng.internal.Utils - [Utils] MethodGroupsHelper.sortMethods() took 5 ms.
2026-05-135 19:30:17 [main] INFO  org.testng.internal.Utils - [Utils] MethodGroupsHelper.collectMethodsByGroup() took 0 ms.
2026-05-135 19:30:17 [main] INFO  org.testng.internal.Utils - [Utils] MethodGroupsHelper.sortMethods() took 1 ms.
2026-05-135 19:30:17 [main] INFO  org.testng.internal.Utils - [Utils] MethodGroupsHelper.collectMethodsByGroup() took 0 ms.
2026-05-135 19:30:17 [main] INFO  org.testng.internal.Utils - [Utils] MethodGroupsHelper.sortMethods() took 0 ms.
2026-05-135 19:30:17 [main] INFO  org.testng.internal.Utils - [TestNG] Running:
  C:\Users\Siddhi\AppData\Local\Temp\testng-eclipse--1834387289\testng-customsuite.xml

2026-05-135 19:30:17 [main] INFO  org.testng.internal.Utils - [Utils] DynamicGraphHelper.createDynamicGraph() took 3 ms.
2026-05-135 19:30:23 [main] INFO  org.utils.qa.Log - ===== TEST SUITE STARTED =====
2026-05-135 19:30:25 [main] INFO  org.utils.qa.Log - TEST STARTED: addProductUsingSearch
2026-05-135 19:30:25 [main] INFO  org.utils.qa.Log - LOGIN STARTED
2026-05-135 19:30:29 [main] INFO  org.utils.qa.Log - LOGIN SUCCESSFUL
2026-05-135 19:30:29 [main] INFO  org.utils.qa.Log - Navigating to Products page
2026-05-135 19:30:32 [main] INFO  org.utils.qa.Log - Searching product: Jeans
2026-05-135 19:30:35 [main] INFO  org.utils.qa.Log - Adding product to cart
2026-05-135 19:30:55 [main] INFO  org.utils.qa.Log - TEST FAILED: addProductUsingSearch
2026-05-135 19:30:59 [main] INFO  org.utils.qa.Log - TEST STARTED: brandFlow
2026-05-135 19:30:59 [main] INFO  org.utils.qa.Log - LOGIN STARTED
2026-05-135 19:31:03 [main] INFO  org.utils.qa.Log - LOGIN SUCCESSFUL
2026-05-135 19:31:03 [main] INFO  org.utils.qa.Log - Navigating to Products page
2026-05-135 19:31:05 [main] INFO  org.utils.qa.Log - Navigating brand: BIBA
2026-05-135 19:31:05 [main] INFO  org.utils.qa.Log - Navigating to Products page
2026-05-135 19:31:28 [main] INFO  org.utils.qa.Log - TEST FAILED: brandFlow
2026-05-135 19:31:31 [main] INFO  org.utils.qa.Log - TEST STARTED: categoryFlow
2026-05-135 19:31:31 [main] INFO  org.utils.qa.Log - LOGIN STARTED
2026-05-135 19:31:35 [main] INFO  org.utils.qa.Log - LOGIN SUCCESSFUL
2026-05-135 19:31:35 [main] INFO  org.utils.qa.Log - Navigating Women → Dress category
2026-05-135 19:32:02 [main] INFO  org.utils.qa.Log - TEST FAILED: categoryFlow
2026-05-135 19:32:05 [main] INFO  org.utils.qa.Log - TEST STARTED: guestUserBlocked
2026-05-135 19:32:08 [main] INFO  org.utils.qa.Log - Navigating to Products page
2026-05-135 19:32:11 [main] INFO  org.utils.qa.Log - Searching product: Top
2026-05-135 19:32:16 [main] INFO  org.utils.qa.Log - Adding product to cart
2026-05-135 19:32:36 [main] INFO  org.utils.qa.Log - TEST FAILED: guestUserBlocked
2026-05-135 19:32:40 [main] INFO  org.utils.qa.Log - TEST STARTED: verifyQuantity
2026-05-135 19:32:40 [main] INFO  org.utils.qa.Log - LOGIN STARTED
2026-05-135 19:32:44 [main] INFO  org.utils.qa.Log - LOGIN SUCCESSFUL
2026-05-135 19:32:44 [main] INFO  org.utils.qa.Log - Navigating to Products page
2026-05-135 19:32:46 [main] INFO  org.utils.qa.Log - Opening product detail page
2026-05-135 19:32:49 [main] INFO  org.utils.qa.Log - Setting quantity: 3
2026-05-135 19:32:49 [main] INFO  org.utils.qa.Log - Quantity updated before adding to cart
2026-05-135 19:32:49 [main] INFO  org.utils.qa.Log - Adding from product detail page
2026-05-135 19:32:50 [main] INFO  org.utils.qa.Log - CHECKOUT FLOW STARTED
2026-05-135 19:32:50 [main] INFO  org.utils.qa.Log - Clicking View Cart
2026-05-135 19:32:51 [main] INFO  org.utils.qa.Log - Proceeding to checkout
2026-05-135 19:32:54 [main] INFO  org.utils.qa.Log - Checking address
2026-05-135 19:32:54 [main] INFO  org.utils.qa.Log - Address verified on checkout page
2026-05-135 19:32:54 [main] INFO  org.utils.qa.Log - Placing order
2026-05-135 19:32:56 [main] INFO  org.utils.qa.Log - Entering payment details
2026-05-135 19:32:57 [main] INFO  org.utils.qa.Log - Paying order
2026-05-135 19:33:00 [main] INFO  org.utils.qa.Log - ORDER SUCCESSFUL
2026-05-135 19:33:00 [main] INFO  org.utils.qa.Log - TEST PASSED: verifyQuantity
2026-05-135 19:33:00 [main] INFO  org.utils.qa.Log - ===== TEST SUITE ENDED =====
2026-05-135 19:33:01 [main] INFO  org.testng.internal.Utils - [TestNG] Time taken by org.testng.reporters.jq.Main@58324c9f: 112 ms
2026-05-135 19:33:01 [main] INFO  org.testng.internal.Utils - [TestNG] Time taken by org.testng.reporters.FailedReporter@61ff6a49: 25 ms
2026-05-135 19:33:01 [main] INFO  org.testng.internal.Utils - [TestNG] Time taken by org.testng.reporters.XMLReporter@62b09715: 26 ms
2026-05-135 19:33:01 [main] INFO  org.testng.internal.Utils - [TestNG] Time taken by org.testng.reporters.EmailableReporter2@1f9d4b0e: 13 ms
2026-05-135 19:33:01 [main] INFO  org.testng.internal.Utils - [TestNG] Time taken by org.testng.reporters.JUnitReportReporter@3bfae028: 21 ms
2026-05-135 19:33:01 [main] INFO  org.testng.internal.Utils - [TestNG] Time taken by org.testng.internal.ExitCodeListener@1775c4e7: 0 ms
2026-05-135 19:50:26 [main] INFO  org.testng.internal.Utils - [Utils] MethodGroupsHelper.collectMethodsByGroup() took 1 ms.
2026-05-135 19:50:26 [main] INFO  org.testng.internal.Utils - [Utils] MethodGroupsHelper.sortMethods() took 0 ms.
2026-05-135 19:50:26 [main] INFO  org.testng.internal.Utils - [Utils] MethodGroupsHelper.collectMethodsByGroup() took 0 ms.
2026-05-135 19:50:26 [main] INFO  org.testng.internal.Utils - [Utils] MethodGroupsHelper.sortMethods() took 0 ms.
2026-05-135 19:50:26 [main] INFO  org.testng.internal.Utils - [Utils] MethodGroupsHelper.collectMethodsByGroup() took 0 ms.
2026-05-135 19:50:26 [main] INFO  org.testng.internal.Utils - [Utils] MethodGroupsHelper.sortMethods() took 0 ms.
2026-05-135 19:50:26 [main] INFO  org.testng.internal.Utils - [Utils] MethodGroupsHelper.collectMethodsByGroup() took 0 ms.
2026-05-135 19:50:26 [main] INFO  org.testng.internal.Utils - [Utils] MethodGroupsHelper.sortMethods() took 0 ms.
2026-05-135 19:50:26 [main] INFO  org.testng.internal.Utils - [Utils] MethodGroupsHelper.collectMethodsByGroup() took 4 ms.
2026-05-135 19:50:26 [main] INFO  org.testng.internal.Utils - [Utils] MethodGroupsHelper.sortMethods() took 11 ms.
2026-05-135 19:50:26 [main] INFO  org.testng.internal.Utils - [Utils] MethodGroupsHelper.collectMethodsByGroup() took 4 ms.
2026-05-135 19:50:26 [main] INFO  org.testng.internal.Utils - [Utils] MethodGroupsHelper.sortMethods() took 0 ms.
2026-05-135 19:50:26 [main] INFO  org.testng.internal.Utils - [Utils] MethodGroupsHelper.collectMethodsByGroup() took 0 ms.
2026-05-135 19:50:26 [main] INFO  org.testng.internal.Utils - [Utils] MethodGroupsHelper.sortMethods() took 0 ms.
2026-05-135 19:50:26 [main] INFO  org.testng.internal.Utils - [Utils] MethodGroupsHelper.collectMethodsByGroup() took 0 ms.
2026-05-135 19:50:26 [main] INFO  org.testng.internal.Utils - [Utils] MethodGroupsHelper.sortMethods() took 0 ms.
2026-05-135 19:50:26 [main] INFO  org.testng.internal.Utils - [Utils] MethodGroupsHelper.collectMethodsByGroup() took 0 ms.
2026-05-135 19:50:26 [main] INFO  org.testng.internal.Utils - [Utils] MethodGroupsHelper.sortMethods() took 0 ms.
2026-05-135 19:50:26 [main] INFO  org.testng.internal.Utils - [Utils] MethodGroupsHelper.collectMethodsByGroup() took 1 ms.
2026-05-135 19:50:26 [main] INFO  org.testng.internal.Utils - [Utils] MethodGroupsHelper.sortMethods() took 0 ms.
2026-05-135 19:50:26 [main] INFO  org.testng.internal.Utils - [Utils] MethodGroupsHelper.collectMethodsByGroup() took 0 ms.
2026-05-135 19:50:26 [main] INFO  org.testng.internal.Utils - [Utils] MethodGroupsHelper.sortMethods() took 0 ms.
2026-05-135 19:50:26 [main] INFO  org.testng.internal.Utils - [Utils] MethodGroupsHelper.collectMethodsByGroup() took 0 ms.
2026-05-135 19:50:26 [main] INFO  org.testng.internal.Utils - [Utils] MethodGroupsHelper.sortMethods() took 0 ms.
2026-05-135 19:50:26 [main] INFO  org.testng.internal.Utils - [Utils] MethodGroupsHelper.collectMethodsByGroup() took 3 ms.
2026-05-135 19:50:26 [main] INFO  org.testng.internal.Utils - [Utils] MethodGroupsHelper.sortMethods() took 0 ms.
2026-05-135 19:50:26 [main] INFO  org.testng.internal.Utils - [Utils] MethodGroupsHelper.collectMethodsByGroup() took 0 ms.
2026-05-135 19:50:26 [main] INFO  org.testng.internal.Utils - [Utils] MethodGroupsHelper.sortMethods() took 0 ms.
2026-05-135 19:50:26 [main] INFO  org.testng.internal.Utils - [Utils] MethodGroupsHelper.collectMethodsByGroup() took 0 ms.
2026-05-135 19:50:26 [main] INFO  org.testng.internal.Utils - [Utils] MethodGroupsHelper.sortMethods() took 0 ms.
2026-05-135 19:50:26 [main] INFO  org.testng.internal.Utils - [TestNG] Running:
  C:\Users\Siddhi\AppData\Local\Temp\testng-eclipse--1968049291\testng-customsuite.xml

2026-05-135 19:50:26 [main] INFO  org.testng.internal.Utils - [Utils] DynamicGraphHelper.createDynamicGraph() took 2 ms.
2026-05-135 19:50:30 [main] INFO  org.utils.qa.Log - ===== TEST SUITE STARTED =====
2026-05-135 19:50:32 [main] INFO  org.utils.qa.Log - TEST STARTED: addProductUsingSearch
2026-05-135 19:50:32 [main] INFO  org.utils.qa.Log - LOGIN STARTED
2026-05-135 19:50:33 [main] INFO  org.utils.qa.Log - LOGIN SUCCESSFUL
2026-05-135 19:50:33 [main] INFO  org.utils.qa.Log - Navigating to Products page
2026-05-135 19:50:37 [main] INFO  org.utils.qa.Log - Searching product: Jeans
2026-05-135 19:50:39 [main] INFO  org.utils.qa.Log - Adding product to cart
2026-05-135 19:50:40 [main] INFO  org.utils.qa.Log - Product added from search
2026-05-135 19:50:40 [main] INFO  org.utils.qa.Log - CHECKOUT FLOW STARTED
2026-05-135 19:50:40 [main] INFO  org.utils.qa.Log - Clicking View Cart
2026-05-135 19:50:43 [main] INFO  org.utils.qa.Log - Proceeding to checkout
2026-05-135 19:50:44 [main] INFO  org.utils.qa.Log - Address verified on checkout page
2026-05-135 19:50:44 [main] INFO  org.utils.qa.Log - Placing order
2026-05-135 19:50:45 [main] INFO  org.utils.qa.Log - Entering payment details
2026-05-135 19:50:46 [main] INFO  org.utils.qa.Log - Paying order
2026-05-135 19:50:48 [main] INFO  org.utils.qa.Log - ORDER SUCCESSFUL
2026-05-135 19:50:48 [main] INFO  org.utils.qa.Log - TEST PASSED: addProductUsingSearch
2026-05-135 19:50:48 [main] INFO  org.utils.qa.Log - ===== TEST SUITE ENDED =====
2026-05-135 19:50:49 [main] INFO  org.testng.internal.Utils - [TestNG] Time taken by org.testng.reporters.jq.Main@5b051a5c: 45 ms
2026-05-135 19:50:49 [main] INFO  org.testng.internal.Utils - [TestNG] Time taken by org.testng.reporters.FailedReporter@2bebb74f: 1 ms
2026-05-135 19:50:49 [main] INFO  org.testng.internal.Utils - [TestNG] Time taken by org.testng.reporters.XMLReporter@2cfa2c4f: 6 ms
2026-05-135 19:50:49 [main] INFO  org.testng.internal.Utils - [TestNG] Time taken by org.testng.reporters.EmailableReporter2@70f822e: 4 ms
2026-05-135 19:50:49 [main] INFO  org.testng.internal.Utils - [TestNG] Time taken by org.testng.reporters.JUnitReportReporter@3531f3ca: 5 ms
2026-05-135 19:50:49 [main] INFO  org.testng.internal.Utils - [TestNG] Time taken by org.testng.internal.ExitCodeListener@7fcf294e: 0 ms
2026-05-135 19:50:59 [main] INFO  org.testng.internal.Utils - [Utils] MethodGroupsHelper.collectMethodsByGroup() took 0 ms.
2026-05-135 19:50:59 [main] INFO  org.testng.internal.Utils - [Utils] MethodGroupsHelper.sortMethods() took 0 ms.
2026-05-135 19:50:59 [main] INFO  org.testng.internal.Utils - [Utils] MethodGroupsHelper.collectMethodsByGroup() took 0 ms.
2026-05-135 19:50:59 [main] INFO  org.testng.internal.Utils - [Utils] MethodGroupsHelper.sortMethods() took 0 ms.
2026-05-135 19:50:59 [main] INFO  org.testng.internal.Utils - [Utils] MethodGroupsHelper.collectMethodsByGroup() took 0 ms.
2026-05-135 19:50:59 [main] INFO  org.testng.internal.Utils - [Utils] MethodGroupsHelper.sortMethods() took 0 ms.
2026-05-135 19:50:59 [main] INFO  org.testng.internal.Utils - [Utils] MethodGroupsHelper.collectMethodsByGroup() took 0 ms.
2026-05-135 19:50:59 [main] INFO  org.testng.internal.Utils - [Utils] MethodGroupsHelper.sortMethods() took 0 ms.
2026-05-135 19:50:59 [main] INFO  org.testng.internal.Utils - [Utils] MethodGroupsHelper.collectMethodsByGroup() took 4 ms.
2026-05-135 19:50:59 [main] INFO  org.testng.internal.Utils - [Utils] MethodGroupsHelper.sortMethods() took 13 ms.
2026-05-135 19:50:59 [main] INFO  org.testng.internal.Utils - [Utils] MethodGroupsHelper.collectMethodsByGroup() took 0 ms.
2026-05-135 19:50:59 [main] INFO  org.testng.internal.Utils - [Utils] MethodGroupsHelper.sortMethods() took 1 ms.
2026-05-135 19:50:59 [main] INFO  org.testng.internal.Utils - [Utils] MethodGroupsHelper.collectMethodsByGroup() took 0 ms.
2026-05-135 19:50:59 [main] INFO  org.testng.internal.Utils - [Utils] MethodGroupsHelper.sortMethods() took 0 ms.
2026-05-135 19:50:59 [main] INFO  org.testng.internal.Utils - [Utils] MethodGroupsHelper.collectMethodsByGroup() took 0 ms.
2026-05-135 19:50:59 [main] INFO  org.testng.internal.Utils - [Utils] MethodGroupsHelper.sortMethods() took 0 ms.
2026-05-135 19:50:59 [main] INFO  org.testng.internal.Utils - [Utils] MethodGroupsHelper.collectMethodsByGroup() took 0 ms.
2026-05-135 19:50:59 [main] INFO  org.testng.internal.Utils - [Utils] MethodGroupsHelper.sortMethods() took 0 ms.
2026-05-135 19:50:59 [main] INFO  org.testng.internal.Utils - [Utils] MethodGroupsHelper.collectMethodsByGroup() took 0 ms.
2026-05-135 19:50:59 [main] INFO  org.testng.internal.Utils - [Utils] MethodGroupsHelper.sortMethods() took 0 ms.
2026-05-135 19:50:59 [main] INFO  org.testng.internal.Utils - [Utils] MethodGroupsHelper.collectMethodsByGroup() took 0 ms.
2026-05-135 19:50:59 [main] INFO  org.testng.internal.Utils - [Utils] MethodGroupsHelper.sortMethods() took 0 ms.
2026-05-135 19:50:59 [main] INFO  org.testng.internal.Utils - [Utils] MethodGroupsHelper.collectMethodsByGroup() took 0 ms.
2026-05-135 19:50:59 [main] INFO  org.testng.internal.Utils - [Utils] MethodGroupsHelper.sortMethods() took 0 ms.
2026-05-135 19:50:59 [main] INFO  org.testng.internal.Utils - [Utils] MethodGroupsHelper.collectMethodsByGroup() took 2 ms.
2026-05-135 19:50:59 [main] INFO  org.testng.internal.Utils - [Utils] MethodGroupsHelper.sortMethods() took 0 ms.
2026-05-135 19:50:59 [main] INFO  org.testng.internal.Utils - [Utils] MethodGroupsHelper.collectMethodsByGroup() took 0 ms.
2026-05-135 19:50:59 [main] INFO  org.testng.internal.Utils - [Utils] MethodGroupsHelper.sortMethods() took 0 ms.
2026-05-135 19:50:59 [main] INFO  org.testng.internal.Utils - [Utils] MethodGroupsHelper.collectMethodsByGroup() took 0 ms.
2026-05-135 19:50:59 [main] INFO  org.testng.internal.Utils - [Utils] MethodGroupsHelper.sortMethods() took 0 ms.
2026-05-135 19:50:59 [main] INFO  org.testng.internal.Utils - [TestNG] Running:
  C:\Users\Siddhi\AppData\Local\Temp\testng-eclipse-1627691336\testng-customsuite.xml

2026-05-135 19:50:59 [main] INFO  org.testng.internal.Utils - [Utils] DynamicGraphHelper.createDynamicGraph() took 3 ms.
2026-05-135 19:51:03 [main] INFO  org.utils.qa.Log - ===== TEST SUITE STARTED =====
2026-05-135 19:51:06 [main] INFO  org.utils.qa.Log - TEST STARTED: categoryFlow
2026-05-135 19:51:06 [main] INFO  org.utils.qa.Log - LOGIN STARTED
2026-05-135 19:51:10 [main] INFO  org.utils.qa.Log - LOGIN SUCCESSFUL
2026-05-135 19:51:10 [main] INFO  org.utils.qa.Log - Navigating Women → Dress category
2026-05-135 19:51:37 [main] INFO  org.utils.qa.Log - TEST FAILED: categoryFlow
2026-05-135 19:51:37 [main] INFO  org.utils.qa.Log - ===== TEST SUITE ENDED =====
2026-05-135 19:51:38 [main] INFO  org.testng.internal.Utils - [TestNG] Time taken by org.testng.reporters.jq.Main@3fdecce: 53 ms
2026-05-135 19:51:38 [main] INFO  org.testng.internal.Utils - [TestNG] Time taken by org.testng.reporters.FailedReporter@ba354ca: 10 ms
2026-05-135 19:51:38 [main] INFO  org.testng.internal.Utils - [TestNG] Time taken by org.testng.reporters.XMLReporter@327c7bea: 10 ms
2026-05-135 19:51:38 [main] INFO  org.testng.internal.Utils - [TestNG] Time taken by org.testng.reporters.EmailableReporter2@68c87fc3: 7 ms
2026-05-135 19:51:38 [main] INFO  org.testng.internal.Utils - [TestNG] Time taken by org.testng.reporters.JUnitReportReporter@151db587: 5 ms
2026-05-135 19:51:38 [main] INFO  org.testng.internal.Utils - [TestNG] Time taken by org.testng.internal.ExitCodeListener@238acd0b: 1 ms
2026-05-135 19:55:24 [main] INFO  org.testng.internal.Utils - [Utils] MethodGroupsHelper.collectMethodsByGroup() took 0 ms.
2026-05-135 19:55:24 [main] INFO  org.testng.internal.Utils - [Utils] MethodGroupsHelper.sortMethods() took 2 ms.
2026-05-135 19:55:24 [main] INFO  org.testng.internal.Utils - [Utils] MethodGroupsHelper.collectMethodsByGroup() took 0 ms.
2026-05-135 19:55:24 [main] INFO  org.testng.internal.Utils - [Utils] MethodGroupsHelper.sortMethods() took 0 ms.
2026-05-135 19:55:24 [main] INFO  org.testng.internal.Utils - [Utils] MethodGroupsHelper.collectMethodsByGroup() took 0 ms.
2026-05-135 19:55:24 [main] INFO  org.testng.internal.Utils - [Utils] MethodGroupsHelper.sortMethods() took 0 ms.
2026-05-135 19:55:24 [main] INFO  org.testng.internal.Utils - [Utils] MethodGroupsHelper.collectMethodsByGroup() took 0 ms.
2026-05-135 19:55:24 [main] INFO  org.testng.internal.Utils - [Utils] MethodGroupsHelper.sortMethods() took 0 ms.
2026-05-135 19:55:24 [main] INFO  org.testng.internal.Utils - [Utils] MethodGroupsHelper.collectMethodsByGroup() took 5 ms.
2026-05-135 19:55:24 [main] INFO  org.testng.internal.Utils - [Utils] MethodGroupsHelper.sortMethods() took 7 ms.
2026-05-135 19:55:24 [main] INFO  org.testng.internal.Utils - [Utils] MethodGroupsHelper.collectMethodsByGroup() took 1 ms.
2026-05-135 19:55:24 [main] INFO  org.testng.internal.Utils - [Utils] MethodGroupsHelper.sortMethods() took 0 ms.
2026-05-135 19:55:24 [main] INFO  org.testng.internal.Utils - [Utils] MethodGroupsHelper.collectMethodsByGroup() took 0 ms.
2026-05-135 19:55:24 [main] INFO  org.testng.internal.Utils - [Utils] MethodGroupsHelper.sortMethods() took 0 ms.
2026-05-135 19:55:24 [main] INFO  org.testng.internal.Utils - [Utils] MethodGroupsHelper.collectMethodsByGroup() took 0 ms.
2026-05-135 19:55:24 [main] INFO  org.testng.internal.Utils - [Utils] MethodGroupsHelper.sortMethods() took 0 ms.
2026-05-135 19:55:24 [main] INFO  org.testng.internal.Utils - [Utils] MethodGroupsHelper.collectMethodsByGroup() took 0 ms.
2026-05-135 19:55:24 [main] INFO  org.testng.internal.Utils - [Utils] MethodGroupsHelper.sortMethods() took 0 ms.
2026-05-135 19:55:24 [main] INFO  org.testng.internal.Utils - [Utils] MethodGroupsHelper.collectMethodsByGroup() took 0 ms.
2026-05-135 19:55:24 [main] INFO  org.testng.internal.Utils - [Utils] MethodGroupsHelper.sortMethods() took 0 ms.
2026-05-135 19:55:24 [main] INFO  org.testng.internal.Utils - [Utils] MethodGroupsHelper.collectMethodsByGroup() took 0 ms.
2026-05-135 19:55:24 [main] INFO  org.testng.internal.Utils - [Utils] MethodGroupsHelper.sortMethods() took 0 ms.
2026-05-135 19:55:24 [main] INFO  org.testng.internal.Utils - [Utils] MethodGroupsHelper.collectMethodsByGroup() took 0 ms.
2026-05-135 19:55:24 [main] INFO  org.testng.internal.Utils - [Utils] MethodGroupsHelper.sortMethods() took 0 ms.
2026-05-135 19:55:24 [main] INFO  org.testng.internal.Utils - [Utils] MethodGroupsHelper.collectMethodsByGroup() took 1 ms.
2026-05-135 19:55:24 [main] INFO  org.testng.internal.Utils - [Utils] MethodGroupsHelper.sortMethods() took 0 ms.
2026-05-135 19:55:24 [main] INFO  org.testng.internal.Utils - [Utils] MethodGroupsHelper.collectMethodsByGroup() took 0 ms.
2026-05-135 19:55:24 [main] INFO  org.testng.internal.Utils - [Utils] MethodGroupsHelper.sortMethods() took 0 ms.
2026-05-135 19:55:24 [main] INFO  org.testng.internal.Utils - [Utils] MethodGroupsHelper.collectMethodsByGroup() took 0 ms.
2026-05-135 19:55:24 [main] INFO  org.testng.internal.Utils - [Utils] MethodGroupsHelper.sortMethods() took 0 ms.
2026-05-135 19:55:24 [main] INFO  org.testng.internal.Utils - [TestNG] Running:
  C:\Users\Siddhi\AppData\Local\Temp\testng-eclipse-1358334813\testng-customsuite.xml

2026-05-135 19:55:24 [main] INFO  org.testng.internal.Utils - [Utils] DynamicGraphHelper.createDynamicGraph() took 3 ms.
2026-05-135 19:55:28 [main] INFO  org.utils.qa.Log - ===== TEST SUITE STARTED =====
2026-05-135 19:55:30 [main] INFO  org.utils.qa.Log - TEST STARTED: categoryFlow
2026-05-135 19:55:30 [main] INFO  org.utils.qa.Log - LOGIN STARTED
2026-05-135 19:55:33 [main] INFO  org.utils.qa.Log - LOGIN SUCCESSFUL
2026-05-135 19:55:33 [main] INFO  org.utils.qa.Log - Navigating to Products page
2026-05-135 19:55:36 [main] INFO  org.utils.qa.Log - Navigating Women → Dress category
2026-05-135 19:56:02 [main] INFO  org.utils.qa.Log - TEST FAILED: categoryFlow
2026-05-135 19:56:03 [main] INFO  org.utils.qa.Log - ===== TEST SUITE ENDED =====
2026-05-135 19:56:03 [main] INFO  org.testng.internal.Utils - [TestNG] Time taken by org.testng.reporters.jq.Main@6eb82908: 44 ms
2026-05-135 19:56:03 [main] INFO  org.testng.internal.Utils - [TestNG] Time taken by org.testng.reporters.FailedReporter@43034809: 10 ms
2026-05-135 19:56:03 [main] INFO  org.testng.internal.Utils - [TestNG] Time taken by org.testng.reporters.XMLReporter@376e7531: 9 ms
2026-05-135 19:56:03 [main] INFO  org.testng.internal.Utils - [TestNG] Time taken by org.testng.reporters.EmailableReporter2@359ff4d9: 8 ms
2026-05-135 19:56:03 [main] INFO  org.testng.internal.Utils - [TestNG] Time taken by org.testng.reporters.JUnitReportReporter@65f58c6e: 5 ms
2026-05-135 19:56:03 [main] INFO  org.testng.internal.Utils - [TestNG] Time taken by org.testng.internal.ExitCodeListener@73ad7e90: 1 ms
2026-05-135 20:03:17 [main] INFO  org.testng.internal.Utils - [Utils] MethodGroupsHelper.collectMethodsByGroup() took 0 ms.
2026-05-135 20:03:17 [main] INFO  org.testng.internal.Utils - [Utils] MethodGroupsHelper.sortMethods() took 2 ms.
2026-05-135 20:03:17 [main] INFO  org.testng.internal.Utils - [Utils] MethodGroupsHelper.collectMethodsByGroup() took 0 ms.
2026-05-135 20:03:17 [main] INFO  org.testng.internal.Utils - [Utils] MethodGroupsHelper.sortMethods() took 0 ms.
2026-05-135 20:03:17 [main] INFO  org.testng.internal.Utils - [Utils] MethodGroupsHelper.collectMethodsByGroup() took 0 ms.
2026-05-135 20:03:17 [main] INFO  org.testng.internal.Utils - [Utils] MethodGroupsHelper.sortMethods() took 0 ms.
2026-05-135 20:03:17 [main] INFO  org.testng.internal.Utils - [Utils] MethodGroupsHelper.collectMethodsByGroup() took 0 ms.
2026-05-135 20:03:17 [main] INFO  org.testng.internal.Utils - [Utils] MethodGroupsHelper.sortMethods() took 0 ms.
2026-05-135 20:03:17 [main] INFO  org.testng.internal.Utils - [Utils] MethodGroupsHelper.collectMethodsByGroup() took 4 ms.
2026-05-135 20:03:17 [main] INFO  org.testng.internal.Utils - [Utils] MethodGroupsHelper.sortMethods() took 11 ms.
2026-05-135 20:03:17 [main] INFO  org.testng.internal.Utils - [Utils] MethodGroupsHelper.collectMethodsByGroup() took 0 ms.
2026-05-135 20:03:17 [main] INFO  org.testng.internal.Utils - [Utils] MethodGroupsHelper.sortMethods() took 0 ms.
2026-05-135 20:03:17 [main] INFO  org.testng.internal.Utils - [Utils] MethodGroupsHelper.collectMethodsByGroup() took 0 ms.
2026-05-135 20:03:17 [main] INFO  org.testng.internal.Utils - [Utils] MethodGroupsHelper.sortMethods() took 0 ms.
2026-05-135 20:03:17 [main] INFO  org.testng.internal.Utils - [Utils] MethodGroupsHelper.collectMethodsByGroup() took 0 ms.
2026-05-135 20:03:17 [main] INFO  org.testng.internal.Utils - [Utils] MethodGroupsHelper.sortMethods() took 0 ms.
2026-05-135 20:03:17 [main] INFO  org.testng.internal.Utils - [Utils] MethodGroupsHelper.collectMethodsByGroup() took 0 ms.
2026-05-135 20:03:17 [main] INFO  org.testng.internal.Utils - [Utils] MethodGroupsHelper.sortMethods() took 0 ms.
2026-05-135 20:03:17 [main] INFO  org.testng.internal.Utils - [Utils] MethodGroupsHelper.collectMethodsByGroup() took 0 ms.
2026-05-135 20:03:17 [main] INFO  org.testng.internal.Utils - [Utils] MethodGroupsHelper.sortMethods() took 0 ms.
2026-05-135 20:03:17 [main] INFO  org.testng.internal.Utils - [Utils] MethodGroupsHelper.collectMethodsByGroup() took 0 ms.
2026-05-135 20:03:17 [main] INFO  org.testng.internal.Utils - [Utils] MethodGroupsHelper.sortMethods() took 0 ms.
2026-05-135 20:03:17 [main] INFO  org.testng.internal.Utils - [Utils] MethodGroupsHelper.collectMethodsByGroup() took 0 ms.
2026-05-135 20:03:17 [main] INFO  org.testng.internal.Utils - [Utils] MethodGroupsHelper.sortMethods() took 0 ms.
2026-05-135 20:03:17 [main] INFO  org.testng.internal.Utils - [Utils] MethodGroupsHelper.collectMethodsByGroup() took 2 ms.
2026-05-135 20:03:17 [main] INFO  org.testng.internal.Utils - [Utils] MethodGroupsHelper.sortMethods() took 0 ms.
2026-05-135 20:03:17 [main] INFO  org.testng.internal.Utils - [Utils] MethodGroupsHelper.collectMethodsByGroup() took 0 ms.
2026-05-135 20:03:17 [main] INFO  org.testng.internal.Utils - [Utils] MethodGroupsHelper.sortMethods() took 0 ms.
2026-05-135 20:03:17 [main] INFO  org.testng.internal.Utils - [Utils] MethodGroupsHelper.collectMethodsByGroup() took 0 ms.
2026-05-135 20:03:17 [main] INFO  org.testng.internal.Utils - [Utils] MethodGroupsHelper.sortMethods() took 0 ms.
2026-05-135 20:03:17 [main] INFO  org.testng.internal.Utils - [TestNG] Running:
  C:\Users\Siddhi\AppData\Local\Temp\testng-eclipse--460699979\testng-customsuite.xml

2026-05-135 20:03:17 [main] INFO  org.testng.internal.Utils - [Utils] DynamicGraphHelper.createDynamicGraph() took 3 ms.
2026-05-135 20:03:21 [main] INFO  org.utils.qa.Log - ===== TEST SUITE STARTED =====
2026-05-135 20:03:23 [main] INFO  org.utils.qa.Log - TEST STARTED: categoryFlow
2026-05-135 20:03:23 [main] INFO  org.utils.qa.Log - LOGIN STARTED
2026-05-135 20:03:27 [main] INFO  org.utils.qa.Log - LOGIN SUCCESSFUL
2026-05-135 20:03:27 [main] INFO  org.utils.qa.Log - Navigating to Products page
2026-05-135 20:03:27 [main] INFO  org.utils.qa.Log - Navigating Women → Dress category
2026-05-135 20:03:32 [main] INFO  org.utils.qa.Log - Adding product to cart
2026-05-135 20:03:32 [main] INFO  org.utils.qa.Log - CHECKOUT FLOW STARTED
2026-05-135 20:03:32 [main] INFO  org.utils.qa.Log - Clicking View Cart
2026-05-135 20:03:34 [main] INFO  org.utils.qa.Log - Proceeding to checkout
2026-05-135 20:03:36 [main] INFO  org.utils.qa.Log - Address verified on checkout page
2026-05-135 20:03:36 [main] INFO  org.utils.qa.Log - Placing order
2026-05-135 20:03:38 [main] INFO  org.utils.qa.Log - Entering payment details
2026-05-135 20:03:38 [main] INFO  org.utils.qa.Log - Paying order
2026-05-135 20:03:41 [main] INFO  org.utils.qa.Log - ORDER SUCCESSFUL
2026-05-135 20:03:41 [main] INFO  org.utils.qa.Log - TEST PASSED: categoryFlow
2026-05-135 20:03:41 [main] INFO  org.utils.qa.Log - ===== TEST SUITE ENDED =====
2026-05-135 20:03:41 [main] INFO  org.testng.internal.Utils - [TestNG] Time taken by org.testng.reporters.jq.Main@4867ab9f: 39 ms
2026-05-135 20:03:41 [main] INFO  org.testng.internal.Utils - [TestNG] Time taken by org.testng.reporters.FailedReporter@59e43e8c: 0 ms
2026-05-135 20:03:41 [main] INFO  org.testng.internal.Utils - [TestNG] Time taken by org.testng.reporters.XMLReporter@5477a1ca: 6 ms
2026-05-135 20:03:41 [main] INFO  org.testng.internal.Utils - [TestNG] Time taken by org.testng.reporters.EmailableReporter2@5633dafd: 4 ms
2026-05-135 20:03:41 [main] INFO  org.testng.internal.Utils - [TestNG] Time taken by org.testng.reporters.JUnitReportReporter@59901c4d: 7 ms
2026-05-135 20:03:41 [main] INFO  org.testng.internal.Utils - [TestNG] Time taken by org.testng.internal.ExitCodeListener@168cd36b: 0 ms
2026-05-135 20:03:48 [main] INFO  org.testng.internal.Utils - [Utils] MethodGroupsHelper.collectMethodsByGroup() took 0 ms.
2026-05-135 20:03:48 [main] INFO  org.testng.internal.Utils - [Utils] MethodGroupsHelper.sortMethods() took 0 ms.
2026-05-135 20:03:48 [main] INFO  org.testng.internal.Utils - [Utils] MethodGroupsHelper.collectMethodsByGroup() took 0 ms.
2026-05-135 20:03:48 [main] INFO  org.testng.internal.Utils - [Utils] MethodGroupsHelper.sortMethods() took 0 ms.
2026-05-135 20:03:48 [main] INFO  org.testng.internal.Utils - [Utils] MethodGroupsHelper.collectMethodsByGroup() took 0 ms.
2026-05-135 20:03:48 [main] INFO  org.testng.internal.Utils - [Utils] MethodGroupsHelper.sortMethods() took 0 ms.
2026-05-135 20:03:48 [main] INFO  org.testng.internal.Utils - [Utils] MethodGroupsHelper.collectMethodsByGroup() took 0 ms.
2026-05-135 20:03:48 [main] INFO  org.testng.internal.Utils - [Utils] MethodGroupsHelper.sortMethods() took 0 ms.
2026-05-135 20:03:48 [main] INFO  org.testng.internal.Utils - [Utils] MethodGroupsHelper.collectMethodsByGroup() took 4 ms.
2026-05-135 20:03:48 [main] INFO  org.testng.internal.Utils - [Utils] MethodGroupsHelper.sortMethods() took 8 ms.
2026-05-135 20:03:48 [main] INFO  org.testng.internal.Utils - [Utils] MethodGroupsHelper.collectMethodsByGroup() took 0 ms.
2026-05-135 20:03:48 [main] INFO  org.testng.internal.Utils - [Utils] MethodGroupsHelper.sortMethods() took 0 ms.
2026-05-135 20:03:48 [main] INFO  org.testng.internal.Utils - [Utils] MethodGroupsHelper.collectMethodsByGroup() took 0 ms.
2026-05-135 20:03:48 [main] INFO  org.testng.internal.Utils - [Utils] MethodGroupsHelper.sortMethods() took 0 ms.
2026-05-135 20:03:48 [main] INFO  org.testng.internal.Utils - [Utils] MethodGroupsHelper.collectMethodsByGroup() took 0 ms.
2026-05-135 20:03:48 [main] INFO  org.testng.internal.Utils - [Utils] MethodGroupsHelper.sortMethods() took 0 ms.
2026-05-135 20:03:48 [main] INFO  org.testng.internal.Utils - [Utils] MethodGroupsHelper.collectMethodsByGroup() took 0 ms.
2026-05-135 20:03:48 [main] INFO  org.testng.internal.Utils - [Utils] MethodGroupsHelper.sortMethods() took 0 ms.
2026-05-135 20:03:48 [main] INFO  org.testng.internal.Utils - [Utils] MethodGroupsHelper.collectMethodsByGroup() took 0 ms.
2026-05-135 20:03:48 [main] INFO  org.testng.internal.Utils - [Utils] MethodGroupsHelper.sortMethods() took 0 ms.
2026-05-135 20:03:48 [main] INFO  org.testng.internal.Utils - [Utils] MethodGroupsHelper.collectMethodsByGroup() took 0 ms.
2026-05-135 20:03:48 [main] INFO  org.testng.internal.Utils - [Utils] MethodGroupsHelper.sortMethods() took 0 ms.
2026-05-135 20:03:48 [main] INFO  org.testng.internal.Utils - [Utils] MethodGroupsHelper.collectMethodsByGroup() took 0 ms.
2026-05-135 20:03:48 [main] INFO  org.testng.internal.Utils - [Utils] MethodGroupsHelper.sortMethods() took 0 ms.
2026-05-135 20:03:48 [main] INFO  org.testng.internal.Utils - [Utils] MethodGroupsHelper.collectMethodsByGroup() took 4 ms.
2026-05-135 20:03:48 [main] INFO  org.testng.internal.Utils - [Utils] MethodGroupsHelper.sortMethods() took 0 ms.
2026-05-135 20:03:48 [main] INFO  org.testng.internal.Utils - [Utils] MethodGroupsHelper.collectMethodsByGroup() took 0 ms.
2026-05-135 20:03:48 [main] INFO  org.testng.internal.Utils - [Utils] MethodGroupsHelper.sortMethods() took 0 ms.
2026-05-135 20:03:48 [main] INFO  org.testng.internal.Utils - [Utils] MethodGroupsHelper.collectMethodsByGroup() took 0 ms.
2026-05-135 20:03:48 [main] INFO  org.testng.internal.Utils - [Utils] MethodGroupsHelper.sortMethods() took 0 ms.
2026-05-135 20:03:48 [main] INFO  org.testng.internal.Utils - [TestNG] Running:
  C:\Users\Siddhi\AppData\Local\Temp\testng-eclipse--1259392723\testng-customsuite.xml

2026-05-135 20:03:48 [main] INFO  org.testng.internal.Utils - [Utils] DynamicGraphHelper.createDynamicGraph() took 3 ms.
2026-05-135 20:03:52 [main] INFO  org.utils.qa.Log - ===== TEST SUITE STARTED =====
2026-05-135 20:03:54 [main] INFO  org.utils.qa.Log - TEST STARTED: brandFlow
2026-05-135 20:03:54 [main] INFO  org.utils.qa.Log - LOGIN STARTED
2026-05-135 20:03:57 [main] INFO  org.utils.qa.Log - LOGIN SUCCESSFUL
2026-05-135 20:03:57 [main] INFO  org.utils.qa.Log - Navigating to Products page
2026-05-135 20:03:59 [main] INFO  org.utils.qa.Log - Navigating brand: BIBA
2026-05-135 20:03:59 [main] INFO  org.utils.qa.Log - Navigating to Products page
2026-05-135 20:04:21 [main] INFO  org.utils.qa.Log - TEST FAILED: brandFlow
2026-05-135 20:04:21 [main] INFO  org.utils.qa.Log - ===== TEST SUITE ENDED =====
2026-05-135 20:04:22 [main] INFO  org.testng.internal.Utils - [TestNG] Time taken by org.testng.reporters.jq.Main@724c5cbe: 42 ms
2026-05-135 20:04:22 [main] INFO  org.testng.internal.Utils - [TestNG] Time taken by org.testng.reporters.FailedReporter@6a0cbc6f: 10 ms
2026-05-135 20:04:22 [main] INFO  org.testng.internal.Utils - [TestNG] Time taken by org.testng.reporters.XMLReporter@65ec8b24: 8 ms
2026-05-135 20:04:22 [main] INFO  org.testng.internal.Utils - [TestNG] Time taken by org.testng.reporters.EmailableReporter2@ce9b9a9: 8 ms
2026-05-135 20:04:22 [main] INFO  org.testng.internal.Utils - [TestNG] Time taken by org.testng.reporters.JUnitReportReporter@506dcf55: 5 ms
2026-05-135 20:04:22 [main] INFO  org.testng.internal.Utils - [TestNG] Time taken by org.testng.internal.ExitCodeListener@270b6b5e: 0 ms
2026-05-135 20:18:59 [main] INFO  org.testng.internal.Utils - [Utils] MethodGroupsHelper.collectMethodsByGroup() took 1 ms.
2026-05-135 20:18:59 [main] INFO  org.testng.internal.Utils - [Utils] MethodGroupsHelper.sortMethods() took 0 ms.
2026-05-135 20:18:59 [main] INFO  org.testng.internal.Utils - [Utils] MethodGroupsHelper.collectMethodsByGroup() took 0 ms.
2026-05-135 20:18:59 [main] INFO  org.testng.internal.Utils - [Utils] MethodGroupsHelper.sortMethods() took 0 ms.
2026-05-135 20:18:59 [main] INFO  org.testng.internal.Utils - [Utils] MethodGroupsHelper.collectMethodsByGroup() took 0 ms.
2026-05-135 20:18:59 [main] INFO  org.testng.internal.Utils - [Utils] MethodGroupsHelper.sortMethods() took 0 ms.
2026-05-135 20:18:59 [main] INFO  org.testng.internal.Utils - [Utils] MethodGroupsHelper.collectMethodsByGroup() took 0 ms.
2026-05-135 20:18:59 [main] INFO  org.testng.internal.Utils - [Utils] MethodGroupsHelper.sortMethods() took 0 ms.
2026-05-135 20:18:59 [main] INFO  org.testng.internal.Utils - [Utils] MethodGroupsHelper.collectMethodsByGroup() took 4 ms.
2026-05-135 20:18:59 [main] INFO  org.testng.internal.Utils - [Utils] MethodGroupsHelper.sortMethods() took 4 ms.
2026-05-135 20:18:59 [main] INFO  org.testng.internal.Utils - [Utils] MethodGroupsHelper.collectMethodsByGroup() took 0 ms.
2026-05-135 20:18:59 [main] INFO  org.testng.internal.Utils - [Utils] MethodGroupsHelper.sortMethods() took 0 ms.
2026-05-135 20:18:59 [main] INFO  org.testng.internal.Utils - [Utils] MethodGroupsHelper.collectMethodsByGroup() took 0 ms.
2026-05-135 20:18:59 [main] INFO  org.testng.internal.Utils - [Utils] MethodGroupsHelper.sortMethods() took 0 ms.
2026-05-135 20:18:59 [main] INFO  org.testng.internal.Utils - [Utils] MethodGroupsHelper.collectMethodsByGroup() took 0 ms.
2026-05-135 20:18:59 [main] INFO  org.testng.internal.Utils - [Utils] MethodGroupsHelper.sortMethods() took 0 ms.
2026-05-135 20:18:59 [main] INFO  org.testng.internal.Utils - [Utils] MethodGroupsHelper.collectMethodsByGroup() took 0 ms.
2026-05-135 20:18:59 [main] INFO  org.testng.internal.Utils - [Utils] MethodGroupsHelper.sortMethods() took 0 ms.
2026-05-135 20:18:59 [main] INFO  org.testng.internal.Utils - [Utils] MethodGroupsHelper.collectMethodsByGroup() took 0 ms.
2026-05-135 20:18:59 [main] INFO  org.testng.internal.Utils - [Utils] MethodGroupsHelper.sortMethods() took 0 ms.
2026-05-135 20:18:59 [main] INFO  org.testng.internal.Utils - [Utils] MethodGroupsHelper.collectMethodsByGroup() took 0 ms.
2026-05-135 20:18:59 [main] INFO  org.testng.internal.Utils - [Utils] MethodGroupsHelper.sortMethods() took 0 ms.
2026-05-135 20:18:59 [main] INFO  org.testng.internal.Utils - [Utils] MethodGroupsHelper.collectMethodsByGroup() took 0 ms.
2026-05-135 20:18:59 [main] INFO  org.testng.internal.Utils - [Utils] MethodGroupsHelper.sortMethods() took 0 ms.
2026-05-135 20:18:59 [main] INFO  org.testng.internal.Utils - [Utils] MethodGroupsHelper.collectMethodsByGroup() took 0 ms.
2026-05-135 20:18:59 [main] INFO  org.testng.internal.Utils - [Utils] MethodGroupsHelper.sortMethods() took 0 ms.
2026-05-135 20:18:59 [main] INFO  org.testng.internal.Utils - [Utils] MethodGroupsHelper.collectMethodsByGroup() took 0 ms.
2026-05-135 20:18:59 [main] INFO  org.testng.internal.Utils - [Utils] MethodGroupsHelper.sortMethods() took 0 ms.
2026-05-135 20:18:59 [main] INFO  org.testng.internal.Utils - [Utils] MethodGroupsHelper.collectMethodsByGroup() took 0 ms.
2026-05-135 20:18:59 [main] INFO  org.testng.internal.Utils - [Utils] MethodGroupsHelper.sortMethods() took 0 ms.
2026-05-135 20:18:59 [main] INFO  org.testng.internal.Utils - [TestNG] Running:
  C:\Users\Siddhi\AppData\Local\Temp\testng-eclipse--820511888\testng-customsuite.xml

2026-05-135 20:18:59 [main] INFO  org.testng.internal.Utils - [Utils] DynamicGraphHelper.createDynamicGraph() took 3 ms.
2026-05-135 20:19:06 [main] INFO  org.utils.qa.Log - ===== TEST SUITE STARTED =====
2026-05-135 20:19:08 [main] INFO  org.utils.qa.Log - TEST STARTED: brandFlow
2026-05-135 20:19:08 [main] INFO  org.utils.qa.Log - LOGIN STARTED
2026-05-135 20:19:13 [main] INFO  org.utils.qa.Log - LOGIN SUCCESSFUL
2026-05-135 20:19:13 [main] INFO  org.utils.qa.Log - Navigating to Products page
2026-05-135 20:19:15 [main] INFO  org.utils.qa.Log - Navigating brand: BIBA
2026-05-135 20:19:15 [main] INFO  org.utils.qa.Log - Navigating to Products page
2026-05-135 20:19:37 [main] INFO  org.utils.qa.Log - TEST FAILED: brandFlow
2026-05-135 20:19:37 [main] INFO  org.utils.qa.Log - ===== TEST SUITE ENDED =====
2026-05-135 20:19:37 [main] INFO  org.testng.internal.Utils - [TestNG] Time taken by org.testng.reporters.jq.Main@29528a22: 36 ms
2026-05-135 20:19:37 [main] INFO  org.testng.internal.Utils - [TestNG] Time taken by org.testng.reporters.FailedReporter@3fd2322d: 7 ms
2026-05-135 20:19:37 [main] INFO  org.testng.internal.Utils - [TestNG] Time taken by org.testng.reporters.XMLReporter@418c020b: 7 ms
2026-05-135 20:19:37 [main] INFO  org.testng.internal.Utils - [TestNG] Time taken by org.testng.reporters.EmailableReporter2@40f8f5a8: 5 ms
2026-05-135 20:19:37 [main] INFO  org.testng.internal.Utils - [TestNG] Time taken by org.testng.reporters.JUnitReportReporter@2add4d24: 5 ms
2026-05-135 20:19:37 [main] INFO  org.testng.internal.Utils - [TestNG] Time taken by org.testng.internal.ExitCodeListener@3f93e4a8: 0 ms
2026-05-135 20:22:46 [main] INFO  org.testng.internal.Utils - [Utils] MethodGroupsHelper.collectMethodsByGroup() took 0 ms.
2026-05-135 20:22:46 [main] INFO  org.testng.internal.Utils - [Utils] MethodGroupsHelper.sortMethods() took 1 ms.
2026-05-135 20:22:46 [main] INFO  org.testng.internal.Utils - [Utils] MethodGroupsHelper.collectMethodsByGroup() took 0 ms.
2026-05-135 20:22:46 [main] INFO  org.testng.internal.Utils - [Utils] MethodGroupsHelper.sortMethods() took 0 ms.
2026-05-135 20:22:46 [main] INFO  org.testng.internal.Utils - [Utils] MethodGroupsHelper.collectMethodsByGroup() took 0 ms.
2026-05-135 20:22:46 [main] INFO  org.testng.internal.Utils - [Utils] MethodGroupsHelper.sortMethods() took 0 ms.
2026-05-135 20:22:46 [main] INFO  org.testng.internal.Utils - [Utils] MethodGroupsHelper.collectMethodsByGroup() took 0 ms.
2026-05-135 20:22:46 [main] INFO  org.testng.internal.Utils - [Utils] MethodGroupsHelper.sortMethods() took 0 ms.
2026-05-135 20:22:46 [main] INFO  org.testng.internal.Utils - [Utils] MethodGroupsHelper.collectMethodsByGroup() took 5 ms.
2026-05-135 20:22:46 [main] INFO  org.testng.internal.Utils - [Utils] MethodGroupsHelper.sortMethods() took 9 ms.
2026-05-135 20:22:46 [main] INFO  org.testng.internal.Utils - [Utils] MethodGroupsHelper.collectMethodsByGroup() took 0 ms.
2026-05-135 20:22:46 [main] INFO  org.testng.internal.Utils - [Utils] MethodGroupsHelper.sortMethods() took 0 ms.
2026-05-135 20:22:46 [main] INFO  org.testng.internal.Utils - [Utils] MethodGroupsHelper.collectMethodsByGroup() took 0 ms.
2026-05-135 20:22:46 [main] INFO  org.testng.internal.Utils - [Utils] MethodGroupsHelper.sortMethods() took 0 ms.
2026-05-135 20:22:46 [main] INFO  org.testng.internal.Utils - [Utils] MethodGroupsHelper.collectMethodsByGroup() took 0 ms.
2026-05-135 20:22:46 [main] INFO  org.testng.internal.Utils - [Utils] MethodGroupsHelper.sortMethods() took 0 ms.
2026-05-135 20:22:46 [main] INFO  org.testng.internal.Utils - [Utils] MethodGroupsHelper.collectMethodsByGroup() took 0 ms.
2026-05-135 20:22:46 [main] INFO  org.testng.internal.Utils - [Utils] MethodGroupsHelper.sortMethods() took 0 ms.
2026-05-135 20:22:46 [main] INFO  org.testng.internal.Utils - [Utils] MethodGroupsHelper.collectMethodsByGroup() took 0 ms.
2026-05-135 20:22:46 [main] INFO  org.testng.internal.Utils - [Utils] MethodGroupsHelper.sortMethods() took 0 ms.
2026-05-135 20:22:46 [main] INFO  org.testng.internal.Utils - [Utils] MethodGroupsHelper.collectMethodsByGroup() took 0 ms.
2026-05-135 20:22:46 [main] INFO  org.testng.internal.Utils - [Utils] MethodGroupsHelper.sortMethods() took 0 ms.
2026-05-135 20:22:46 [main] INFO  org.testng.internal.Utils - [Utils] MethodGroupsHelper.collectMethodsByGroup() took 0 ms.
2026-05-135 20:22:46 [main] INFO  org.testng.internal.Utils - [Utils] MethodGroupsHelper.sortMethods() took 0 ms.
2026-05-135 20:22:46 [main] INFO  org.testng.internal.Utils - [Utils] MethodGroupsHelper.collectMethodsByGroup() took 1 ms.
2026-05-135 20:22:46 [main] INFO  org.testng.internal.Utils - [Utils] MethodGroupsHelper.sortMethods() took 0 ms.
2026-05-135 20:22:46 [main] INFO  org.testng.internal.Utils - [Utils] MethodGroupsHelper.collectMethodsByGroup() took 0 ms.
2026-05-135 20:22:46 [main] INFO  org.testng.internal.Utils - [Utils] MethodGroupsHelper.sortMethods() took 0 ms.
2026-05-135 20:22:46 [main] INFO  org.testng.internal.Utils - [Utils] MethodGroupsHelper.collectMethodsByGroup() took 0 ms.
2026-05-135 20:22:46 [main] INFO  org.testng.internal.Utils - [Utils] MethodGroupsHelper.sortMethods() took 0 ms.
2026-05-135 20:22:46 [main] INFO  org.testng.internal.Utils - [TestNG] Running:
  C:\Users\Siddhi\AppData\Local\Temp\testng-eclipse--245187521\testng-customsuite.xml

2026-05-135 20:22:46 [main] INFO  org.testng.internal.Utils - [Utils] DynamicGraphHelper.createDynamicGraph() took 4 ms.
2026-05-135 20:22:54 [main] INFO  org.utils.qa.Log - ===== TEST SUITE STARTED =====
2026-05-135 20:22:57 [main] INFO  org.utils.qa.Log - LOGIN STARTED
2026-05-135 20:23:11 [main] INFO  org.utils.qa.Log - LOGIN SUCCESSFUL
2026-05-135 20:23:11 [main] INFO  org.utils.qa.Log - Navigating to Products page
2026-05-135 20:23:14 [main] INFO  org.utils.qa.Log - Navigating brand: BIBA
2026-05-135 20:23:14 [main] INFO  org.utils.qa.Log - Navigating to Products page
2026-05-135 20:23:36 [main] INFO  org.utils.qa.Log - TEST FAILED: brandFlow
2026-05-135 20:23:36 [main] INFO  org.utils.qa.Log - ===== TEST SUITE ENDED =====
2026-05-135 20:23:37 [main] INFO  org.testng.internal.Utils - [TestNG] Time taken by org.testng.reporters.jq.Main@4ce14f05: 56 ms
2026-05-135 20:23:37 [main] INFO  org.testng.internal.Utils - [TestNG] Time taken by org.testng.reporters.FailedReporter@1023150a: 13 ms
2026-05-135 20:23:37 [main] INFO  org.testng.internal.Utils - [TestNG] Time taken by org.testng.reporters.XMLReporter@15f2eda3: 10 ms
2026-05-135 20:23:37 [main] INFO  org.testng.internal.Utils - [TestNG] Time taken by org.testng.reporters.EmailableReporter2@7d070ef5: 6 ms
2026-05-135 20:23:37 [main] INFO  org.testng.internal.Utils - [TestNG] Time taken by org.testng.reporters.JUnitReportReporter@5445f5ba: 6 ms
2026-05-135 20:23:37 [main] INFO  org.testng.internal.Utils - [TestNG] Time taken by org.testng.internal.ExitCodeListener@1431267b: 0 ms
2026-05-135 20:26:33 [main] INFO  org.testng.internal.Utils - [Utils] MethodGroupsHelper.collectMethodsByGroup() took 1 ms.
2026-05-135 20:26:33 [main] INFO  org.testng.internal.Utils - [Utils] MethodGroupsHelper.sortMethods() took 1 ms.
2026-05-135 20:26:33 [main] INFO  org.testng.internal.Utils - [Utils] MethodGroupsHelper.collectMethodsByGroup() took 0 ms.
2026-05-135 20:26:33 [main] INFO  org.testng.internal.Utils - [Utils] MethodGroupsHelper.sortMethods() took 0 ms.
2026-05-135 20:26:33 [main] INFO  org.testng.internal.Utils - [Utils] MethodGroupsHelper.collectMethodsByGroup() took 0 ms.
2026-05-135 20:26:33 [main] INFO  org.testng.internal.Utils - [Utils] MethodGroupsHelper.sortMethods() took 0 ms.
2026-05-135 20:26:33 [main] INFO  org.testng.internal.Utils - [Utils] MethodGroupsHelper.collectMethodsByGroup() took 0 ms.
2026-05-135 20:26:33 [main] INFO  org.testng.internal.Utils - [Utils] MethodGroupsHelper.sortMethods() took 0 ms.
2026-05-135 20:26:33 [main] INFO  org.testng.internal.Utils - [Utils] MethodGroupsHelper.collectMethodsByGroup() took 3 ms.
2026-05-135 20:26:33 [main] INFO  org.testng.internal.Utils - [Utils] MethodGroupsHelper.sortMethods() took 5 ms.
2026-05-135 20:26:33 [main] INFO  org.testng.internal.Utils - [Utils] MethodGroupsHelper.collectMethodsByGroup() took 0 ms.
2026-05-135 20:26:33 [main] INFO  org.testng.internal.Utils - [Utils] MethodGroupsHelper.sortMethods() took 0 ms.
2026-05-135 20:26:33 [main] INFO  org.testng.internal.Utils - [Utils] MethodGroupsHelper.collectMethodsByGroup() took 0 ms.
2026-05-135 20:26:33 [main] INFO  org.testng.internal.Utils - [Utils] MethodGroupsHelper.sortMethods() took 0 ms.
2026-05-135 20:26:33 [main] INFO  org.testng.internal.Utils - [Utils] MethodGroupsHelper.collectMethodsByGroup() took 0 ms.
2026-05-135 20:26:33 [main] INFO  org.testng.internal.Utils - [Utils] MethodGroupsHelper.sortMethods() took 0 ms.
2026-05-135 20:26:33 [main] INFO  org.testng.internal.Utils - [Utils] MethodGroupsHelper.collectMethodsByGroup() took 0 ms.
2026-05-135 20:26:33 [main] INFO  org.testng.internal.Utils - [Utils] MethodGroupsHelper.sortMethods() took 1 ms.
2026-05-135 20:26:33 [main] INFO  org.testng.internal.Utils - [Utils] MethodGroupsHelper.collectMethodsByGroup() took 0 ms.
2026-05-135 20:26:33 [main] INFO  org.testng.internal.Utils - [Utils] MethodGroupsHelper.sortMethods() took 0 ms.
2026-05-135 20:26:33 [main] INFO  org.testng.internal.Utils - [Utils] MethodGroupsHelper.collectMethodsByGroup() took 0 ms.
2026-05-135 20:26:33 [main] INFO  org.testng.internal.Utils - [Utils] MethodGroupsHelper.sortMethods() took 0 ms.
2026-05-135 20:26:33 [main] INFO  org.testng.internal.Utils - [Utils] MethodGroupsHelper.collectMethodsByGroup() took 0 ms.
2026-05-135 20:26:33 [main] INFO  org.testng.internal.Utils - [Utils] MethodGroupsHelper.sortMethods() took 0 ms.
2026-05-135 20:26:33 [main] INFO  org.testng.internal.Utils - [Utils] MethodGroupsHelper.collectMethodsByGroup() took 0 ms.
2026-05-135 20:26:33 [main] INFO  org.testng.internal.Utils - [Utils] MethodGroupsHelper.sortMethods() took 4 ms.
2026-05-135 20:26:33 [main] INFO  org.testng.internal.Utils - [Utils] MethodGroupsHelper.collectMethodsByGroup() took 0 ms.
2026-05-135 20:26:33 [main] INFO  org.testng.internal.Utils - [Utils] MethodGroupsHelper.sortMethods() took 0 ms.
2026-05-135 20:26:33 [main] INFO  org.testng.internal.Utils - [Utils] MethodGroupsHelper.collectMethodsByGroup() took 0 ms.
2026-05-135 20:26:33 [main] INFO  org.testng.internal.Utils - [Utils] MethodGroupsHelper.sortMethods() took 0 ms.
2026-05-135 20:26:33 [main] INFO  org.testng.internal.Utils - [TestNG] Running:
  C:\Users\Siddhi\AppData\Local\Temp\testng-eclipse--1044925598\testng-customsuite.xml

2026-05-135 20:26:33 [main] INFO  org.testng.internal.Utils - [Utils] DynamicGraphHelper.createDynamicGraph() took 2 ms.
2026-05-135 20:26:37 [main] INFO  org.utils.qa.Log - ===== TEST SUITE STARTED =====
2026-05-135 20:26:39 [main] INFO  org.utils.qa.Log - TEST STARTED: addProductUsingSearch
2026-05-135 20:26:39 [main] INFO  org.utils.qa.Log - LOGIN STARTED
2026-05-135 20:26:43 [main] INFO  org.utils.qa.Log - LOGIN SUCCESSFUL
2026-05-135 20:26:43 [main] INFO  org.utils.qa.Log - Navigating to Products page
2026-05-135 20:26:45 [main] INFO  org.utils.qa.Log - Searching product: Jeans
2026-05-135 20:26:48 [main] INFO  org.utils.qa.Log - Adding product to cart
2026-05-135 20:27:08 [main] INFO  org.utils.qa.Log - TEST FAILED: addProductUsingSearch
2026-05-135 20:27:11 [main] INFO  org.utils.qa.Log - TEST STARTED: brandFlow
2026-05-135 20:27:11 [main] INFO  org.utils.qa.Log - LOGIN STARTED
2026-05-135 20:27:15 [main] INFO  org.utils.qa.Log - LOGIN SUCCESSFUL
2026-05-135 20:27:15 [main] INFO  org.utils.qa.Log - Navigating to Products page
2026-05-135 20:27:17 [main] INFO  org.utils.qa.Log - Navigating brand: BIBA
2026-05-135 20:27:38 [main] INFO  org.utils.qa.Log - TEST FAILED: brandFlow
2026-05-135 20:27:41 [main] INFO  org.utils.qa.Log - TEST STARTED: categoryFlow
2026-05-135 20:27:41 [main] INFO  org.utils.qa.Log - LOGIN STARTED
2026-05-135 20:27:45 [main] INFO  org.utils.qa.Log - LOGIN SUCCESSFUL
2026-05-135 20:27:45 [main] INFO  org.utils.qa.Log - Navigating to Products page
2026-05-135 20:27:47 [main] INFO  org.utils.qa.Log - Navigating Women → Dress category
2026-05-135 20:28:10 [main] INFO  org.utils.qa.Log - Adding product to cart
2026-05-135 20:28:30 [main] INFO  org.utils.qa.Log - TEST FAILED: categoryFlow
2026-05-135 20:28:33 [main] INFO  org.utils.qa.Log - TEST STARTED: guestUserBlocked
2026-05-135 20:28:35 [main] INFO  org.utils.qa.Log - Navigating to Products page
2026-05-135 20:28:37 [main] INFO  org.utils.qa.Log - Searching product: Top
2026-05-135 20:28:39 [main] INFO  org.utils.qa.Log - Adding product to cart
2026-05-135 20:28:59 [main] INFO  org.utils.qa.Log - TEST FAILED: guestUserBlocked
2026-05-135 20:29:02 [main] INFO  org.utils.qa.Log - TEST STARTED: verifyQuantity
2026-05-135 20:29:02 [main] INFO  org.utils.qa.Log - LOGIN STARTED
2026-05-135 20:29:07 [main] INFO  org.utils.qa.Log - LOGIN SUCCESSFUL
2026-05-135 20:29:07 [main] INFO  org.utils.qa.Log - Navigating to Products page
2026-05-135 20:29:11 [main] INFO  org.utils.qa.Log - Setting quantity: 3
2026-05-135 20:29:11 [main] INFO  org.utils.qa.Log - Quantity updated before adding to cart
2026-05-135 20:29:11 [main] INFO  org.utils.qa.Log - Adding from product detail page
2026-05-135 20:29:12 [main] INFO  org.utils.qa.Log - CHECKOUT FLOW STARTED
2026-05-135 20:29:12 [main] INFO  org.utils.qa.Log - Clicking View Cart
2026-05-135 20:29:13 [main] INFO  org.utils.qa.Log - Proceeding to checkout
2026-05-135 20:29:14 [main] INFO  org.utils.qa.Log - Address verified on checkout page
2026-05-135 20:29:14 [main] INFO  org.utils.qa.Log - Placing order
2026-05-135 20:29:17 [main] INFO  org.utils.qa.Log - Entering payment details
2026-05-135 20:29:17 [main] INFO  org.utils.qa.Log - Paying order
2026-05-135 20:29:19 [main] INFO  org.utils.qa.Log - ORDER SUCCESSFUL
2026-05-135 20:29:19 [main] INFO  org.utils.qa.Log - TEST PASSED: verifyQuantity
2026-05-135 20:29:19 [main] INFO  org.utils.qa.Log - ===== TEST SUITE ENDED =====
2026-05-135 20:29:20 [main] INFO  org.testng.internal.Utils - [TestNG] Time taken by org.testng.reporters.jq.Main@59e7564b: 33 ms
2026-05-135 20:29:20 [main] INFO  org.testng.internal.Utils - [TestNG] Time taken by org.testng.reporters.FailedReporter@e26a3df: 7 ms
2026-05-135 20:29:20 [main] INFO  org.testng.internal.Utils - [TestNG] Time taken by org.testng.reporters.XMLReporter@20ffb8d5: 9 ms
2026-05-135 20:29:20 [main] INFO  org.testng.internal.Utils - [TestNG] Time taken by org.testng.reporters.EmailableReporter2@66020d69: 5 ms
2026-05-135 20:29:20 [main] INFO  org.testng.internal.Utils - [TestNG] Time taken by org.testng.reporters.JUnitReportReporter@24a04257: 5 ms
2026-05-135 20:29:20 [main] INFO  org.testng.internal.Utils - [TestNG] Time taken by org.testng.internal.ExitCodeListener@6615237: 0 ms
2026-05-135 20:37:44 [main] INFO  org.testng.internal.Utils - [Utils] MethodGroupsHelper.collectMethodsByGroup() took 0 ms.
2026-05-135 20:37:44 [main] INFO  org.testng.internal.Utils - [Utils] MethodGroupsHelper.sortMethods() took 0 ms.
2026-05-135 20:37:44 [main] INFO  org.testng.internal.Utils - [Utils] MethodGroupsHelper.collectMethodsByGroup() took 0 ms.
2026-05-135 20:37:44 [main] INFO  org.testng.internal.Utils - [Utils] MethodGroupsHelper.sortMethods() took 0 ms.
2026-05-135 20:37:44 [main] INFO  org.testng.internal.Utils - [Utils] MethodGroupsHelper.collectMethodsByGroup() took 0 ms.
2026-05-135 20:37:44 [main] INFO  org.testng.internal.Utils - [Utils] MethodGroupsHelper.sortMethods() took 0 ms.
2026-05-135 20:37:44 [main] INFO  org.testng.internal.Utils - [Utils] MethodGroupsHelper.collectMethodsByGroup() took 0 ms.
2026-05-135 20:37:44 [main] INFO  org.testng.internal.Utils - [Utils] MethodGroupsHelper.sortMethods() took 0 ms.
2026-05-135 20:37:44 [main] INFO  org.testng.internal.Utils - [Utils] MethodGroupsHelper.collectMethodsByGroup() took 2 ms.
2026-05-135 20:37:44 [main] INFO  org.testng.internal.Utils - [Utils] MethodGroupsHelper.sortMethods() took 5 ms.
2026-05-135 20:37:44 [main] INFO  org.testng.internal.Utils - [Utils] MethodGroupsHelper.collectMethodsByGroup() took 0 ms.
2026-05-135 20:37:44 [main] INFO  org.testng.internal.Utils - [Utils] MethodGroupsHelper.sortMethods() took 0 ms.
2026-05-135 20:37:44 [main] INFO  org.testng.internal.Utils - [Utils] MethodGroupsHelper.collectMethodsByGroup() took 0 ms.
2026-05-135 20:37:44 [main] INFO  org.testng.internal.Utils - [Utils] MethodGroupsHelper.sortMethods() took 0 ms.
2026-05-135 20:37:44 [main] INFO  org.testng.internal.Utils - [Utils] MethodGroupsHelper.collectMethodsByGroup() took 0 ms.
2026-05-135 20:37:44 [main] INFO  org.testng.internal.Utils - [Utils] MethodGroupsHelper.sortMethods() took 0 ms.
2026-05-135 20:37:44 [main] INFO  org.testng.internal.Utils - [Utils] MethodGroupsHelper.collectMethodsByGroup() took 0 ms.
2026-05-135 20:37:44 [main] INFO  org.testng.internal.Utils - [Utils] MethodGroupsHelper.sortMethods() took 0 ms.
2026-05-135 20:37:44 [main] INFO  org.testng.internal.Utils - [Utils] MethodGroupsHelper.collectMethodsByGroup() took 0 ms.
2026-05-135 20:37:44 [main] INFO  org.testng.internal.Utils - [Utils] MethodGroupsHelper.sortMethods() took 0 ms.
2026-05-135 20:37:44 [main] INFO  org.testng.internal.Utils - [Utils] MethodGroupsHelper.collectMethodsByGroup() took 0 ms.
2026-05-135 20:37:44 [main] INFO  org.testng.internal.Utils - [Utils] MethodGroupsHelper.sortMethods() took 0 ms.
2026-05-135 20:37:44 [main] INFO  org.testng.internal.Utils - [Utils] MethodGroupsHelper.collectMethodsByGroup() took 0 ms.
2026-05-135 20:37:44 [main] INFO  org.testng.internal.Utils - [Utils] MethodGroupsHelper.sortMethods() took 0 ms.
2026-05-135 20:37:44 [main] INFO  org.testng.internal.Utils - [Utils] MethodGroupsHelper.collectMethodsByGroup() took 2 ms.
2026-05-135 20:37:44 [main] INFO  org.testng.internal.Utils - [Utils] MethodGroupsHelper.sortMethods() took 0 ms.
2026-05-135 20:37:44 [main] INFO  org.testng.internal.Utils - [Utils] MethodGroupsHelper.collectMethodsByGroup() took 0 ms.
2026-05-135 20:37:44 [main] INFO  org.testng.internal.Utils - [Utils] MethodGroupsHelper.sortMethods() took 0 ms.
2026-05-135 20:37:44 [main] INFO  org.testng.internal.Utils - [Utils] MethodGroupsHelper.collectMethodsByGroup() took 0 ms.
2026-05-135 20:37:44 [main] INFO  org.testng.internal.Utils - [Utils] MethodGroupsHelper.sortMethods() took 0 ms.
2026-05-135 20:37:44 [main] INFO  org.testng.internal.Utils - [TestNG] Running:
  C:\Users\Siddhi\AppData\Local\Temp\testng-eclipse-1568021842\testng-customsuite.xml

2026-05-135 20:37:44 [main] INFO  org.testng.internal.Utils - [Utils] DynamicGraphHelper.createDynamicGraph() took 3 ms.
2026-05-135 20:37:48 [main] INFO  org.utils.qa.Log - ===== TEST SUITE STARTED =====
2026-05-135 20:37:50 [main] INFO  org.utils.qa.Log - TEST STARTED: brandFlow
2026-05-135 20:37:50 [main] INFO  org.utils.qa.Log - LOGIN STARTED
2026-05-135 20:37:56 [main] INFO  org.utils.qa.Log - LOGIN SUCCESSFUL
2026-05-135 20:37:56 [main] INFO  org.utils.qa.Log - Navigating to Products page
2026-05-135 20:38:00 [main] INFO  org.utils.qa.Log - Navigating brand: BIBA
2026-05-135 20:38:22 [main] INFO  org.utils.qa.Log - TEST FAILED: brandFlow
2026-05-135 20:38:22 [main] INFO  org.utils.qa.Log - ===== TEST SUITE ENDED =====
2026-05-135 20:38:22 [main] INFO  org.testng.internal.Utils - [TestNG] Time taken by org.testng.reporters.jq.Main@61f80d55: 32 ms
2026-05-135 20:38:22 [main] INFO  org.testng.internal.Utils - [TestNG] Time taken by org.testng.reporters.FailedReporter@474fae39: 8 ms
2026-05-135 20:38:22 [main] INFO  org.testng.internal.Utils - [TestNG] Time taken by org.testng.reporters.XMLReporter@604b1e1d: 6 ms
2026-05-135 20:38:22 [main] INFO  org.testng.internal.Utils - [TestNG] Time taken by org.testng.reporters.EmailableReporter2@3ae2ed38: 4 ms
2026-05-135 20:38:22 [main] INFO  org.testng.internal.Utils - [TestNG] Time taken by org.testng.reporters.JUnitReportReporter@c808207: 4 ms
2026-05-135 20:38:22 [main] INFO  org.testng.internal.Utils - [TestNG] Time taken by org.testng.internal.ExitCodeListener@77134e08: 0 ms
2026-05-135 20:51:07 [main] INFO  org.testng.internal.Utils - [Utils] MethodGroupsHelper.collectMethodsByGroup() took 0 ms.
2026-05-135 20:51:07 [main] INFO  org.testng.internal.Utils - [Utils] MethodGroupsHelper.sortMethods() took 0 ms.
2026-05-135 20:51:07 [main] INFO  org.testng.internal.Utils - [Utils] MethodGroupsHelper.collectMethodsByGroup() took 0 ms.
2026-05-135 20:51:07 [main] INFO  org.testng.internal.Utils - [Utils] MethodGroupsHelper.sortMethods() took 0 ms.
2026-05-135 20:51:07 [main] INFO  org.testng.internal.Utils - [Utils] MethodGroupsHelper.collectMethodsByGroup() took 0 ms.
2026-05-135 20:51:07 [main] INFO  org.testng.internal.Utils - [Utils] MethodGroupsHelper.sortMethods() took 0 ms.
2026-05-135 20:51:07 [main] INFO  org.testng.internal.Utils - [Utils] MethodGroupsHelper.collectMethodsByGroup() took 0 ms.
2026-05-135 20:51:07 [main] INFO  org.testng.internal.Utils - [Utils] MethodGroupsHelper.sortMethods() took 0 ms.
2026-05-135 20:51:07 [main] INFO  org.testng.internal.Utils - [Utils] MethodGroupsHelper.collectMethodsByGroup() took 2 ms.
2026-05-135 20:51:07 [main] INFO  org.testng.internal.Utils - [Utils] MethodGroupsHelper.sortMethods() took 5 ms.
2026-05-135 20:51:07 [main] INFO  org.testng.internal.Utils - [Utils] MethodGroupsHelper.collectMethodsByGroup() took 0 ms.
2026-05-135 20:51:07 [main] INFO  org.testng.internal.Utils - [Utils] MethodGroupsHelper.sortMethods() took 0 ms.
2026-05-135 20:51:07 [main] INFO  org.testng.internal.Utils - [Utils] MethodGroupsHelper.collectMethodsByGroup() took 0 ms.
2026-05-135 20:51:07 [main] INFO  org.testng.internal.Utils - [Utils] MethodGroupsHelper.sortMethods() took 0 ms.
2026-05-135 20:51:07 [main] INFO  org.testng.internal.Utils - [Utils] MethodGroupsHelper.collectMethodsByGroup() took 0 ms.
2026-05-135 20:51:07 [main] INFO  org.testng.internal.Utils - [Utils] MethodGroupsHelper.sortMethods() took 0 ms.
2026-05-135 20:51:07 [main] INFO  org.testng.internal.Utils - [Utils] MethodGroupsHelper.collectMethodsByGroup() took 0 ms.
2026-05-135 20:51:07 [main] INFO  org.testng.internal.Utils - [Utils] MethodGroupsHelper.sortMethods() took 1 ms.
2026-05-135 20:51:07 [main] INFO  org.testng.internal.Utils - [Utils] MethodGroupsHelper.collectMethodsByGroup() took 0 ms.
2026-05-135 20:51:07 [main] INFO  org.testng.internal.Utils - [Utils] MethodGroupsHelper.sortMethods() took 0 ms.
2026-05-135 20:51:07 [main] INFO  org.testng.internal.Utils - [Utils] MethodGroupsHelper.collectMethodsByGroup() took 0 ms.
2026-05-135 20:51:07 [main] INFO  org.testng.internal.Utils - [Utils] MethodGroupsHelper.sortMethods() took 0 ms.
2026-05-135 20:51:07 [main] INFO  org.testng.internal.Utils - [Utils] MethodGroupsHelper.collectMethodsByGroup() took 0 ms.
2026-05-135 20:51:07 [main] INFO  org.testng.internal.Utils - [Utils] MethodGroupsHelper.sortMethods() took 0 ms.
2026-05-135 20:51:07 [main] INFO  org.testng.internal.Utils - [Utils] MethodGroupsHelper.collectMethodsByGroup() took 2 ms.
2026-05-135 20:51:07 [main] INFO  org.testng.internal.Utils - [Utils] MethodGroupsHelper.sortMethods() took 0 ms.
2026-05-135 20:51:07 [main] INFO  org.testng.internal.Utils - [Utils] MethodGroupsHelper.collectMethodsByGroup() took 0 ms.
2026-05-135 20:51:07 [main] INFO  org.testng.internal.Utils - [Utils] MethodGroupsHelper.sortMethods() took 0 ms.
2026-05-135 20:51:07 [main] INFO  org.testng.internal.Utils - [Utils] MethodGroupsHelper.collectMethodsByGroup() took 0 ms.
2026-05-135 20:51:07 [main] INFO  org.testng.internal.Utils - [Utils] MethodGroupsHelper.sortMethods() took 0 ms.
2026-05-135 20:51:07 [main] INFO  org.testng.internal.Utils - [TestNG] Running:
  C:\Users\Siddhi\AppData\Local\Temp\testng-eclipse--286505606\testng-customsuite.xml

2026-05-135 20:51:07 [main] INFO  org.testng.internal.Utils - [Utils] DynamicGraphHelper.createDynamicGraph() took 2 ms.
2026-05-135 20:51:12 [main] INFO  org.utils.qa.Log - ===== TEST SUITE STARTED =====
2026-05-135 20:51:14 [main] INFO  org.utils.qa.Log - LOGIN STARTED
2026-05-135 20:51:16 [main] INFO  org.utils.qa.Log - LOGIN SUCCESSFUL
2026-05-135 20:51:16 [main] INFO  org.utils.qa.Log - Navigating to Products page
2026-05-135 20:51:41 [main] INFO  org.testng.internal.Utils - [TestNG] Time taken by org.testng.reporters.jq.Main@4f824872: 36 ms
2026-05-135 20:51:41 [main] INFO  org.testng.internal.Utils - [TestNG] Time taken by org.testng.reporters.FailedReporter@11e33bac: 8 ms
2026-05-135 20:51:41 [main] INFO  org.testng.internal.Utils - [TestNG] Time taken by org.testng.reporters.XMLReporter@385e36d4: 7 ms
2026-05-135 20:51:41 [main] INFO  org.testng.internal.Utils - [TestNG] Time taken by org.testng.reporters.EmailableReporter2@21f8e55f: 7 ms
2026-05-135 20:51:41 [main] INFO  org.testng.internal.Utils - [TestNG] Time taken by org.testng.reporters.JUnitReportReporter@70101687: 5 ms
2026-05-135 20:51:41 [main] INFO  org.testng.internal.Utils - [TestNG] Time taken by org.testng.internal.ExitCodeListener@70e889e9: 0 ms
2026-05-135 20:56:16 [main] INFO  org.testng.internal.Utils - [Utils] MethodGroupsHelper.collectMethodsByGroup() took 0 ms.
2026-05-135 20:56:16 [main] INFO  org.testng.internal.Utils - [Utils] MethodGroupsHelper.sortMethods() took 1 ms.
2026-05-135 20:56:16 [main] INFO  org.testng.internal.Utils - [Utils] MethodGroupsHelper.collectMethodsByGroup() took 0 ms.
2026-05-135 20:56:16 [main] INFO  org.testng.internal.Utils - [Utils] MethodGroupsHelper.sortMethods() took 0 ms.
2026-05-135 20:56:16 [main] INFO  org.testng.internal.Utils - [Utils] MethodGroupsHelper.collectMethodsByGroup() took 0 ms.
2026-05-135 20:56:16 [main] INFO  org.testng.internal.Utils - [Utils] MethodGroupsHelper.sortMethods() took 0 ms.
2026-05-135 20:56:16 [main] INFO  org.testng.internal.Utils - [Utils] MethodGroupsHelper.collectMethodsByGroup() took 0 ms.
2026-05-135 20:56:16 [main] INFO  org.testng.internal.Utils - [Utils] MethodGroupsHelper.sortMethods() took 0 ms.
2026-05-135 20:56:16 [main] INFO  org.testng.internal.Utils - [Utils] MethodGroupsHelper.collectMethodsByGroup() took 2 ms.
2026-05-135 20:56:16 [main] INFO  org.testng.internal.Utils - [Utils] MethodGroupsHelper.sortMethods() took 6 ms.
2026-05-135 20:56:16 [main] INFO  org.testng.internal.Utils - [Utils] MethodGroupsHelper.collectMethodsByGroup() took 0 ms.
2026-05-135 20:56:16 [main] INFO  org.testng.internal.Utils - [Utils] MethodGroupsHelper.sortMethods() took 0 ms.
2026-05-135 20:56:16 [main] INFO  org.testng.internal.Utils - [Utils] MethodGroupsHelper.collectMethodsByGroup() took 0 ms.
2026-05-135 20:56:16 [main] INFO  org.testng.internal.Utils - [Utils] MethodGroupsHelper.sortMethods() took 0 ms.
2026-05-135 20:56:16 [main] INFO  org.testng.internal.Utils - [Utils] MethodGroupsHelper.collectMethodsByGroup() took 0 ms.
2026-05-135 20:56:16 [main] INFO  org.testng.internal.Utils - [Utils] MethodGroupsHelper.sortMethods() took 0 ms.
2026-05-135 20:56:16 [main] INFO  org.testng.internal.Utils - [Utils] MethodGroupsHelper.collectMethodsByGroup() took 0 ms.
2026-05-135 20:56:16 [main] INFO  org.testng.internal.Utils - [Utils] MethodGroupsHelper.sortMethods() took 0 ms.
2026-05-135 20:56:16 [main] INFO  org.testng.internal.Utils - [Utils] MethodGroupsHelper.collectMethodsByGroup() took 0 ms.
2026-05-135 20:56:16 [main] INFO  org.testng.internal.Utils - [Utils] MethodGroupsHelper.sortMethods() took 0 ms.
2026-05-135 20:56:16 [main] INFO  org.testng.internal.Utils - [Utils] MethodGroupsHelper.collectMethodsByGroup() took 0 ms.
2026-05-135 20:56:16 [main] INFO  org.testng.internal.Utils - [Utils] MethodGroupsHelper.sortMethods() took 0 ms.
2026-05-135 20:56:16 [main] INFO  org.testng.internal.Utils - [Utils] MethodGroupsHelper.collectMethodsByGroup() took 0 ms.
2026-05-135 20:56:16 [main] INFO  org.testng.internal.Utils - [Utils] MethodGroupsHelper.sortMethods() took 0 ms.
2026-05-135 20:56:16 [main] INFO  org.testng.internal.Utils - [Utils] MethodGroupsHelper.collectMethodsByGroup() took 1 ms.
2026-05-135 20:56:16 [main] INFO  org.testng.internal.Utils - [Utils] MethodGroupsHelper.sortMethods() took 0 ms.
2026-05-135 20:56:16 [main] INFO  org.testng.internal.Utils - [Utils] MethodGroupsHelper.collectMethodsByGroup() took 0 ms.
2026-05-135 20:56:16 [main] INFO  org.testng.internal.Utils - [Utils] MethodGroupsHelper.sortMethods() took 0 ms.
2026-05-135 20:56:16 [main] INFO  org.testng.internal.Utils - [Utils] MethodGroupsHelper.collectMethodsByGroup() took 0 ms.
2026-05-135 20:56:16 [main] INFO  org.testng.internal.Utils - [Utils] MethodGroupsHelper.sortMethods() took 0 ms.
2026-05-135 20:56:16 [main] INFO  org.testng.internal.Utils - [TestNG] Running:
  C:\Users\Siddhi\AppData\Local\Temp\testng-eclipse--142949938\testng-customsuite.xml

2026-05-135 20:56:16 [main] INFO  org.testng.internal.Utils - [Utils] DynamicGraphHelper.createDynamicGraph() took 3 ms.
2026-05-135 20:56:39 [main] INFO  org.testng.internal.Utils - [TestNG] Time taken by org.testng.reporters.jq.Main@33d53216: 30 ms
2026-05-135 20:56:39 [main] INFO  org.testng.internal.Utils - [TestNG] Time taken by org.testng.reporters.FailedReporter@7808f638: 0 ms
2026-05-135 20:56:39 [main] INFO  org.testng.internal.Utils - [TestNG] Time taken by org.testng.reporters.XMLReporter@497aec8c: 5 ms
2026-05-135 20:56:39 [main] INFO  org.testng.internal.Utils - [TestNG] Time taken by org.testng.reporters.EmailableReporter2@3672276e: 3 ms
2026-05-135 20:56:39 [main] INFO  org.testng.internal.Utils - [TestNG] Time taken by org.testng.reporters.JUnitReportReporter@706eab5d: 5 ms
2026-05-135 20:56:39 [main] INFO  org.testng.internal.Utils - [TestNG] Time taken by org.testng.internal.ExitCodeListener@72725ee1: 0 ms
2026-05-135 20:56:45 [main] INFO  org.testng.internal.Utils - [Utils] MethodGroupsHelper.collectMethodsByGroup() took 0 ms.
2026-05-135 20:56:45 [main] INFO  org.testng.internal.Utils - [Utils] MethodGroupsHelper.sortMethods() took 0 ms.
2026-05-135 20:56:45 [main] INFO  org.testng.internal.Utils - [Utils] MethodGroupsHelper.collectMethodsByGroup() took 0 ms.
2026-05-135 20:56:45 [main] INFO  org.testng.internal.Utils - [Utils] MethodGroupsHelper.sortMethods() took 0 ms.
2026-05-135 20:56:45 [main] INFO  org.testng.internal.Utils - [Utils] MethodGroupsHelper.collectMethodsByGroup() took 0 ms.
2026-05-135 20:56:45 [main] INFO  org.testng.internal.Utils - [Utils] MethodGroupsHelper.sortMethods() took 0 ms.
2026-05-135 20:56:45 [main] INFO  org.testng.internal.Utils - [Utils] MethodGroupsHelper.collectMethodsByGroup() took 0 ms.
2026-05-135 20:56:45 [main] INFO  org.testng.internal.Utils - [Utils] MethodGroupsHelper.sortMethods() took 0 ms.
2026-05-135 20:56:45 [main] INFO  org.testng.internal.Utils - [Utils] MethodGroupsHelper.collectMethodsByGroup() took 2 ms.
2026-05-135 20:56:45 [main] INFO  org.testng.internal.Utils - [Utils] MethodGroupsHelper.sortMethods() took 7 ms.
2026-05-135 20:56:45 [main] INFO  org.testng.internal.Utils - [Utils] MethodGroupsHelper.collectMethodsByGroup() took 0 ms.
2026-05-135 20:56:45 [main] INFO  org.testng.internal.Utils - [Utils] MethodGroupsHelper.sortMethods() took 1 ms.
2026-05-135 20:56:45 [main] INFO  org.testng.internal.Utils - [Utils] MethodGroupsHelper.collectMethodsByGroup() took 0 ms.
2026-05-135 20:56:45 [main] INFO  org.testng.internal.Utils - [Utils] MethodGroupsHelper.sortMethods() took 0 ms.
2026-05-135 20:56:45 [main] INFO  org.testng.internal.Utils - [Utils] MethodGroupsHelper.collectMethodsByGroup() took 0 ms.
2026-05-135 20:56:45 [main] INFO  org.testng.internal.Utils - [Utils] MethodGroupsHelper.sortMethods() took 0 ms.
2026-05-135 20:56:45 [main] INFO  org.testng.internal.Utils - [Utils] MethodGroupsHelper.collectMethodsByGroup() took 1 ms.
2026-05-135 20:56:45 [main] INFO  org.testng.internal.Utils - [Utils] MethodGroupsHelper.sortMethods() took 0 ms.
2026-05-135 20:56:45 [main] INFO  org.testng.internal.Utils - [Utils] MethodGroupsHelper.collectMethodsByGroup() took 0 ms.
2026-05-135 20:56:45 [main] INFO  org.testng.internal.Utils - [Utils] MethodGroupsHelper.sortMethods() took 0 ms.
2026-05-135 20:56:45 [main] INFO  org.testng.internal.Utils - [Utils] MethodGroupsHelper.collectMethodsByGroup() took 0 ms.
2026-05-135 20:56:45 [main] INFO  org.testng.internal.Utils - [Utils] MethodGroupsHelper.sortMethods() took 0 ms.
2026-05-135 20:56:45 [main] INFO  org.testng.internal.Utils - [Utils] MethodGroupsHelper.collectMethodsByGroup() took 0 ms.
2026-05-135 20:56:45 [main] INFO  org.testng.internal.Utils - [Utils] MethodGroupsHelper.sortMethods() took 0 ms.
2026-05-135 20:56:45 [main] INFO  org.testng.internal.Utils - [Utils] MethodGroupsHelper.collectMethodsByGroup() took 1 ms.
2026-05-135 20:56:45 [main] INFO  org.testng.internal.Utils - [Utils] MethodGroupsHelper.sortMethods() took 0 ms.
2026-05-135 20:56:45 [main] INFO  org.testng.internal.Utils - [Utils] MethodGroupsHelper.collectMethodsByGroup() took 0 ms.
2026-05-135 20:56:45 [main] INFO  org.testng.internal.Utils - [Utils] MethodGroupsHelper.sortMethods() took 0 ms.
2026-05-135 20:56:45 [main] INFO  org.testng.internal.Utils - [Utils] MethodGroupsHelper.collectMethodsByGroup() took 0 ms.
2026-05-135 20:56:45 [main] INFO  org.testng.internal.Utils - [Utils] MethodGroupsHelper.sortMethods() took 0 ms.
2026-05-135 20:56:45 [main] INFO  org.testng.internal.Utils - [TestNG] Running:
  C:\Users\Siddhi\AppData\Local\Temp\testng-eclipse-1497496778\testng-customsuite.xml

2026-05-135 20:56:45 [main] INFO  org.testng.internal.Utils - [Utils] DynamicGraphHelper.createDynamicGraph() took 2 ms.
2026-05-135 20:57:21 [main] INFO  org.testng.internal.Utils - [TestNG] Time taken by org.testng.reporters.jq.Main@1108adc8: 46 ms
2026-05-135 20:57:21 [main] INFO  org.testng.internal.Utils - [TestNG] Time taken by org.testng.reporters.FailedReporter@23706db8: 6 ms
2026-05-135 20:57:21 [main] INFO  org.testng.internal.Utils - [TestNG] Time taken by org.testng.reporters.XMLReporter@20a05b32: 6 ms
2026-05-135 20:57:21 [main] INFO  org.testng.internal.Utils - [TestNG] Time taken by org.testng.reporters.EmailableReporter2@1dc76fa1: 4 ms
2026-05-135 20:57:21 [main] INFO  org.testng.internal.Utils - [TestNG] Time taken by org.testng.reporters.JUnitReportReporter@228cea97: 7 ms
2026-05-135 20:57:21 [main] INFO  org.testng.internal.Utils - [TestNG] Time taken by org.testng.internal.ExitCodeListener@1d0a61c8: 0 ms
2026-05-135 20:57:26 [main] INFO  org.testng.internal.Utils - [Utils] MethodGroupsHelper.collectMethodsByGroup() took 1 ms.
2026-05-135 20:57:26 [main] INFO  org.testng.internal.Utils - [Utils] MethodGroupsHelper.sortMethods() took 1 ms.
2026-05-135 20:57:26 [main] INFO  org.testng.internal.Utils - [Utils] MethodGroupsHelper.collectMethodsByGroup() took 0 ms.
2026-05-135 20:57:26 [main] INFO  org.testng.internal.Utils - [Utils] MethodGroupsHelper.sortMethods() took 0 ms.
2026-05-135 20:57:26 [main] INFO  org.testng.internal.Utils - [Utils] MethodGroupsHelper.collectMethodsByGroup() took 0 ms.
2026-05-135 20:57:26 [main] INFO  org.testng.internal.Utils - [Utils] MethodGroupsHelper.sortMethods() took 0 ms.
2026-05-135 20:57:26 [main] INFO  org.testng.internal.Utils - [Utils] MethodGroupsHelper.collectMethodsByGroup() took 0 ms.
2026-05-135 20:57:26 [main] INFO  org.testng.internal.Utils - [Utils] MethodGroupsHelper.sortMethods() took 0 ms.
2026-05-135 20:57:26 [main] INFO  org.testng.internal.Utils - [Utils] MethodGroupsHelper.collectMethodsByGroup() took 4 ms.
2026-05-135 20:57:26 [main] INFO  org.testng.internal.Utils - [Utils] MethodGroupsHelper.sortMethods() took 10 ms.
2026-05-135 20:57:26 [main] INFO  org.testng.internal.Utils - [Utils] MethodGroupsHelper.collectMethodsByGroup() took 0 ms.
2026-05-135 20:57:26 [main] INFO  org.testng.internal.Utils - [Utils] MethodGroupsHelper.sortMethods() took 0 ms.
2026-05-135 20:57:26 [main] INFO  org.testng.internal.Utils - [Utils] MethodGroupsHelper.collectMethodsByGroup() took 0 ms.
2026-05-135 20:57:26 [main] INFO  org.testng.internal.Utils - [Utils] MethodGroupsHelper.sortMethods() took 0 ms.
2026-05-135 20:57:26 [main] INFO  org.testng.internal.Utils - [Utils] MethodGroupsHelper.collectMethodsByGroup() took 0 ms.
2026-05-135 20:57:26 [main] INFO  org.testng.internal.Utils - [Utils] MethodGroupsHelper.sortMethods() took 0 ms.
2026-05-135 20:57:26 [main] INFO  org.testng.internal.Utils - [Utils] MethodGroupsHelper.collectMethodsByGroup() took 0 ms.
2026-05-135 20:57:26 [main] INFO  org.testng.internal.Utils - [Utils] MethodGroupsHelper.sortMethods() took 0 ms.
2026-05-135 20:57:26 [main] INFO  org.testng.internal.Utils - [Utils] MethodGroupsHelper.collectMethodsByGroup() took 0 ms.
2026-05-135 20:57:26 [main] INFO  org.testng.internal.Utils - [Utils] MethodGroupsHelper.sortMethods() took 0 ms.
2026-05-135 20:57:26 [main] INFO  org.testng.internal.Utils - [Utils] MethodGroupsHelper.collectMethodsByGroup() took 0 ms.
2026-05-135 20:57:26 [main] INFO  org.testng.internal.Utils - [Utils] MethodGroupsHelper.sortMethods() took 0 ms.
2026-05-135 20:57:26 [main] INFO  org.testng.internal.Utils - [Utils] MethodGroupsHelper.collectMethodsByGroup() took 0 ms.
2026-05-135 20:57:26 [main] INFO  org.testng.internal.Utils - [Utils] MethodGroupsHelper.sortMethods() took 0 ms.
2026-05-135 20:57:26 [main] INFO  org.testng.internal.Utils - [Utils] MethodGroupsHelper.collectMethodsByGroup() took 1 ms.
2026-05-135 20:57:26 [main] INFO  org.testng.internal.Utils - [Utils] MethodGroupsHelper.sortMethods() took 0 ms.
2026-05-135 20:57:26 [main] INFO  org.testng.internal.Utils - [Utils] MethodGroupsHelper.collectMethodsByGroup() took 0 ms.
2026-05-135 20:57:26 [main] INFO  org.testng.internal.Utils - [Utils] MethodGroupsHelper.sortMethods() took 0 ms.
2026-05-135 20:57:26 [main] INFO  org.testng.internal.Utils - [Utils] MethodGroupsHelper.collectMethodsByGroup() took 0 ms.
2026-05-135 20:57:26 [main] INFO  org.testng.internal.Utils - [Utils] MethodGroupsHelper.sortMethods() took 0 ms.
2026-05-135 20:57:26 [main] INFO  org.testng.internal.Utils - [TestNG] Running:
  C:\Users\Siddhi\AppData\Local\Temp\testng-eclipse--1303813991\testng-customsuite.xml

2026-05-135 20:57:26 [main] INFO  org.testng.internal.Utils - [Utils] DynamicGraphHelper.createDynamicGraph() took 3 ms.
2026-05-135 20:58:00 [main] INFO  org.testng.internal.Utils - [TestNG] Time taken by org.testng.reporters.jq.Main@65a5d4f9: 33 ms
2026-05-135 20:58:00 [main] INFO  org.testng.internal.Utils - [TestNG] Time taken by org.testng.reporters.FailedReporter@70e889e9: 7 ms
2026-05-135 20:58:00 [main] INFO  org.testng.internal.Utils - [TestNG] Time taken by org.testng.reporters.XMLReporter@1ffcf674: 6 ms
2026-05-135 20:58:00 [main] INFO  org.testng.internal.Utils - [TestNG] Time taken by org.testng.reporters.EmailableReporter2@20749d9: 4 ms
2026-05-135 20:58:00 [main] INFO  org.testng.internal.Utils - [TestNG] Time taken by org.testng.reporters.JUnitReportReporter@a137d7a: 4 ms
2026-05-135 20:58:00 [main] INFO  org.testng.internal.Utils - [TestNG] Time taken by org.testng.internal.ExitCodeListener@6ac0b715: 0 ms
2026-05-135 20:58:05 [main] INFO  org.testng.internal.Utils - [Utils] MethodGroupsHelper.collectMethodsByGroup() took 0 ms.
2026-05-135 20:58:05 [main] INFO  org.testng.internal.Utils - [Utils] MethodGroupsHelper.sortMethods() took 0 ms.
2026-05-135 20:58:05 [main] INFO  org.testng.internal.Utils - [Utils] MethodGroupsHelper.collectMethodsByGroup() took 0 ms.
2026-05-135 20:58:05 [main] INFO  org.testng.internal.Utils - [Utils] MethodGroupsHelper.sortMethods() took 0 ms.
2026-05-135 20:58:05 [main] INFO  org.testng.internal.Utils - [Utils] MethodGroupsHelper.collectMethodsByGroup() took 0 ms.
2026-05-135 20:58:05 [main] INFO  org.testng.internal.Utils - [Utils] MethodGroupsHelper.sortMethods() took 0 ms.
2026-05-135 20:58:05 [main] INFO  org.testng.internal.Utils - [Utils] MethodGroupsHelper.collectMethodsByGroup() took 0 ms.
2026-05-135 20:58:05 [main] INFO  org.testng.internal.Utils - [Utils] MethodGroupsHelper.sortMethods() took 0 ms.
2026-05-135 20:58:05 [main] INFO  org.testng.internal.Utils - [Utils] MethodGroupsHelper.collectMethodsByGroup() took 2 ms.
2026-05-135 20:58:05 [main] INFO  org.testng.internal.Utils - [Utils] MethodGroupsHelper.sortMethods() took 5 ms.
2026-05-135 20:58:05 [main] INFO  org.testng.internal.Utils - [Utils] MethodGroupsHelper.collectMethodsByGroup() took 0 ms.
2026-05-135 20:58:05 [main] INFO  org.testng.internal.Utils - [Utils] MethodGroupsHelper.sortMethods() took 1 ms.
2026-05-135 20:58:05 [main] INFO  org.testng.internal.Utils - [Utils] MethodGroupsHelper.collectMethodsByGroup() took 0 ms.
2026-05-135 20:58:05 [main] INFO  org.testng.internal.Utils - [Utils] MethodGroupsHelper.sortMethods() took 0 ms.
2026-05-135 20:58:05 [main] INFO  org.testng.internal.Utils - [Utils] MethodGroupsHelper.collectMethodsByGroup() took 0 ms.
2026-05-135 20:58:05 [main] INFO  org.testng.internal.Utils - [Utils] MethodGroupsHelper.sortMethods() took 0 ms.
2026-05-135 20:58:05 [main] INFO  org.testng.internal.Utils - [Utils] MethodGroupsHelper.collectMethodsByGroup() took 0 ms.
2026-05-135 20:58:05 [main] INFO  org.testng.internal.Utils - [Utils] MethodGroupsHelper.sortMethods() took 0 ms.
2026-05-135 20:58:05 [main] INFO  org.testng.internal.Utils - [Utils] MethodGroupsHelper.collectMethodsByGroup() took 0 ms.
2026-05-135 20:58:05 [main] INFO  org.testng.internal.Utils - [Utils] MethodGroupsHelper.sortMethods() took 1 ms.
2026-05-135 20:58:05 [main] INFO  org.testng.internal.Utils - [Utils] MethodGroupsHelper.collectMethodsByGroup() took 0 ms.
2026-05-135 20:58:05 [main] INFO  org.testng.internal.Utils - [Utils] MethodGroupsHelper.sortMethods() took 0 ms.
2026-05-135 20:58:05 [main] INFO  org.testng.internal.Utils - [Utils] MethodGroupsHelper.collectMethodsByGroup() took 0 ms.
2026-05-135 20:58:05 [main] INFO  org.testng.internal.Utils - [Utils] MethodGroupsHelper.sortMethods() took 0 ms.
2026-05-135 20:58:05 [main] INFO  org.testng.internal.Utils - [Utils] MethodGroupsHelper.collectMethodsByGroup() took 2 ms.
2026-05-135 20:58:05 [main] INFO  org.testng.internal.Utils - [Utils] MethodGroupsHelper.sortMethods() took 0 ms.
2026-05-135 20:58:05 [main] INFO  org.testng.internal.Utils - [Utils] MethodGroupsHelper.collectMethodsByGroup() took 0 ms.
2026-05-135 20:58:05 [main] INFO  org.testng.internal.Utils - [Utils] MethodGroupsHelper.sortMethods() took 0 ms.
2026-05-135 20:58:05 [main] INFO  org.testng.internal.Utils - [Utils] MethodGroupsHelper.collectMethodsByGroup() took 0 ms.
2026-05-135 20:58:05 [main] INFO  org.testng.internal.Utils - [Utils] MethodGroupsHelper.sortMethods() took 0 ms.
2026-05-135 20:58:05 [main] INFO  org.testng.internal.Utils - [TestNG] Running:
  C:\Users\Siddhi\AppData\Local\Temp\testng-eclipse-859244849\testng-customsuite.xml

2026-05-135 20:58:05 [main] INFO  org.testng.internal.Utils - [Utils] DynamicGraphHelper.createDynamicGraph() took 3 ms.
2026-05-135 20:58:38 [main] INFO  org.testng.internal.Utils - [TestNG] Time taken by org.testng.reporters.jq.Main@27a7ef08: 33 ms
2026-05-135 20:58:38 [main] INFO  org.testng.internal.Utils - [TestNG] Time taken by org.testng.reporters.FailedReporter@4f4c789f: 6 ms
2026-05-135 20:58:38 [main] INFO  org.testng.internal.Utils - [TestNG] Time taken by org.testng.reporters.XMLReporter@62566842: 7 ms
2026-05-135 20:58:38 [main] INFO  org.testng.internal.Utils - [TestNG] Time taken by org.testng.reporters.EmailableReporter2@7f572c37: 3 ms
2026-05-135 20:58:38 [main] INFO  org.testng.internal.Utils - [TestNG] Time taken by org.testng.reporters.JUnitReportReporter@77134e08: 4 ms
2026-05-135 20:58:38 [main] INFO  org.testng.internal.Utils - [TestNG] Time taken by org.testng.internal.ExitCodeListener@6a0cbc6f: 0 ms
2026-05-135 20:58:43 [main] INFO  org.testng.internal.Utils - [Utils] MethodGroupsHelper.collectMethodsByGroup() took 0 ms.
2026-05-135 20:58:43 [main] INFO  org.testng.internal.Utils - [Utils] MethodGroupsHelper.sortMethods() took 0 ms.
2026-05-135 20:58:43 [main] INFO  org.testng.internal.Utils - [Utils] MethodGroupsHelper.collectMethodsByGroup() took 0 ms.
2026-05-135 20:58:43 [main] INFO  org.testng.internal.Utils - [Utils] MethodGroupsHelper.sortMethods() took 0 ms.
2026-05-135 20:58:43 [main] INFO  org.testng.internal.Utils - [Utils] MethodGroupsHelper.collectMethodsByGroup() took 0 ms.
2026-05-135 20:58:43 [main] INFO  org.testng.internal.Utils - [Utils] MethodGroupsHelper.sortMethods() took 0 ms.
2026-05-135 20:58:43 [main] INFO  org.testng.internal.Utils - [Utils] MethodGroupsHelper.collectMethodsByGroup() took 0 ms.
2026-05-135 20:58:43 [main] INFO  org.testng.internal.Utils - [Utils] MethodGroupsHelper.sortMethods() took 0 ms.
2026-05-135 20:58:43 [main] INFO  org.testng.internal.Utils - [Utils] MethodGroupsHelper.collectMethodsByGroup() took 3 ms.
2026-05-135 20:58:43 [main] INFO  org.testng.internal.Utils - [Utils] MethodGroupsHelper.sortMethods() took 5 ms.
2026-05-135 20:58:43 [main] INFO  org.testng.internal.Utils - [Utils] MethodGroupsHelper.collectMethodsByGroup() took 0 ms.
2026-05-135 20:58:43 [main] INFO  org.testng.internal.Utils - [Utils] MethodGroupsHelper.sortMethods() took 0 ms.
2026-05-135 20:58:43 [main] INFO  org.testng.internal.Utils - [Utils] MethodGroupsHelper.collectMethodsByGroup() took 0 ms.
2026-05-135 20:58:43 [main] INFO  org.testng.internal.Utils - [Utils] MethodGroupsHelper.sortMethods() took 0 ms.
2026-05-135 20:58:43 [main] INFO  org.testng.internal.Utils - [Utils] MethodGroupsHelper.collectMethodsByGroup() took 0 ms.
2026-05-135 20:58:43 [main] INFO  org.testng.internal.Utils - [Utils] MethodGroupsHelper.sortMethods() took 0 ms.
2026-05-135 20:58:43 [main] INFO  org.testng.internal.Utils - [Utils] MethodGroupsHelper.collectMethodsByGroup() took 0 ms.
2026-05-135 20:58:43 [main] INFO  org.testng.internal.Utils - [Utils] MethodGroupsHelper.sortMethods() took 0 ms.
2026-05-135 20:58:43 [main] INFO  org.testng.internal.Utils - [Utils] MethodGroupsHelper.collectMethodsByGroup() took 0 ms.
2026-05-135 20:58:43 [main] INFO  org.testng.internal.Utils - [Utils] MethodGroupsHelper.sortMethods() took 0 ms.
2026-05-135 20:58:43 [main] INFO  org.testng.internal.Utils - [Utils] MethodGroupsHelper.collectMethodsByGroup() took 0 ms.
2026-05-135 20:58:43 [main] INFO  org.testng.internal.Utils - [Utils] MethodGroupsHelper.sortMethods() took 0 ms.
2026-05-135 20:58:43 [main] INFO  org.testng.internal.Utils - [Utils] MethodGroupsHelper.collectMethodsByGroup() took 0 ms.
2026-05-135 20:58:43 [main] INFO  org.testng.internal.Utils - [Utils] MethodGroupsHelper.sortMethods() took 0 ms.
2026-05-135 20:58:43 [main] INFO  org.testng.internal.Utils - [Utils] MethodGroupsHelper.collectMethodsByGroup() took 3 ms.
2026-05-135 20:58:43 [main] INFO  org.testng.internal.Utils - [Utils] MethodGroupsHelper.sortMethods() took 0 ms.
2026-05-135 20:58:43 [main] INFO  org.testng.internal.Utils - [Utils] MethodGroupsHelper.collectMethodsByGroup() took 0 ms.
2026-05-135 20:58:43 [main] INFO  org.testng.internal.Utils - [Utils] MethodGroupsHelper.sortMethods() took 0 ms.
2026-05-135 20:58:43 [main] INFO  org.testng.internal.Utils - [Utils] MethodGroupsHelper.collectMethodsByGroup() took 0 ms.
2026-05-135 20:58:43 [main] INFO  org.testng.internal.Utils - [Utils] MethodGroupsHelper.sortMethods() took 0 ms.
2026-05-135 20:58:43 [main] INFO  org.testng.internal.Utils - [TestNG] Running:
  C:\Users\Siddhi\AppData\Local\Temp\testng-eclipse-820262617\testng-customsuite.xml

2026-05-135 20:58:43 [main] INFO  org.testng.internal.Utils - [Utils] DynamicGraphHelper.createDynamicGraph() took 2 ms.
2026-05-135 20:59:02 [main] INFO  org.testng.internal.Utils - [TestNG] Time taken by org.testng.reporters.jq.Main@55ec556: 28 ms
2026-05-135 20:59:02 [main] INFO  org.testng.internal.Utils - [TestNG] Time taken by org.testng.reporters.FailedReporter@681e144: 7 ms
2026-05-135 20:59:02 [main] INFO  org.testng.internal.Utils - [TestNG] Time taken by org.testng.reporters.XMLReporter@2216effc: 5 ms
2026-05-135 20:59:02 [main] INFO  org.testng.internal.Utils - [TestNG] Time taken by org.testng.reporters.EmailableReporter2@2b98b3bb: 4 ms
2026-05-135 20:59:02 [main] INFO  org.testng.internal.Utils - [TestNG] Time taken by org.testng.reporters.JUnitReportReporter@6601cc93: 4 ms
2026-05-135 20:59:02 [main] INFO  org.testng.internal.Utils - [TestNG] Time taken by org.testng.internal.ExitCodeListener@54d901aa: 0 ms
2026-05-135 21:00:07 [main] INFO  org.testng.internal.Utils - [Utils] MethodGroupsHelper.collectMethodsByGroup() took 1 ms.
2026-05-135 21:00:07 [main] INFO  org.testng.internal.Utils - [Utils] MethodGroupsHelper.sortMethods() took 1 ms.
2026-05-135 21:00:07 [main] INFO  org.testng.internal.Utils - [Utils] MethodGroupsHelper.collectMethodsByGroup() took 0 ms.
2026-05-135 21:00:07 [main] INFO  org.testng.internal.Utils - [Utils] MethodGroupsHelper.sortMethods() took 0 ms.
2026-05-135 21:00:07 [main] INFO  org.testng.internal.Utils - [Utils] MethodGroupsHelper.collectMethodsByGroup() took 0 ms.
2026-05-135 21:00:07 [main] INFO  org.testng.internal.Utils - [Utils] MethodGroupsHelper.sortMethods() took 0 ms.
2026-05-135 21:00:07 [main] INFO  org.testng.internal.Utils - [Utils] MethodGroupsHelper.collectMethodsByGroup() took 0 ms.
2026-05-135 21:00:07 [main] INFO  org.testng.internal.Utils - [Utils] MethodGroupsHelper.sortMethods() took 0 ms.
2026-05-135 21:00:07 [main] INFO  org.testng.internal.Utils - [Utils] MethodGroupsHelper.collectMethodsByGroup() took 3 ms.
2026-05-135 21:00:07 [main] INFO  org.testng.internal.Utils - [Utils] MethodGroupsHelper.sortMethods() took 9 ms.
2026-05-135 21:00:07 [main] INFO  org.testng.internal.Utils - [Utils] MethodGroupsHelper.collectMethodsByGroup() took 1 ms.
2026-05-135 21:00:07 [main] INFO  org.testng.internal.Utils - [Utils] MethodGroupsHelper.sortMethods() took 0 ms.
2026-05-135 21:00:07 [main] INFO  org.testng.internal.Utils - [Utils] MethodGroupsHelper.collectMethodsByGroup() took 0 ms.
2026-05-135 21:00:07 [main] INFO  org.testng.internal.Utils - [Utils] MethodGroupsHelper.sortMethods() took 0 ms.
2026-05-135 21:00:07 [main] INFO  org.testng.internal.Utils - [Utils] MethodGroupsHelper.collectMethodsByGroup() took 0 ms.
2026-05-135 21:00:07 [main] INFO  org.testng.internal.Utils - [Utils] MethodGroupsHelper.sortMethods() took 0 ms.
2026-05-135 21:00:07 [main] INFO  org.testng.internal.Utils - [Utils] MethodGroupsHelper.collectMethodsByGroup() took 0 ms.
2026-05-135 21:00:07 [main] INFO  org.testng.internal.Utils - [Utils] MethodGroupsHelper.sortMethods() took 0 ms.
2026-05-135 21:00:07 [main] INFO  org.testng.internal.Utils - [Utils] MethodGroupsHelper.collectMethodsByGroup() took 0 ms.
2026-05-135 21:00:07 [main] INFO  org.testng.internal.Utils - [Utils] MethodGroupsHelper.sortMethods() took 0 ms.
2026-05-135 21:00:07 [main] INFO  org.testng.internal.Utils - [Utils] MethodGroupsHelper.collectMethodsByGroup() took 0 ms.
2026-05-135 21:00:07 [main] INFO  org.testng.internal.Utils - [Utils] MethodGroupsHelper.sortMethods() took 0 ms.
2026-05-135 21:00:07 [main] INFO  org.testng.internal.Utils - [Utils] MethodGroupsHelper.collectMethodsByGroup() took 0 ms.
2026-05-135 21:00:07 [main] INFO  org.testng.internal.Utils - [Utils] MethodGroupsHelper.sortMethods() took 0 ms.
2026-05-135 21:00:07 [main] INFO  org.testng.internal.Utils - [Utils] MethodGroupsHelper.collectMethodsByGroup() took 2 ms.
2026-05-135 21:00:07 [main] INFO  org.testng.internal.Utils - [Utils] MethodGroupsHelper.sortMethods() took 0 ms.
2026-05-135 21:00:07 [main] INFO  org.testng.internal.Utils - [Utils] MethodGroupsHelper.collectMethodsByGroup() took 0 ms.
2026-05-135 21:00:07 [main] INFO  org.testng.internal.Utils - [Utils] MethodGroupsHelper.sortMethods() took 0 ms.
2026-05-135 21:00:07 [main] INFO  org.testng.internal.Utils - [Utils] MethodGroupsHelper.collectMethodsByGroup() took 0 ms.
2026-05-135 21:00:07 [main] INFO  org.testng.internal.Utils - [Utils] MethodGroupsHelper.sortMethods() took 0 ms.
2026-05-135 21:00:07 [main] INFO  org.testng.internal.Utils - [TestNG] Running:
  C:\Users\Siddhi\AppData\Local\Temp\testng-eclipse--824615552\testng-customsuite.xml

2026-05-135 21:00:07 [main] INFO  org.testng.internal.Utils - [Utils] DynamicGraphHelper.createDynamicGraph() took 3 ms.
2026-05-135 21:00:26 [main] INFO  org.testng.internal.Utils - [TestNG] Time taken by org.testng.reporters.jq.Main@4d178d55: 28 ms
2026-05-135 21:00:26 [main] INFO  org.testng.internal.Utils - [TestNG] Time taken by org.testng.reporters.FailedReporter@3f1ddac2: 7 ms
2026-05-135 21:00:26 [main] INFO  org.testng.internal.Utils - [TestNG] Time taken by org.testng.reporters.XMLReporter@87b5b49: 6 ms
2026-05-135 21:00:26 [main] INFO  org.testng.internal.Utils - [TestNG] Time taken by org.testng.reporters.EmailableReporter2@47ad69f7: 6 ms
2026-05-135 21:00:26 [main] INFO  org.testng.internal.Utils - [TestNG] Time taken by org.testng.reporters.JUnitReportReporter@30669dac: 4 ms
2026-05-135 21:00:26 [main] INFO  org.testng.internal.Utils - [TestNG] Time taken by org.testng.internal.ExitCodeListener@629adce: 0 ms
2026-05-135 21:08:16 [main] INFO  org.testng.internal.Utils - [Utils] MethodGroupsHelper.collectMethodsByGroup() took 1 ms.
2026-05-135 21:08:16 [main] INFO  org.testng.internal.Utils - [Utils] MethodGroupsHelper.sortMethods() took 0 ms.
2026-05-135 21:08:16 [main] INFO  org.testng.internal.Utils - [Utils] MethodGroupsHelper.collectMethodsByGroup() took 0 ms.
2026-05-135 21:08:16 [main] INFO  org.testng.internal.Utils - [Utils] MethodGroupsHelper.sortMethods() took 0 ms.
2026-05-135 21:08:16 [main] INFO  org.testng.internal.Utils - [Utils] MethodGroupsHelper.collectMethodsByGroup() took 0 ms.
2026-05-135 21:08:16 [main] INFO  org.testng.internal.Utils - [Utils] MethodGroupsHelper.sortMethods() took 0 ms.
2026-05-135 21:08:16 [main] INFO  org.testng.internal.Utils - [Utils] MethodGroupsHelper.collectMethodsByGroup() took 0 ms.
2026-05-135 21:08:16 [main] INFO  org.testng.internal.Utils - [Utils] MethodGroupsHelper.sortMethods() took 0 ms.
2026-05-135 21:08:16 [main] INFO  org.testng.internal.Utils - [Utils] MethodGroupsHelper.collectMethodsByGroup() took 3 ms.
2026-05-135 21:08:16 [main] INFO  org.testng.internal.Utils - [Utils] MethodGroupsHelper.sortMethods() took 6 ms.
2026-05-135 21:08:16 [main] INFO  org.testng.internal.Utils - [Utils] MethodGroupsHelper.collectMethodsByGroup() took 0 ms.
2026-05-135 21:08:16 [main] INFO  org.testng.internal.Utils - [Utils] MethodGroupsHelper.sortMethods() took 0 ms.
2026-05-135 21:08:16 [main] INFO  org.testng.internal.Utils - [Utils] MethodGroupsHelper.collectMethodsByGroup() took 0 ms.
2026-05-135 21:08:16 [main] INFO  org.testng.internal.Utils - [Utils] MethodGroupsHelper.sortMethods() took 0 ms.
2026-05-135 21:08:16 [main] INFO  org.testng.internal.Utils - [Utils] MethodGroupsHelper.collectMethodsByGroup() took 0 ms.
2026-05-135 21:08:16 [main] INFO  org.testng.internal.Utils - [Utils] MethodGroupsHelper.sortMethods() took 0 ms.
2026-05-135 21:08:16 [main] INFO  org.testng.internal.Utils - [Utils] MethodGroupsHelper.collectMethodsByGroup() took 0 ms.
2026-05-135 21:08:16 [main] INFO  org.testng.internal.Utils - [Utils] MethodGroupsHelper.sortMethods() took 1 ms.
2026-05-135 21:08:16 [main] INFO  org.testng.internal.Utils - [Utils] MethodGroupsHelper.collectMethodsByGroup() took 0 ms.
2026-05-135 21:08:16 [main] INFO  org.testng.internal.Utils - [Utils] MethodGroupsHelper.sortMethods() took 0 ms.
2026-05-135 21:08:16 [main] INFO  org.testng.internal.Utils - [Utils] MethodGroupsHelper.collectMethodsByGroup() took 0 ms.
2026-05-135 21:08:16 [main] INFO  org.testng.internal.Utils - [Utils] MethodGroupsHelper.sortMethods() took 0 ms.
2026-05-135 21:08:16 [main] INFO  org.testng.internal.Utils - [Utils] MethodGroupsHelper.collectMethodsByGroup() took 0 ms.
2026-05-135 21:08:16 [main] INFO  org.testng.internal.Utils - [Utils] MethodGroupsHelper.sortMethods() took 0 ms.
2026-05-135 21:08:16 [main] INFO  org.testng.internal.Utils - [Utils] MethodGroupsHelper.collectMethodsByGroup() took 2 ms.
2026-05-135 21:08:16 [main] INFO  org.testng.internal.Utils - [Utils] MethodGroupsHelper.sortMethods() took 0 ms.
2026-05-135 21:08:16 [main] INFO  org.testng.internal.Utils - [Utils] MethodGroupsHelper.collectMethodsByGroup() took 0 ms.
2026-05-135 21:08:16 [main] INFO  org.testng.internal.Utils - [Utils] MethodGroupsHelper.sortMethods() took 0 ms.
2026-05-135 21:08:16 [main] INFO  org.testng.internal.Utils - [Utils] MethodGroupsHelper.collectMethodsByGroup() took 0 ms.
2026-05-135 21:08:16 [main] INFO  org.testng.internal.Utils - [Utils] MethodGroupsHelper.sortMethods() took 0 ms.
2026-05-135 21:08:16 [main] INFO  org.testng.internal.Utils - [TestNG] Running:
  C:\Users\Siddhi\AppData\Local\Temp\testng-eclipse--2016863737\testng-customsuite.xml

2026-05-135 21:08:16 [main] INFO  org.testng.internal.Utils - [Utils] DynamicGraphHelper.createDynamicGraph() took 1 ms.
2026-05-135 21:08:33 [main] INFO  org.testng.internal.Utils - [TestNG] Time taken by org.testng.reporters.jq.Main@540dbda9: 47 ms
2026-05-135 21:08:33 [main] INFO  org.testng.internal.Utils - [TestNG] Time taken by org.testng.reporters.FailedReporter@7f829c76: 11 ms
2026-05-135 21:08:33 [main] INFO  org.testng.internal.Utils - [TestNG] Time taken by org.testng.reporters.XMLReporter@de18f63: 10 ms
2026-05-135 21:08:33 [main] INFO  org.testng.internal.Utils - [TestNG] Time taken by org.testng.reporters.EmailableReporter2@35088e87: 6 ms
2026-05-135 21:08:33 [main] INFO  org.testng.internal.Utils - [TestNG] Time taken by org.testng.reporters.JUnitReportReporter@1237e0be: 5 ms
2026-05-135 21:08:33 [main] INFO  org.testng.internal.Utils - [TestNG] Time taken by org.testng.internal.ExitCodeListener@528f8f8b: 0 ms
2026-05-135 21:20:26 [main] INFO  org.testng.internal.Utils - [Utils] MethodGroupsHelper.collectMethodsByGroup() took 5 ms.
2026-05-135 21:20:26 [main] INFO  org.testng.internal.Utils - [Utils] MethodGroupsHelper.sortMethods() took 8 ms.
2026-05-135 21:20:26 [main] INFO  org.testng.internal.Utils - [Utils] MethodGroupsHelper.collectMethodsByGroup() took 0 ms.
2026-05-135 21:20:26 [main] INFO  org.testng.internal.Utils - [Utils] MethodGroupsHelper.sortMethods() took 0 ms.
2026-05-135 21:20:26 [main] INFO  org.testng.internal.Utils - [Utils] MethodGroupsHelper.collectMethodsByGroup() took 0 ms.
2026-05-135 21:20:26 [main] INFO  org.testng.internal.Utils - [Utils] MethodGroupsHelper.sortMethods() took 0 ms.
2026-05-135 21:20:26 [main] INFO  org.testng.internal.Utils - [Utils] MethodGroupsHelper.collectMethodsByGroup() took 0 ms.
2026-05-135 21:20:26 [main] INFO  org.testng.internal.Utils - [Utils] MethodGroupsHelper.sortMethods() took 0 ms.
2026-05-135 21:20:26 [main] INFO  org.testng.internal.Utils - [Utils] MethodGroupsHelper.collectMethodsByGroup() took 0 ms.
2026-05-135 21:20:26 [main] INFO  org.testng.internal.Utils - [Utils] MethodGroupsHelper.sortMethods() took 0 ms.
2026-05-135 21:20:26 [main] INFO  org.testng.internal.Utils - [Utils] MethodGroupsHelper.collectMethodsByGroup() took 0 ms.
2026-05-135 21:20:26 [main] INFO  org.testng.internal.Utils - [Utils] MethodGroupsHelper.sortMethods() took 0 ms.
2026-05-135 21:20:26 [main] INFO  org.testng.internal.Utils - [Utils] MethodGroupsHelper.collectMethodsByGroup() took 0 ms.
2026-05-135 21:20:26 [main] INFO  org.testng.internal.Utils - [Utils] MethodGroupsHelper.sortMethods() took 0 ms.
2026-05-135 21:20:26 [main] INFO  org.testng.internal.Utils - [Utils] MethodGroupsHelper.collectMethodsByGroup() took 0 ms.
2026-05-135 21:20:26 [main] INFO  org.testng.internal.Utils - [Utils] MethodGroupsHelper.sortMethods() took 0 ms.
2026-05-135 21:20:26 [main] INFO  org.testng.internal.Utils - [Utils] MethodGroupsHelper.collectMethodsByGroup() took 0 ms.
2026-05-135 21:20:26 [main] INFO  org.testng.internal.Utils - [Utils] MethodGroupsHelper.sortMethods() took 0 ms.
2026-05-135 21:20:26 [main] INFO  org.testng.internal.Utils - [Utils] MethodGroupsHelper.collectMethodsByGroup() took 0 ms.
2026-05-135 21:20:26 [main] INFO  org.testng.internal.Utils - [Utils] MethodGroupsHelper.sortMethods() took 0 ms.
2026-05-135 21:20:26 [main] INFO  org.testng.internal.Utils - [Utils] MethodGroupsHelper.collectMethodsByGroup() took 0 ms.
2026-05-135 21:20:26 [main] INFO  org.testng.internal.Utils - [Utils] MethodGroupsHelper.sortMethods() took 0 ms.
2026-05-135 21:20:26 [main] INFO  org.testng.internal.Utils - [Utils] MethodGroupsHelper.collectMethodsByGroup() took 0 ms.
2026-05-135 21:20:26 [main] INFO  org.testng.internal.Utils - [Utils] MethodGroupsHelper.sortMethods() took 0 ms.
2026-05-135 21:20:26 [main] INFO  org.testng.internal.Utils - [Utils] MethodGroupsHelper.collectMethodsByGroup() took 0 ms.
2026-05-135 21:20:26 [main] INFO  org.testng.internal.Utils - [Utils] MethodGroupsHelper.sortMethods() took 0 ms.
2026-05-135 21:20:26 [main] INFO  org.testng.internal.Utils - [Utils] MethodGroupsHelper.collectMethodsByGroup() took 0 ms.
2026-05-135 21:20:26 [main] INFO  org.testng.internal.Utils - [Utils] MethodGroupsHelper.sortMethods() took 0 ms.
2026-05-135 21:20:26 [main] INFO  org.testng.internal.Utils - [Utils] MethodGroupsHelper.collectMethodsByGroup() took 0 ms.
2026-05-135 21:20:26 [main] INFO  org.testng.internal.Utils - [Utils] MethodGroupsHelper.sortMethods() took 0 ms.
2026-05-135 21:20:26 [main] INFO  org.testng.internal.Utils - [TestNG] Running:
  C:\Users\Siddhi\AppData\Local\Temp\testng-eclipse--2008561249\testng-customsuite.xml

2026-05-135 21:20:26 [main] INFO  org.testng.internal.Utils - [Utils] DynamicGraphHelper.createDynamicGraph() took 1 ms.
2026-05-135 21:21:01 [main] INFO  org.testng.internal.Utils - [TestNG] Time taken by org.testng.reporters.jq.Main@4041739c: 30 ms
2026-05-135 21:21:01 [main] INFO  org.testng.internal.Utils - [TestNG] Time taken by org.testng.reporters.FailedReporter@77f4c040: 8 ms
2026-05-135 21:21:01 [main] INFO  org.testng.internal.Utils - [TestNG] Time taken by org.testng.reporters.XMLReporter@79e7188e: 6 ms
2026-05-135 21:21:01 [main] INFO  org.testng.internal.Utils - [TestNG] Time taken by org.testng.reporters.EmailableReporter2@603cabc4: 4 ms
2026-05-135 21:21:01 [main] INFO  org.testng.internal.Utils - [TestNG] Time taken by org.testng.reporters.JUnitReportReporter@996a546: 4 ms
2026-05-135 21:21:01 [main] INFO  org.testng.internal.Utils - [TestNG] Time taken by org.testng.internal.ExitCodeListener@4fc165f6: 0 ms
2026-05-135 21:23:17 [main] INFO  org.testng.internal.Utils - [Utils] MethodGroupsHelper.collectMethodsByGroup() took 1 ms.
2026-05-135 21:23:17 [main] INFO  org.testng.internal.Utils - [Utils] MethodGroupsHelper.sortMethods() took 2 ms.
2026-05-135 21:23:17 [main] INFO  org.testng.internal.Utils - [Utils] MethodGroupsHelper.collectMethodsByGroup() took 0 ms.
2026-05-135 21:23:17 [main] INFO  org.testng.internal.Utils - [Utils] MethodGroupsHelper.sortMethods() took 0 ms.
2026-05-135 21:23:17 [main] INFO  org.testng.internal.Utils - [Utils] MethodGroupsHelper.collectMethodsByGroup() took 0 ms.
2026-05-135 21:23:17 [main] INFO  org.testng.internal.Utils - [Utils] MethodGroupsHelper.sortMethods() took 0 ms.
2026-05-135 21:23:17 [main] INFO  org.testng.internal.Utils - [Utils] MethodGroupsHelper.collectMethodsByGroup() took 0 ms.
2026-05-135 21:23:17 [main] INFO  org.testng.internal.Utils - [Utils] MethodGroupsHelper.sortMethods() took 0 ms.
2026-05-135 21:23:17 [main] INFO  org.testng.internal.Utils - [Utils] MethodGroupsHelper.collectMethodsByGroup() took 2 ms.
2026-05-135 21:23:17 [main] INFO  org.testng.internal.Utils - [Utils] MethodGroupsHelper.sortMethods() took 5 ms.
2026-05-135 21:23:17 [main] INFO  org.testng.internal.Utils - [Utils] MethodGroupsHelper.collectMethodsByGroup() took 0 ms.
2026-05-135 21:23:17 [main] INFO  org.testng.internal.Utils - [Utils] MethodGroupsHelper.sortMethods() took 0 ms.
2026-05-135 21:23:17 [main] INFO  org.testng.internal.Utils - [Utils] MethodGroupsHelper.collectMethodsByGroup() took 0 ms.
2026-05-135 21:23:17 [main] INFO  org.testng.internal.Utils - [Utils] MethodGroupsHelper.sortMethods() took 0 ms.
2026-05-135 21:23:17 [main] INFO  org.testng.internal.Utils - [Utils] MethodGroupsHelper.collectMethodsByGroup() took 0 ms.
2026-05-135 21:23:17 [main] INFO  org.testng.internal.Utils - [Utils] MethodGroupsHelper.sortMethods() took 0 ms.
2026-05-135 21:23:17 [main] INFO  org.testng.internal.Utils - [Utils] MethodGroupsHelper.collectMethodsByGroup() took 0 ms.
2026-05-135 21:23:17 [main] INFO  org.testng.internal.Utils - [Utils] MethodGroupsHelper.sortMethods() took 0 ms.
2026-05-135 21:23:17 [main] INFO  org.testng.internal.Utils - [Utils] MethodGroupsHelper.collectMethodsByGroup() took 0 ms.
2026-05-135 21:23:17 [main] INFO  org.testng.internal.Utils - [Utils] MethodGroupsHelper.sortMethods() took 0 ms.
2026-05-135 21:23:17 [main] INFO  org.testng.internal.Utils - [Utils] MethodGroupsHelper.collectMethodsByGroup() took 0 ms.
2026-05-135 21:23:17 [main] INFO  org.testng.internal.Utils - [Utils] MethodGroupsHelper.sortMethods() took 0 ms.
2026-05-135 21:23:17 [main] INFO  org.testng.internal.Utils - [Utils] MethodGroupsHelper.collectMethodsByGroup() took 0 ms.
2026-05-135 21:23:17 [main] INFO  org.testng.internal.Utils - [Utils] MethodGroupsHelper.sortMethods() took 0 ms.
2026-05-135 21:23:17 [main] INFO  org.testng.internal.Utils - [Utils] MethodGroupsHelper.collectMethodsByGroup() took 2 ms.
2026-05-135 21:23:17 [main] INFO  org.testng.internal.Utils - [Utils] MethodGroupsHelper.sortMethods() took 1 ms.
2026-05-135 21:23:17 [main] INFO  org.testng.internal.Utils - [Utils] MethodGroupsHelper.collectMethodsByGroup() took 0 ms.
2026-05-135 21:23:17 [main] INFO  org.testng.internal.Utils - [Utils] MethodGroupsHelper.sortMethods() took 0 ms.
2026-05-135 21:23:17 [main] INFO  org.testng.internal.Utils - [Utils] MethodGroupsHelper.collectMethodsByGroup() took 0 ms.
2026-05-135 21:23:17 [main] INFO  org.testng.internal.Utils - [Utils] MethodGroupsHelper.sortMethods() took 0 ms.
2026-05-135 21:23:17 [main] INFO  org.testng.internal.Utils - [TestNG] Running:
  C:\Users\Siddhi\AppData\Local\Temp\testng-eclipse-672462676\testng-customsuite.xml

2026-05-135 21:23:17 [main] INFO  org.testng.internal.Utils - [Utils] DynamicGraphHelper.createDynamicGraph() took 1 ms.
2026-05-135 21:23:52 [main] INFO  org.testng.internal.Utils - [TestNG] Time taken by org.testng.reporters.jq.Main@730e5763: 27 ms
2026-05-135 21:23:52 [main] INFO  org.testng.internal.Utils - [TestNG] Time taken by org.testng.reporters.FailedReporter@4315e9af: 0 ms
2026-05-135 21:23:52 [main] INFO  org.testng.internal.Utils - [TestNG] Time taken by org.testng.reporters.XMLReporter@1639f93a: 4 ms
2026-05-135 21:23:52 [main] INFO  org.testng.internal.Utils - [TestNG] Time taken by org.testng.reporters.EmailableReporter2@6d2dc9d2: 4 ms
2026-05-135 21:23:52 [main] INFO  org.testng.internal.Utils - [TestNG] Time taken by org.testng.reporters.JUnitReportReporter@36361ddb: 3 ms
2026-05-135 21:23:52 [main] INFO  org.testng.internal.Utils - [TestNG] Time taken by org.testng.internal.ExitCodeListener@41fed14f: 0 ms
2026-05-135 21:23:57 [main] INFO  org.testng.internal.Utils - [Utils] MethodGroupsHelper.collectMethodsByGroup() took 0 ms.
2026-05-135 21:23:57 [main] INFO  org.testng.internal.Utils - [Utils] MethodGroupsHelper.sortMethods() took 1 ms.
2026-05-135 21:23:57 [main] INFO  org.testng.internal.Utils - [Utils] MethodGroupsHelper.collectMethodsByGroup() took 0 ms.
2026-05-135 21:23:57 [main] INFO  org.testng.internal.Utils - [Utils] MethodGroupsHelper.sortMethods() took 0 ms.
2026-05-135 21:23:57 [main] INFO  org.testng.internal.Utils - [Utils] MethodGroupsHelper.collectMethodsByGroup() took 0 ms.
2026-05-135 21:23:57 [main] INFO  org.testng.internal.Utils - [Utils] MethodGroupsHelper.sortMethods() took 0 ms.
2026-05-135 21:23:57 [main] INFO  org.testng.internal.Utils - [Utils] MethodGroupsHelper.collectMethodsByGroup() took 0 ms.
2026-05-135 21:23:57 [main] INFO  org.testng.internal.Utils - [Utils] MethodGroupsHelper.sortMethods() took 0 ms.
2026-05-135 21:23:57 [main] INFO  org.testng.internal.Utils - [Utils] MethodGroupsHelper.collectMethodsByGroup() took 1 ms.
2026-05-135 21:23:57 [main] INFO  org.testng.internal.Utils - [Utils] MethodGroupsHelper.sortMethods() took 5 ms.
2026-05-135 21:23:57 [main] INFO  org.testng.internal.Utils - [Utils] MethodGroupsHelper.collectMethodsByGroup() took 0 ms.
2026-05-135 21:23:57 [main] INFO  org.testng.internal.Utils - [Utils] MethodGroupsHelper.sortMethods() took 0 ms.
2026-05-135 21:23:57 [main] INFO  org.testng.internal.Utils - [Utils] MethodGroupsHelper.collectMethodsByGroup() took 0 ms.
2026-05-135 21:23:57 [main] INFO  org.testng.internal.Utils - [Utils] MethodGroupsHelper.sortMethods() took 0 ms.
2026-05-135 21:23:57 [main] INFO  org.testng.internal.Utils - [Utils] MethodGroupsHelper.collectMethodsByGroup() took 0 ms.
2026-05-135 21:23:57 [main] INFO  org.testng.internal.Utils - [Utils] MethodGroupsHelper.sortMethods() took 0 ms.
2026-05-135 21:23:57 [main] INFO  org.testng.internal.Utils - [Utils] MethodGroupsHelper.collectMethodsByGroup() took 0 ms.
2026-05-135 21:23:57 [main] INFO  org.testng.internal.Utils - [Utils] MethodGroupsHelper.sortMethods() took 1 ms.
2026-05-135 21:23:57 [main] INFO  org.testng.internal.Utils - [Utils] MethodGroupsHelper.collectMethodsByGroup() took 0 ms.
2026-05-135 21:23:57 [main] INFO  org.testng.internal.Utils - [Utils] MethodGroupsHelper.sortMethods() took 0 ms.
2026-05-135 21:23:57 [main] INFO  org.testng.internal.Utils - [Utils] MethodGroupsHelper.collectMethodsByGroup() took 0 ms.
2026-05-135 21:23:57 [main] INFO  org.testng.internal.Utils - [Utils] MethodGroupsHelper.sortMethods() took 0 ms.
2026-05-135 21:23:57 [main] INFO  org.testng.internal.Utils - [Utils] MethodGroupsHelper.collectMethodsByGroup() took 0 ms.
2026-05-135 21:23:57 [main] INFO  org.testng.internal.Utils - [Utils] MethodGroupsHelper.sortMethods() took 0 ms.
2026-05-135 21:23:57 [main] INFO  org.testng.internal.Utils - [Utils] MethodGroupsHelper.collectMethodsByGroup() took 1 ms.
2026-05-135 21:23:57 [main] INFO  org.testng.internal.Utils - [Utils] MethodGroupsHelper.sortMethods() took 0 ms.
2026-05-135 21:23:57 [main] INFO  org.testng.internal.Utils - [Utils] MethodGroupsHelper.collectMethodsByGroup() took 0 ms.
2026-05-135 21:23:57 [main] INFO  org.testng.internal.Utils - [Utils] MethodGroupsHelper.sortMethods() took 0 ms.
2026-05-135 21:23:57 [main] INFO  org.testng.internal.Utils - [Utils] MethodGroupsHelper.collectMethodsByGroup() took 0 ms.
2026-05-135 21:23:57 [main] INFO  org.testng.internal.Utils - [Utils] MethodGroupsHelper.sortMethods() took 0 ms.
2026-05-135 21:23:57 [main] INFO  org.testng.internal.Utils - [TestNG] Running:
  C:\Users\Siddhi\AppData\Local\Temp\testng-eclipse-1295968788\testng-customsuite.xml

2026-05-135 21:23:57 [main] INFO  org.testng.internal.Utils - [Utils] DynamicGraphHelper.createDynamicGraph() took 2 ms.
2026-05-135 21:24:30 [main] INFO  org.testng.internal.Utils - [TestNG] Time taken by org.testng.reporters.jq.Main@6345e7b9: 29 ms
2026-05-135 21:24:30 [main] INFO  org.testng.internal.Utils - [TestNG] Time taken by org.testng.reporters.FailedReporter@6a0659ac: 8 ms
2026-05-135 21:24:30 [main] INFO  org.testng.internal.Utils - [TestNG] Time taken by org.testng.reporters.XMLReporter@3047254d: 8 ms
2026-05-135 21:24:30 [main] INFO  org.testng.internal.Utils - [TestNG] Time taken by org.testng.reporters.EmailableReporter2@66f659e6: 5 ms
2026-05-135 21:24:30 [main] INFO  org.testng.internal.Utils - [TestNG] Time taken by org.testng.reporters.JUnitReportReporter@6e57b5e9: 7 ms
2026-05-135 21:24:30 [main] INFO  org.testng.internal.Utils - [TestNG] Time taken by org.testng.internal.ExitCodeListener@1abc9f14: 0 ms
2026-05-135 21:24:38 [main] INFO  org.testng.internal.Utils - [Utils] MethodGroupsHelper.collectMethodsByGroup() took 0 ms.
2026-05-135 21:24:38 [main] INFO  org.testng.internal.Utils - [Utils] MethodGroupsHelper.sortMethods() took 2 ms.
2026-05-135 21:24:38 [main] INFO  org.testng.internal.Utils - [Utils] MethodGroupsHelper.collectMethodsByGroup() took 0 ms.
2026-05-135 21:24:38 [main] INFO  org.testng.internal.Utils - [Utils] MethodGroupsHelper.sortMethods() took 0 ms.
2026-05-135 21:24:38 [main] INFO  org.testng.internal.Utils - [Utils] MethodGroupsHelper.collectMethodsByGroup() took 0 ms.
2026-05-135 21:24:38 [main] INFO  org.testng.internal.Utils - [Utils] MethodGroupsHelper.sortMethods() took 0 ms.
2026-05-135 21:24:38 [main] INFO  org.testng.internal.Utils - [Utils] MethodGroupsHelper.collectMethodsByGroup() took 0 ms.
2026-05-135 21:24:38 [main] INFO  org.testng.internal.Utils - [Utils] MethodGroupsHelper.sortMethods() took 0 ms.
2026-05-135 21:24:38 [main] INFO  org.testng.internal.Utils - [Utils] MethodGroupsHelper.collectMethodsByGroup() took 3 ms.
2026-05-135 21:24:38 [main] INFO  org.testng.internal.Utils - [Utils] MethodGroupsHelper.sortMethods() took 5 ms.
2026-05-135 21:24:38 [main] INFO  org.testng.internal.Utils - [Utils] MethodGroupsHelper.collectMethodsByGroup() took 0 ms.
2026-05-135 21:24:38 [main] INFO  org.testng.internal.Utils - [Utils] MethodGroupsHelper.sortMethods() took 0 ms.
2026-05-135 21:24:38 [main] INFO  org.testng.internal.Utils - [Utils] MethodGroupsHelper.collectMethodsByGroup() took 0 ms.
2026-05-135 21:24:38 [main] INFO  org.testng.internal.Utils - [Utils] MethodGroupsHelper.sortMethods() took 0 ms.
2026-05-135 21:24:38 [main] INFO  org.testng.internal.Utils - [Utils] MethodGroupsHelper.collectMethodsByGroup() took 0 ms.
2026-05-135 21:24:38 [main] INFO  org.testng.internal.Utils - [Utils] MethodGroupsHelper.sortMethods() took 0 ms.
2026-05-135 21:24:38 [main] INFO  org.testng.internal.Utils - [Utils] MethodGroupsHelper.collectMethodsByGroup() took 0 ms.
2026-05-135 21:24:38 [main] INFO  org.testng.internal.Utils - [Utils] MethodGroupsHelper.sortMethods() took 0 ms.
2026-05-135 21:24:38 [main] INFO  org.testng.internal.Utils - [Utils] MethodGroupsHelper.collectMethodsByGroup() took 0 ms.
2026-05-135 21:24:38 [main] INFO  org.testng.internal.Utils - [Utils] MethodGroupsHelper.sortMethods() took 0 ms.
2026-05-135 21:24:38 [main] INFO  org.testng.internal.Utils - [Utils] MethodGroupsHelper.collectMethodsByGroup() took 0 ms.
2026-05-135 21:24:38 [main] INFO  org.testng.internal.Utils - [Utils] MethodGroupsHelper.sortMethods() took 0 ms.
2026-05-135 21:24:38 [main] INFO  org.testng.internal.Utils - [Utils] MethodGroupsHelper.collectMethodsByGroup() took 0 ms.
2026-05-135 21:24:38 [main] INFO  org.testng.internal.Utils - [Utils] MethodGroupsHelper.sortMethods() took 0 ms.
2026-05-135 21:24:38 [main] INFO  org.testng.internal.Utils - [Utils] MethodGroupsHelper.collectMethodsByGroup() took 2 ms.
2026-05-135 21:24:38 [main] INFO  org.testng.internal.Utils - [Utils] MethodGroupsHelper.sortMethods() took 0 ms.
2026-05-135 21:24:38 [main] INFO  org.testng.internal.Utils - [Utils] MethodGroupsHelper.collectMethodsByGroup() took 0 ms.
2026-05-135 21:24:38 [main] INFO  org.testng.internal.Utils - [Utils] MethodGroupsHelper.sortMethods() took 0 ms.
2026-05-135 21:24:38 [main] INFO  org.testng.internal.Utils - [Utils] MethodGroupsHelper.collectMethodsByGroup() took 0 ms.
2026-05-135 21:24:38 [main] INFO  org.testng.internal.Utils - [Utils] MethodGroupsHelper.sortMethods() took 0 ms.
2026-05-135 21:24:38 [main] INFO  org.testng.internal.Utils - [TestNG] Running:
  C:\Users\Siddhi\AppData\Local\Temp\testng-eclipse--1724648854\testng-customsuite.xml

2026-05-135 21:24:38 [main] INFO  org.testng.internal.Utils - [Utils] DynamicGraphHelper.createDynamicGraph() took 1 ms.
2026-05-135 21:25:01 [main] INFO  org.testng.internal.Utils - [TestNG] Time taken by org.testng.reporters.jq.Main@238acd0b: 32 ms
2026-05-135 21:25:01 [main] INFO  org.testng.internal.Utils - [TestNG] Time taken by org.testng.reporters.FailedReporter@61e3cf4d: 9 ms
2026-05-135 21:25:01 [main] INFO  org.testng.internal.Utils - [TestNG] Time taken by org.testng.reporters.XMLReporter@6e495b48: 5 ms
2026-05-135 21:25:01 [main] INFO  org.testng.internal.Utils - [TestNG] Time taken by org.testng.reporters.EmailableReporter2@8ff5094: 5 ms
2026-05-135 21:25:01 [main] INFO  org.testng.internal.Utils - [TestNG] Time taken by org.testng.reporters.JUnitReportReporter@2aeefcc: 4 ms
2026-05-135 21:25:01 [main] INFO  org.testng.internal.Utils - [TestNG] Time taken by org.testng.internal.ExitCodeListener@359ff4d9: 0 ms
2026-05-135 21:25:47 [main] INFO  org.testng.internal.Utils - [Utils] MethodGroupsHelper.collectMethodsByGroup() took 1 ms.
2026-05-135 21:25:47 [main] INFO  org.testng.internal.Utils - [Utils] MethodGroupsHelper.sortMethods() took 1 ms.
2026-05-135 21:25:47 [main] INFO  org.testng.internal.Utils - [Utils] MethodGroupsHelper.collectMethodsByGroup() took 0 ms.
2026-05-135 21:25:47 [main] INFO  org.testng.internal.Utils - [Utils] MethodGroupsHelper.sortMethods() took 0 ms.
2026-05-135 21:25:47 [main] INFO  org.testng.internal.Utils - [Utils] MethodGroupsHelper.collectMethodsByGroup() took 0 ms.
2026-05-135 21:25:47 [main] INFO  org.testng.internal.Utils - [Utils] MethodGroupsHelper.sortMethods() took 0 ms.
2026-05-135 21:25:47 [main] INFO  org.testng.internal.Utils - [Utils] MethodGroupsHelper.collectMethodsByGroup() took 0 ms.
2026-05-135 21:25:47 [main] INFO  org.testng.internal.Utils - [Utils] MethodGroupsHelper.sortMethods() took 0 ms.
2026-05-135 21:25:47 [main] INFO  org.testng.internal.Utils - [Utils] MethodGroupsHelper.collectMethodsByGroup() took 2 ms.
2026-05-135 21:25:47 [main] INFO  org.testng.internal.Utils - [Utils] MethodGroupsHelper.sortMethods() took 6 ms.
2026-05-135 21:25:47 [main] INFO  org.testng.internal.Utils - [Utils] MethodGroupsHelper.collectMethodsByGroup() took 0 ms.
2026-05-135 21:25:47 [main] INFO  org.testng.internal.Utils - [Utils] MethodGroupsHelper.sortMethods() took 0 ms.
2026-05-135 21:25:47 [main] INFO  org.testng.internal.Utils - [Utils] MethodGroupsHelper.collectMethodsByGroup() took 0 ms.
2026-05-135 21:25:47 [main] INFO  org.testng.internal.Utils - [Utils] MethodGroupsHelper.sortMethods() took 0 ms.
2026-05-135 21:25:47 [main] INFO  org.testng.internal.Utils - [Utils] MethodGroupsHelper.collectMethodsByGroup() took 0 ms.
2026-05-135 21:25:47 [main] INFO  org.testng.internal.Utils - [Utils] MethodGroupsHelper.sortMethods() took 0 ms.
2026-05-135 21:25:47 [main] INFO  org.testng.internal.Utils - [Utils] MethodGroupsHelper.collectMethodsByGroup() took 0 ms.
2026-05-135 21:25:47 [main] INFO  org.testng.internal.Utils - [Utils] MethodGroupsHelper.sortMethods() took 0 ms.
2026-05-135 21:25:47 [main] INFO  org.testng.internal.Utils - [Utils] MethodGroupsHelper.collectMethodsByGroup() took 0 ms.
2026-05-135 21:25:47 [main] INFO  org.testng.internal.Utils - [Utils] MethodGroupsHelper.sortMethods() took 0 ms.
2026-05-135 21:25:47 [main] INFO  org.testng.internal.Utils - [Utils] MethodGroupsHelper.collectMethodsByGroup() took 0 ms.
2026-05-135 21:25:47 [main] INFO  org.testng.internal.Utils - [Utils] MethodGroupsHelper.sortMethods() took 0 ms.
2026-05-135 21:25:47 [main] INFO  org.testng.internal.Utils - [Utils] MethodGroupsHelper.collectMethodsByGroup() took 0 ms.
2026-05-135 21:25:47 [main] INFO  org.testng.internal.Utils - [Utils] MethodGroupsHelper.sortMethods() took 0 ms.
2026-05-135 21:25:47 [main] INFO  org.testng.internal.Utils - [Utils] MethodGroupsHelper.collectMethodsByGroup() took 1 ms.
2026-05-135 21:25:47 [main] INFO  org.testng.internal.Utils - [Utils] MethodGroupsHelper.sortMethods() took 0 ms.
2026-05-135 21:25:47 [main] INFO  org.testng.internal.Utils - [Utils] MethodGroupsHelper.collectMethodsByGroup() took 0 ms.
2026-05-135 21:25:47 [main] INFO  org.testng.internal.Utils - [Utils] MethodGroupsHelper.sortMethods() took 0 ms.
2026-05-135 21:25:47 [main] INFO  org.testng.internal.Utils - [Utils] MethodGroupsHelper.collectMethodsByGroup() took 0 ms.
2026-05-135 21:25:47 [main] INFO  org.testng.internal.Utils - [Utils] MethodGroupsHelper.sortMethods() took 0 ms.
2026-05-135 21:25:47 [main] INFO  org.testng.internal.Utils - [TestNG] Running:
  C:\Users\Siddhi\AppData\Local\Temp\testng-eclipse--256154247\testng-customsuite.xml

2026-05-135 21:25:47 [main] INFO  org.testng.internal.Utils - [Utils] DynamicGraphHelper.createDynamicGraph() took 2 ms.
2026-05-135 21:26:02 [main] INFO  org.testng.internal.Utils - [TestNG] Time taken by org.testng.reporters.jq.Main@58d63b16: 31 ms
2026-05-135 21:26:02 [main] INFO  org.testng.internal.Utils - [TestNG] Time taken by org.testng.reporters.FailedReporter@66f659e6: 7 ms
2026-05-135 21:26:02 [main] INFO  org.testng.internal.Utils - [TestNG] Time taken by org.testng.reporters.XMLReporter@c6a6c1d: 9 ms
2026-05-135 21:26:02 [main] INFO  org.testng.internal.Utils - [TestNG] Time taken by org.testng.reporters.EmailableReporter2@7bb35cc6: 5 ms
2026-05-135 21:26:02 [main] INFO  org.testng.internal.Utils - [TestNG] Time taken by org.testng.reporters.JUnitReportReporter@616b241a: 4 ms
2026-05-135 21:26:02 [main] INFO  org.testng.internal.Utils - [TestNG] Time taken by org.testng.internal.ExitCodeListener@b8e246c: 0 ms
2026-05-135 21:26:09 [main] INFO  org.testng.internal.Utils - [Utils] MethodGroupsHelper.collectMethodsByGroup() took 0 ms.
2026-05-135 21:26:09 [main] INFO  org.testng.internal.Utils - [Utils] MethodGroupsHelper.sortMethods() took 2 ms.
2026-05-135 21:26:09 [main] INFO  org.testng.internal.Utils - [Utils] MethodGroupsHelper.collectMethodsByGroup() took 0 ms.
2026-05-135 21:26:09 [main] INFO  org.testng.internal.Utils - [Utils] MethodGroupsHelper.sortMethods() took 0 ms.
2026-05-135 21:26:09 [main] INFO  org.testng.internal.Utils - [Utils] MethodGroupsHelper.collectMethodsByGroup() took 0 ms.
2026-05-135 21:26:09 [main] INFO  org.testng.internal.Utils - [Utils] MethodGroupsHelper.sortMethods() took 0 ms.
2026-05-135 21:26:09 [main] INFO  org.testng.internal.Utils - [Utils] MethodGroupsHelper.collectMethodsByGroup() took 0 ms.
2026-05-135 21:26:09 [main] INFO  org.testng.internal.Utils - [Utils] MethodGroupsHelper.sortMethods() took 0 ms.
2026-05-135 21:26:09 [main] INFO  org.testng.internal.Utils - [Utils] MethodGroupsHelper.collectMethodsByGroup() took 2 ms.
2026-05-135 21:26:09 [main] INFO  org.testng.internal.Utils - [Utils] MethodGroupsHelper.sortMethods() took 4 ms.
2026-05-135 21:26:09 [main] INFO  org.testng.internal.Utils - [Utils] MethodGroupsHelper.collectMethodsByGroup() took 0 ms.
2026-05-135 21:26:09 [main] INFO  org.testng.internal.Utils - [Utils] MethodGroupsHelper.sortMethods() took 0 ms.
2026-05-135 21:26:09 [main] INFO  org.testng.internal.Utils - [Utils] MethodGroupsHelper.collectMethodsByGroup() took 0 ms.
2026-05-135 21:26:09 [main] INFO  org.testng.internal.Utils - [Utils] MethodGroupsHelper.sortMethods() took 0 ms.
2026-05-135 21:26:09 [main] INFO  org.testng.internal.Utils - [Utils] MethodGroupsHelper.collectMethodsByGroup() took 0 ms.
2026-05-135 21:26:09 [main] INFO  org.testng.internal.Utils - [Utils] MethodGroupsHelper.sortMethods() took 0 ms.
2026-05-135 21:26:09 [main] INFO  org.testng.internal.Utils - [Utils] MethodGroupsHelper.collectMethodsByGroup() took 0 ms.
2026-05-135 21:26:09 [main] INFO  org.testng.internal.Utils - [Utils] MethodGroupsHelper.sortMethods() took 0 ms.
2026-05-135 21:26:09 [main] INFO  org.testng.internal.Utils - [Utils] MethodGroupsHelper.collectMethodsByGroup() took 0 ms.
2026-05-135 21:26:09 [main] INFO  org.testng.internal.Utils - [Utils] MethodGroupsHelper.sortMethods() took 0 ms.
2026-05-135 21:26:09 [main] INFO  org.testng.internal.Utils - [Utils] MethodGroupsHelper.collectMethodsByGroup() took 0 ms.
2026-05-135 21:26:09 [main] INFO  org.testng.internal.Utils - [Utils] MethodGroupsHelper.sortMethods() took 0 ms.
2026-05-135 21:26:09 [main] INFO  org.testng.internal.Utils - [Utils] MethodGroupsHelper.collectMethodsByGroup() took 0 ms.
2026-05-135 21:26:09 [main] INFO  org.testng.internal.Utils - [Utils] MethodGroupsHelper.sortMethods() took 0 ms.
2026-05-135 21:26:09 [main] INFO  org.testng.internal.Utils - [Utils] MethodGroupsHelper.collectMethodsByGroup() took 1 ms.
2026-05-135 21:26:09 [main] INFO  org.testng.internal.Utils - [Utils] MethodGroupsHelper.sortMethods() took 3 ms.
2026-05-135 21:26:09 [main] INFO  org.testng.internal.Utils - [Utils] MethodGroupsHelper.collectMethodsByGroup() took 0 ms.
2026-05-135 21:26:09 [main] INFO  org.testng.internal.Utils - [Utils] MethodGroupsHelper.sortMethods() took 0 ms.
2026-05-135 21:26:09 [main] INFO  org.testng.internal.Utils - [Utils] MethodGroupsHelper.collectMethodsByGroup() took 0 ms.
2026-05-135 21:26:09 [main] INFO  org.testng.internal.Utils - [Utils] MethodGroupsHelper.sortMethods() took 0 ms.
2026-05-135 21:26:09 [main] INFO  org.testng.internal.Utils - [TestNG] Running:
  C:\Users\Siddhi\AppData\Local\Temp\testng-eclipse-1230762334\testng-customsuite.xml

2026-05-135 21:26:09 [main] INFO  org.testng.internal.Utils - [Utils] DynamicGraphHelper.createDynamicGraph() took 2 ms.
2026-05-135 21:27:43 [main] INFO  org.testng.internal.Utils - [TestNG] Time taken by org.testng.reporters.jq.Main@74170687: 29 ms
2026-05-135 21:27:43 [main] INFO  org.testng.internal.Utils - [TestNG] Time taken by org.testng.reporters.FailedReporter@46a145ba: 8 ms
2026-05-135 21:27:43 [main] INFO  org.testng.internal.Utils - [TestNG] Time taken by org.testng.reporters.XMLReporter@1f9f381d: 9 ms
2026-05-135 21:27:43 [main] INFO  org.testng.internal.Utils - [TestNG] Time taken by org.testng.reporters.EmailableReporter2@3240b2a4: 5 ms
2026-05-135 21:27:43 [main] INFO  org.testng.internal.Utils - [TestNG] Time taken by org.testng.reporters.JUnitReportReporter@2d3ef181: 5 ms
2026-05-135 21:27:43 [main] INFO  org.testng.internal.Utils - [TestNG] Time taken by org.testng.internal.ExitCodeListener@a2341c6: 0 ms
2026-05-135 21:29:06 [main] INFO  org.testng.internal.Utils - [Utils] MethodGroupsHelper.collectMethodsByGroup() took 1 ms.
2026-05-135 21:29:06 [main] INFO  org.testng.internal.Utils - [Utils] MethodGroupsHelper.sortMethods() took 0 ms.
2026-05-135 21:29:06 [main] INFO  org.testng.internal.Utils - [Utils] MethodGroupsHelper.collectMethodsByGroup() took 0 ms.
2026-05-135 21:29:06 [main] INFO  org.testng.internal.Utils - [Utils] MethodGroupsHelper.sortMethods() took 0 ms.
2026-05-135 21:29:06 [main] INFO  org.testng.internal.Utils - [Utils] MethodGroupsHelper.collectMethodsByGroup() took 0 ms.
2026-05-135 21:29:06 [main] INFO  org.testng.internal.Utils - [Utils] MethodGroupsHelper.sortMethods() took 0 ms.
2026-05-135 21:29:06 [main] INFO  org.testng.internal.Utils - [Utils] MethodGroupsHelper.collectMethodsByGroup() took 0 ms.
2026-05-135 21:29:06 [main] INFO  org.testng.internal.Utils - [Utils] MethodGroupsHelper.sortMethods() took 0 ms.
2026-05-135 21:29:06 [main] INFO  org.testng.internal.Utils - [Utils] MethodGroupsHelper.collectMethodsByGroup() took 1 ms.
2026-05-135 21:29:06 [main] INFO  org.testng.internal.Utils - [Utils] MethodGroupsHelper.sortMethods() took 5 ms.
2026-05-135 21:29:06 [main] INFO  org.testng.internal.Utils - [Utils] MethodGroupsHelper.collectMethodsByGroup() took 0 ms.
2026-05-135 21:29:06 [main] INFO  org.testng.internal.Utils - [Utils] MethodGroupsHelper.sortMethods() took 1 ms.
2026-05-135 21:29:06 [main] INFO  org.testng.internal.Utils - [Utils] MethodGroupsHelper.collectMethodsByGroup() took 0 ms.
2026-05-135 21:29:06 [main] INFO  org.testng.internal.Utils - [Utils] MethodGroupsHelper.sortMethods() took 0 ms.
2026-05-135 21:29:06 [main] INFO  org.testng.internal.Utils - [Utils] MethodGroupsHelper.collectMethodsByGroup() took 0 ms.
2026-05-135 21:29:06 [main] INFO  org.testng.internal.Utils - [Utils] MethodGroupsHelper.sortMethods() took 0 ms.
2026-05-135 21:29:06 [main] INFO  org.testng.internal.Utils - [Utils] MethodGroupsHelper.collectMethodsByGroup() took 0 ms.
2026-05-135 21:29:06 [main] INFO  org.testng.internal.Utils - [Utils] MethodGroupsHelper.sortMethods() took 0 ms.
2026-05-135 21:29:06 [main] INFO  org.testng.internal.Utils - [Utils] MethodGroupsHelper.collectMethodsByGroup() took 0 ms.
2026-05-135 21:29:06 [main] INFO  org.testng.internal.Utils - [Utils] MethodGroupsHelper.sortMethods() took 1 ms.
2026-05-135 21:29:06 [main] INFO  org.testng.internal.Utils - [Utils] MethodGroupsHelper.collectMethodsByGroup() took 0 ms.
2026-05-135 21:29:06 [main] INFO  org.testng.internal.Utils - [Utils] MethodGroupsHelper.sortMethods() took 0 ms.
2026-05-135 21:29:06 [main] INFO  org.testng.internal.Utils - [Utils] MethodGroupsHelper.collectMethodsByGroup() took 0 ms.
2026-05-135 21:29:06 [main] INFO  org.testng.internal.Utils - [Utils] MethodGroupsHelper.sortMethods() took 0 ms.
2026-05-135 21:29:06 [main] INFO  org.testng.internal.Utils - [Utils] MethodGroupsHelper.collectMethodsByGroup() took 1 ms.
2026-05-135 21:29:06 [main] INFO  org.testng.internal.Utils - [Utils] MethodGroupsHelper.sortMethods() took 2 ms.
2026-05-135 21:29:06 [main] INFO  org.testng.internal.Utils - [Utils] MethodGroupsHelper.collectMethodsByGroup() took 0 ms.
2026-05-135 21:29:06 [main] INFO  org.testng.internal.Utils - [Utils] MethodGroupsHelper.sortMethods() took 0 ms.
2026-05-135 21:29:06 [main] INFO  org.testng.internal.Utils - [Utils] MethodGroupsHelper.collectMethodsByGroup() took 0 ms.
2026-05-135 21:29:06 [main] INFO  org.testng.internal.Utils - [Utils] MethodGroupsHelper.sortMethods() took 0 ms.
2026-05-135 21:29:06 [main] INFO  org.testng.internal.Utils - [TestNG] Running:
  C:\Users\Siddhi\AppData\Local\Temp\testng-eclipse-833929687\testng-customsuite.xml

2026-05-135 21:29:06 [main] INFO  org.testng.internal.Utils - [Utils] DynamicGraphHelper.createDynamicGraph() took 4 ms.
2026-05-135 21:30:51 [main] INFO  org.testng.internal.Utils - [TestNG] Time taken by org.testng.reporters.jq.Main@b1534d3: 35 ms
2026-05-135 21:30:51 [main] INFO  org.testng.internal.Utils - [TestNG] Time taken by org.testng.reporters.FailedReporter@6ada9c0c: 10 ms
2026-05-135 21:30:51 [main] INFO  org.testng.internal.Utils - [TestNG] Time taken by org.testng.reporters.XMLReporter@4acc5dff: 8 ms
2026-05-135 21:30:51 [main] INFO  org.testng.internal.Utils - [TestNG] Time taken by org.testng.reporters.EmailableReporter2@71e4b308: 9 ms
2026-05-135 21:30:51 [main] INFO  org.testng.internal.Utils - [TestNG] Time taken by org.testng.reporters.JUnitReportReporter@4af45442: 5 ms
2026-05-135 21:30:51 [main] INFO  org.testng.internal.Utils - [TestNG] Time taken by org.testng.internal.ExitCodeListener@1d805aa1: 0 ms
2026-05-135 21:41:23 [main] INFO  org.testng.internal.Utils - [Utils] MethodGroupsHelper.collectMethodsByGroup() took 0 ms.
2026-05-135 21:41:23 [main] INFO  org.testng.internal.Utils - [Utils] MethodGroupsHelper.sortMethods() took 1 ms.
2026-05-135 21:41:23 [main] INFO  org.testng.internal.Utils - [Utils] MethodGroupsHelper.collectMethodsByGroup() took 0 ms.
2026-05-135 21:41:23 [main] INFO  org.testng.internal.Utils - [Utils] MethodGroupsHelper.sortMethods() took 0 ms.
2026-05-135 21:41:23 [main] INFO  org.testng.internal.Utils - [Utils] MethodGroupsHelper.collectMethodsByGroup() took 0 ms.
2026-05-135 21:41:23 [main] INFO  org.testng.internal.Utils - [Utils] MethodGroupsHelper.sortMethods() took 0 ms.
2026-05-135 21:41:23 [main] INFO  org.testng.internal.Utils - [Utils] MethodGroupsHelper.collectMethodsByGroup() took 0 ms.
2026-05-135 21:41:23 [main] INFO  org.testng.internal.Utils - [Utils] MethodGroupsHelper.sortMethods() took 0 ms.
2026-05-135 21:41:23 [main] INFO  org.testng.internal.Utils - [Utils] MethodGroupsHelper.collectMethodsByGroup() took 3 ms.
2026-05-135 21:41:23 [main] INFO  org.testng.internal.Utils - [Utils] MethodGroupsHelper.sortMethods() took 6 ms.
2026-05-135 21:41:23 [main] INFO  org.testng.internal.Utils - [Utils] MethodGroupsHelper.collectMethodsByGroup() took 0 ms.
2026-05-135 21:41:23 [main] INFO  org.testng.internal.Utils - [Utils] MethodGroupsHelper.sortMethods() took 0 ms.
2026-05-135 21:41:23 [main] INFO  org.testng.internal.Utils - [Utils] MethodGroupsHelper.collectMethodsByGroup() took 0 ms.
2026-05-135 21:41:23 [main] INFO  org.testng.internal.Utils - [Utils] MethodGroupsHelper.sortMethods() took 0 ms.
2026-05-135 21:41:23 [main] INFO  org.testng.internal.Utils - [Utils] MethodGroupsHelper.collectMethodsByGroup() took 0 ms.
2026-05-135 21:41:23 [main] INFO  org.testng.internal.Utils - [Utils] MethodGroupsHelper.sortMethods() took 0 ms.
2026-05-135 21:41:23 [main] INFO  org.testng.internal.Utils - [Utils] MethodGroupsHelper.collectMethodsByGroup() took 0 ms.
2026-05-135 21:41:23 [main] INFO  org.testng.internal.Utils - [Utils] MethodGroupsHelper.sortMethods() took 0 ms.
2026-05-135 21:41:23 [main] INFO  org.testng.internal.Utils - [Utils] MethodGroupsHelper.collectMethodsByGroup() took 0 ms.
2026-05-135 21:41:23 [main] INFO  org.testng.internal.Utils - [Utils] MethodGroupsHelper.sortMethods() took 0 ms.
2026-05-135 21:41:23 [main] INFO  org.testng.internal.Utils - [Utils] MethodGroupsHelper.collectMethodsByGroup() took 0 ms.
2026-05-135 21:41:23 [main] INFO  org.testng.internal.Utils - [Utils] MethodGroupsHelper.sortMethods() took 0 ms.
2026-05-135 21:41:23 [main] INFO  org.testng.internal.Utils - [Utils] MethodGroupsHelper.collectMethodsByGroup() took 0 ms.
2026-05-135 21:41:23 [main] INFO  org.testng.internal.Utils - [Utils] MethodGroupsHelper.sortMethods() took 0 ms.
2026-05-135 21:41:23 [main] INFO  org.testng.internal.Utils - [Utils] MethodGroupsHelper.collectMethodsByGroup() took 0 ms.
2026-05-135 21:41:23 [main] INFO  org.testng.internal.Utils - [Utils] MethodGroupsHelper.sortMethods() took 3 ms.
2026-05-135 21:41:23 [main] INFO  org.testng.internal.Utils - [Utils] MethodGroupsHelper.collectMethodsByGroup() took 0 ms.
2026-05-135 21:41:23 [main] INFO  org.testng.internal.Utils - [Utils] MethodGroupsHelper.sortMethods() took 0 ms.
2026-05-135 21:41:23 [main] INFO  org.testng.internal.Utils - [Utils] MethodGroupsHelper.collectMethodsByGroup() took 0 ms.
2026-05-135 21:41:23 [main] INFO  org.testng.internal.Utils - [Utils] MethodGroupsHelper.sortMethods() took 0 ms.
2026-05-135 21:41:23 [main] INFO  org.testng.internal.Utils - [TestNG] Running:
  C:\Users\Siddhi\AppData\Local\Temp\testng-eclipse-1561919458\testng-customsuite.xml

2026-05-135 21:41:23 [main] INFO  org.testng.internal.Utils - [Utils] DynamicGraphHelper.createDynamicGraph() took 3 ms.
2026-05-135 21:44:26 [main] INFO  org.testng.internal.Utils - [TestNG] Time taken by org.testng.reporters.jq.Main@384472bf: 33 ms
2026-05-135 21:44:26 [main] INFO  org.testng.internal.Utils - [TestNG] Time taken by org.testng.reporters.FailedReporter@15586843: 7 ms
2026-05-135 21:44:26 [main] INFO  org.testng.internal.Utils - [TestNG] Time taken by org.testng.reporters.XMLReporter@360d41d0: 8 ms
2026-05-135 21:44:26 [main] INFO  org.testng.internal.Utils - [TestNG] Time taken by org.testng.reporters.EmailableReporter2@3e2d44f3: 4 ms
2026-05-135 21:44:26 [main] INFO  org.testng.internal.Utils - [TestNG] Time taken by org.testng.reporters.JUnitReportReporter@5cc3e49b: 4 ms
2026-05-135 21:44:26 [main] INFO  org.testng.internal.Utils - [TestNG] Time taken by org.testng.internal.ExitCodeListener@4239262e: 0 ms
2026-05-135 21:45:31 [main] INFO  org.testng.internal.Utils - [Utils] MethodGroupsHelper.collectMethodsByGroup() took 0 ms.
2026-05-135 21:45:31 [main] INFO  org.testng.internal.Utils - [Utils] MethodGroupsHelper.sortMethods() took 1 ms.
2026-05-135 21:45:31 [main] INFO  org.testng.internal.Utils - [Utils] MethodGroupsHelper.collectMethodsByGroup() took 0 ms.
2026-05-135 21:45:31 [main] INFO  org.testng.internal.Utils - [Utils] MethodGroupsHelper.sortMethods() took 0 ms.
2026-05-135 21:45:31 [main] INFO  org.testng.internal.Utils - [Utils] MethodGroupsHelper.collectMethodsByGroup() took 0 ms.
2026-05-135 21:45:31 [main] INFO  org.testng.internal.Utils - [Utils] MethodGroupsHelper.sortMethods() took 0 ms.
2026-05-135 21:45:31 [main] INFO  org.testng.internal.Utils - [Utils] MethodGroupsHelper.collectMethodsByGroup() took 0 ms.
2026-05-135 21:45:31 [main] INFO  org.testng.internal.Utils - [Utils] MethodGroupsHelper.sortMethods() took 0 ms.
2026-05-135 21:45:31 [main] INFO  org.testng.internal.Utils - [Utils] MethodGroupsHelper.collectMethodsByGroup() took 3 ms.
2026-05-135 21:45:31 [main] INFO  org.testng.internal.Utils - [Utils] MethodGroupsHelper.sortMethods() took 4 ms.
2026-05-135 21:45:31 [main] INFO  org.testng.internal.Utils - [Utils] MethodGroupsHelper.collectMethodsByGroup() took 0 ms.
2026-05-135 21:45:31 [main] INFO  org.testng.internal.Utils - [Utils] MethodGroupsHelper.sortMethods() took 0 ms.
2026-05-135 21:45:31 [main] INFO  org.testng.internal.Utils - [Utils] MethodGroupsHelper.collectMethodsByGroup() took 0 ms.
2026-05-135 21:45:31 [main] INFO  org.testng.internal.Utils - [Utils] MethodGroupsHelper.sortMethods() took 0 ms.
2026-05-135 21:45:31 [main] INFO  org.testng.internal.Utils - [Utils] MethodGroupsHelper.collectMethodsByGroup() took 0 ms.
2026-05-135 21:45:31 [main] INFO  org.testng.internal.Utils - [Utils] MethodGroupsHelper.sortMethods() took 0 ms.
2026-05-135 21:45:31 [main] INFO  org.testng.internal.Utils - [Utils] MethodGroupsHelper.collectMethodsByGroup() took 0 ms.
2026-05-135 21:45:31 [main] INFO  org.testng.internal.Utils - [Utils] MethodGroupsHelper.sortMethods() took 1 ms.
2026-05-135 21:45:31 [main] INFO  org.testng.internal.Utils - [Utils] MethodGroupsHelper.collectMethodsByGroup() took 0 ms.
2026-05-135 21:45:31 [main] INFO  org.testng.internal.Utils - [Utils] MethodGroupsHelper.sortMethods() took 0 ms.
2026-05-135 21:45:31 [main] INFO  org.testng.internal.Utils - [Utils] MethodGroupsHelper.collectMethodsByGroup() took 0 ms.
2026-05-135 21:45:31 [main] INFO  org.testng.internal.Utils - [Utils] MethodGroupsHelper.sortMethods() took 0 ms.
2026-05-135 21:45:31 [main] INFO  org.testng.internal.Utils - [Utils] MethodGroupsHelper.collectMethodsByGroup() took 0 ms.
2026-05-135 21:45:31 [main] INFO  org.testng.internal.Utils - [Utils] MethodGroupsHelper.sortMethods() took 0 ms.
2026-05-135 21:45:31 [main] INFO  org.testng.internal.Utils - [Utils] MethodGroupsHelper.collectMethodsByGroup() took 0 ms.
2026-05-135 21:45:31 [main] INFO  org.testng.internal.Utils - [Utils] MethodGroupsHelper.sortMethods() took 3 ms.
2026-05-135 21:45:31 [main] INFO  org.testng.internal.Utils - [Utils] MethodGroupsHelper.collectMethodsByGroup() took 0 ms.
2026-05-135 21:45:31 [main] INFO  org.testng.internal.Utils - [Utils] MethodGroupsHelper.sortMethods() took 0 ms.
2026-05-135 21:45:31 [main] INFO  org.testng.internal.Utils - [Utils] MethodGroupsHelper.collectMethodsByGroup() took 0 ms.
2026-05-135 21:45:31 [main] INFO  org.testng.internal.Utils - [Utils] MethodGroupsHelper.sortMethods() took 0 ms.
2026-05-135 21:45:31 [main] INFO  org.testng.internal.Utils - [TestNG] Running:
  C:\Users\Siddhi\AppData\Local\Temp\testng-eclipse--1161547796\testng-customsuite.xml

2026-05-135 21:45:31 [main] INFO  org.testng.internal.Utils - [Utils] DynamicGraphHelper.createDynamicGraph() took 2 ms.
2026-05-135 21:47:22 [main] INFO  org.testng.internal.Utils - [TestNG] Time taken by org.testng.reporters.jq.Main@76b47204: 32 ms
2026-05-135 21:47:22 [main] INFO  org.testng.internal.Utils - [TestNG] Time taken by org.testng.reporters.FailedReporter@37854b34: 9 ms
2026-05-135 21:47:22 [main] INFO  org.testng.internal.Utils - [TestNG] Time taken by org.testng.reporters.XMLReporter@7d247660: 8 ms
2026-05-135 21:47:22 [main] INFO  org.testng.internal.Utils - [TestNG] Time taken by org.testng.reporters.EmailableReporter2@37ad042b: 4 ms
2026-05-135 21:47:22 [main] INFO  org.testng.internal.Utils - [TestNG] Time taken by org.testng.reporters.JUnitReportReporter@3e7b65d7: 5 ms
2026-05-135 21:47:22 [main] INFO  org.testng.internal.Utils - [TestNG] Time taken by org.testng.internal.ExitCodeListener@3c854752: 0 ms
2026-05-135 21:51:08 [main] INFO  org.testng.internal.Utils - [Utils] MethodGroupsHelper.collectMethodsByGroup() took 0 ms.
2026-05-135 21:51:08 [main] INFO  org.testng.internal.Utils - [Utils] MethodGroupsHelper.sortMethods() took 2 ms.
2026-05-135 21:51:08 [main] INFO  org.testng.internal.Utils - [Utils] MethodGroupsHelper.collectMethodsByGroup() took 0 ms.
2026-05-135 21:51:08 [main] INFO  org.testng.internal.Utils - [Utils] MethodGroupsHelper.sortMethods() took 0 ms.
2026-05-135 21:51:08 [main] INFO  org.testng.internal.Utils - [Utils] MethodGroupsHelper.collectMethodsByGroup() took 0 ms.
2026-05-135 21:51:08 [main] INFO  org.testng.internal.Utils - [Utils] MethodGroupsHelper.sortMethods() took 0 ms.
2026-05-135 21:51:08 [main] INFO  org.testng.internal.Utils - [Utils] MethodGroupsHelper.collectMethodsByGroup() took 0 ms.
2026-05-135 21:51:08 [main] INFO  org.testng.internal.Utils - [Utils] MethodGroupsHelper.sortMethods() took 0 ms.
2026-05-135 21:51:08 [main] INFO  org.testng.internal.Utils - [Utils] MethodGroupsHelper.collectMethodsByGroup() took 2 ms.
2026-05-135 21:51:08 [main] INFO  org.testng.internal.Utils - [Utils] MethodGroupsHelper.sortMethods() took 5 ms.
2026-05-135 21:51:08 [main] INFO  org.testng.internal.Utils - [Utils] MethodGroupsHelper.collectMethodsByGroup() took 0 ms.
2026-05-135 21:51:08 [main] INFO  org.testng.internal.Utils - [Utils] MethodGroupsHelper.sortMethods() took 1 ms.
2026-05-135 21:51:08 [main] INFO  org.testng.internal.Utils - [Utils] MethodGroupsHelper.collectMethodsByGroup() took 0 ms.
2026-05-135 21:51:08 [main] INFO  org.testng.internal.Utils - [Utils] MethodGroupsHelper.sortMethods() took 0 ms.
2026-05-135 21:51:08 [main] INFO  org.testng.internal.Utils - [Utils] MethodGroupsHelper.collectMethodsByGroup() took 0 ms.
2026-05-135 21:51:08 [main] INFO  org.testng.internal.Utils - [Utils] MethodGroupsHelper.sortMethods() took 0 ms.
2026-05-135 21:51:08 [main] INFO  org.testng.internal.Utils - [Utils] MethodGroupsHelper.collectMethodsByGroup() took 0 ms.
2026-05-135 21:51:08 [main] INFO  org.testng.internal.Utils - [Utils] MethodGroupsHelper.sortMethods() took 1 ms.
2026-05-135 21:51:08 [main] INFO  org.testng.internal.Utils - [Utils] MethodGroupsHelper.collectMethodsByGroup() took 0 ms.
2026-05-135 21:51:08 [main] INFO  org.testng.internal.Utils - [Utils] MethodGroupsHelper.sortMethods() took 0 ms.
2026-05-135 21:51:08 [main] INFO  org.testng.internal.Utils - [Utils] MethodGroupsHelper.collectMethodsByGroup() took 0 ms.
2026-05-135 21:51:08 [main] INFO  org.testng.internal.Utils - [Utils] MethodGroupsHelper.sortMethods() took 0 ms.
2026-05-135 21:51:08 [main] INFO  org.testng.internal.Utils - [Utils] MethodGroupsHelper.collectMethodsByGroup() took 0 ms.
2026-05-135 21:51:08 [main] INFO  org.testng.internal.Utils - [Utils] MethodGroupsHelper.sortMethods() took 0 ms.
2026-05-135 21:51:08 [main] INFO  org.testng.internal.Utils - [Utils] MethodGroupsHelper.collectMethodsByGroup() took 0 ms.
2026-05-135 21:51:08 [main] INFO  org.testng.internal.Utils - [Utils] MethodGroupsHelper.sortMethods() took 3 ms.
2026-05-135 21:51:08 [main] INFO  org.testng.internal.Utils - [Utils] MethodGroupsHelper.collectMethodsByGroup() took 0 ms.
2026-05-135 21:51:08 [main] INFO  org.testng.internal.Utils - [Utils] MethodGroupsHelper.sortMethods() took 0 ms.
2026-05-135 21:51:08 [main] INFO  org.testng.internal.Utils - [Utils] MethodGroupsHelper.collectMethodsByGroup() took 0 ms.
2026-05-135 21:51:08 [main] INFO  org.testng.internal.Utils - [Utils] MethodGroupsHelper.sortMethods() took 0 ms.
2026-05-135 21:51:08 [main] INFO  org.testng.internal.Utils - [TestNG] Running:
  C:\Users\Siddhi\AppData\Local\Temp\testng-eclipse-1055630421\testng-customsuite.xml

2026-05-135 21:51:08 [main] INFO  org.testng.internal.Utils - [Utils] DynamicGraphHelper.createDynamicGraph() took 3 ms.
2026-05-135 21:53:30 [main] INFO  org.testng.internal.Utils - [TestNG] Time taken by org.testng.reporters.jq.Main@432f521f: 37 ms
2026-05-135 21:53:30 [main] INFO  org.testng.internal.Utils - [TestNG] Time taken by org.testng.reporters.FailedReporter@358ab600: 8 ms
2026-05-135 21:53:30 [main] INFO  org.testng.internal.Utils - [TestNG] Time taken by org.testng.reporters.XMLReporter@58f437b0: 8 ms
2026-05-135 21:53:30 [main] INFO  org.testng.internal.Utils - [TestNG] Time taken by org.testng.reporters.EmailableReporter2@3f50b680: 4 ms
2026-05-135 21:53:30 [main] INFO  org.testng.internal.Utils - [TestNG] Time taken by org.testng.reporters.JUnitReportReporter@7d78f3d5: 5 ms
2026-05-135 21:53:30 [main] INFO  org.testng.internal.Utils - [TestNG] Time taken by org.testng.internal.ExitCodeListener@a4b5ce3: 0 ms
2026-05-135 21:55:52 [main] INFO  org.testng.internal.Utils - [Utils] MethodGroupsHelper.collectMethodsByGroup() took 1 ms.
2026-05-135 21:55:52 [main] INFO  org.testng.internal.Utils - [Utils] MethodGroupsHelper.sortMethods() took 1 ms.
2026-05-135 21:55:52 [main] INFO  org.testng.internal.Utils - [Utils] MethodGroupsHelper.collectMethodsByGroup() took 0 ms.
2026-05-135 21:55:52 [main] INFO  org.testng.internal.Utils - [Utils] MethodGroupsHelper.sortMethods() took 0 ms.
2026-05-135 21:55:52 [main] INFO  org.testng.internal.Utils - [Utils] MethodGroupsHelper.collectMethodsByGroup() took 0 ms.
2026-05-135 21:55:52 [main] INFO  org.testng.internal.Utils - [Utils] MethodGroupsHelper.sortMethods() took 0 ms.
2026-05-135 21:55:52 [main] INFO  org.testng.internal.Utils - [Utils] MethodGroupsHelper.collectMethodsByGroup() took 0 ms.
2026-05-135 21:55:52 [main] INFO  org.testng.internal.Utils - [Utils] MethodGroupsHelper.sortMethods() took 0 ms.
2026-05-135 21:55:52 [main] INFO  org.testng.internal.Utils - [Utils] MethodGroupsHelper.collectMethodsByGroup() took 3 ms.
2026-05-135 21:55:52 [main] INFO  org.testng.internal.Utils - [Utils] MethodGroupsHelper.sortMethods() took 4 ms.
2026-05-135 21:55:52 [main] INFO  org.testng.internal.Utils - [Utils] MethodGroupsHelper.collectMethodsByGroup() took 0 ms.
2026-05-135 21:55:52 [main] INFO  org.testng.internal.Utils - [Utils] MethodGroupsHelper.sortMethods() took 0 ms.
2026-05-135 21:55:52 [main] INFO  org.testng.internal.Utils - [Utils] MethodGroupsHelper.collectMethodsByGroup() took 0 ms.
2026-05-135 21:55:52 [main] INFO  org.testng.internal.Utils - [Utils] MethodGroupsHelper.sortMethods() took 0 ms.
2026-05-135 21:55:52 [main] INFO  org.testng.internal.Utils - [Utils] MethodGroupsHelper.collectMethodsByGroup() took 0 ms.
2026-05-135 21:55:52 [main] INFO  org.testng.internal.Utils - [Utils] MethodGroupsHelper.sortMethods() took 0 ms.
2026-05-135 21:55:52 [main] INFO  org.testng.internal.Utils - [Utils] MethodGroupsHelper.collectMethodsByGroup() took 0 ms.
2026-05-135 21:55:52 [main] INFO  org.testng.internal.Utils - [Utils] MethodGroupsHelper.sortMethods() took 0 ms.
2026-05-135 21:55:52 [main] INFO  org.testng.internal.Utils - [Utils] MethodGroupsHelper.collectMethodsByGroup() took 0 ms.
2026-05-135 21:55:52 [main] INFO  org.testng.internal.Utils - [Utils] MethodGroupsHelper.sortMethods() took 0 ms.
2026-05-135 21:55:52 [main] INFO  org.testng.internal.Utils - [Utils] MethodGroupsHelper.collectMethodsByGroup() took 0 ms.
2026-05-135 21:55:52 [main] INFO  org.testng.internal.Utils - [Utils] MethodGroupsHelper.sortMethods() took 0 ms.
2026-05-135 21:55:52 [main] INFO  org.testng.internal.Utils - [Utils] MethodGroupsHelper.collectMethodsByGroup() took 0 ms.
2026-05-135 21:55:52 [main] INFO  org.testng.internal.Utils - [Utils] MethodGroupsHelper.sortMethods() took 0 ms.
2026-05-135 21:55:52 [main] INFO  org.testng.internal.Utils - [Utils] MethodGroupsHelper.collectMethodsByGroup() took 1 ms.
2026-05-135 21:55:52 [main] INFO  org.testng.internal.Utils - [Utils] MethodGroupsHelper.sortMethods() took 2 ms.
2026-05-135 21:55:52 [main] INFO  org.testng.internal.Utils - [Utils] MethodGroupsHelper.collectMethodsByGroup() took 0 ms.
2026-05-135 21:55:52 [main] INFO  org.testng.internal.Utils - [Utils] MethodGroupsHelper.sortMethods() took 0 ms.
2026-05-135 21:55:52 [main] INFO  org.testng.internal.Utils - [Utils] MethodGroupsHelper.collectMethodsByGroup() took 0 ms.
2026-05-135 21:55:52 [main] INFO  org.testng.internal.Utils - [Utils] MethodGroupsHelper.sortMethods() took 0 ms.
2026-05-135 21:55:52 [main] INFO  org.testng.internal.Utils - [TestNG] Running:
  C:\Users\Siddhi\AppData\Local\Temp\testng-eclipse-589713182\testng-customsuite.xml

2026-05-135 21:55:52 [main] INFO  org.testng.internal.Utils - [Utils] DynamicGraphHelper.createDynamicGraph() took 2 ms.
2026-05-135 21:56:51 [main] INFO  org.testng.internal.Utils - [TestNG] Time taken by org.testng.reporters.jq.Main@4640195a: 32 ms
2026-05-135 21:56:51 [main] INFO  org.testng.internal.Utils - [TestNG] Time taken by org.testng.reporters.FailedReporter@136ccbfe: 7 ms
2026-05-135 21:56:51 [main] INFO  org.testng.internal.Utils - [TestNG] Time taken by org.testng.reporters.XMLReporter@b9d018b: 10 ms
2026-05-135 21:56:51 [main] INFO  org.testng.internal.Utils - [TestNG] Time taken by org.testng.reporters.EmailableReporter2@3e3cd6fe: 4 ms
2026-05-135 21:56:51 [main] INFO  org.testng.internal.Utils - [TestNG] Time taken by org.testng.reporters.JUnitReportReporter@48eaf42f: 5 ms
2026-05-135 21:56:51 [main] INFO  org.testng.internal.Utils - [TestNG] Time taken by org.testng.internal.ExitCodeListener@488f3dd1: 0 ms
2026-05-135 21:58:28 [main] INFO  org.testng.internal.Utils - [Utils] MethodGroupsHelper.collectMethodsByGroup() took 0 ms.
2026-05-135 21:58:28 [main] INFO  org.testng.internal.Utils - [Utils] MethodGroupsHelper.sortMethods() took 0 ms.
2026-05-135 21:58:28 [main] INFO  org.testng.internal.Utils - [Utils] MethodGroupsHelper.collectMethodsByGroup() took 0 ms.
2026-05-135 21:58:28 [main] INFO  org.testng.internal.Utils - [Utils] MethodGroupsHelper.sortMethods() took 0 ms.
2026-05-135 21:58:28 [main] INFO  org.testng.internal.Utils - [Utils] MethodGroupsHelper.collectMethodsByGroup() took 0 ms.
2026-05-135 21:58:28 [main] INFO  org.testng.internal.Utils - [Utils] MethodGroupsHelper.sortMethods() took 0 ms.
2026-05-135 21:58:28 [main] INFO  org.testng.internal.Utils - [Utils] MethodGroupsHelper.collectMethodsByGroup() took 0 ms.
2026-05-135 21:58:28 [main] INFO  org.testng.internal.Utils - [Utils] MethodGroupsHelper.sortMethods() took 0 ms.
2026-05-135 21:58:28 [main] INFO  org.testng.internal.Utils - [Utils] MethodGroupsHelper.collectMethodsByGroup() took 2 ms.
2026-05-135 21:58:28 [main] INFO  org.testng.internal.Utils - [Utils] MethodGroupsHelper.sortMethods() took 5 ms.
2026-05-135 21:58:28 [main] INFO  org.testng.internal.Utils - [Utils] MethodGroupsHelper.collectMethodsByGroup() took 0 ms.
2026-05-135 21:58:28 [main] INFO  org.testng.internal.Utils - [Utils] MethodGroupsHelper.sortMethods() took 1 ms.
2026-05-135 21:58:28 [main] INFO  org.testng.internal.Utils - [Utils] MethodGroupsHelper.collectMethodsByGroup() took 0 ms.
2026-05-135 21:58:28 [main] INFO  org.testng.internal.Utils - [Utils] MethodGroupsHelper.sortMethods() took 0 ms.
2026-05-135 21:58:28 [main] INFO  org.testng.internal.Utils - [Utils] MethodGroupsHelper.collectMethodsByGroup() took 0 ms.
2026-05-135 21:58:28 [main] INFO  org.testng.internal.Utils - [Utils] MethodGroupsHelper.sortMethods() took 0 ms.
2026-05-135 21:58:28 [main] INFO  org.testng.internal.Utils - [Utils] MethodGroupsHelper.collectMethodsByGroup() took 1 ms.
2026-05-135 21:58:28 [main] INFO  org.testng.internal.Utils - [Utils] MethodGroupsHelper.sortMethods() took 0 ms.
2026-05-135 21:58:28 [main] INFO  org.testng.internal.Utils - [Utils] MethodGroupsHelper.collectMethodsByGroup() took 0 ms.
2026-05-135 21:58:28 [main] INFO  org.testng.internal.Utils - [Utils] MethodGroupsHelper.sortMethods() took 0 ms.
2026-05-135 21:58:28 [main] INFO  org.testng.internal.Utils - [Utils] MethodGroupsHelper.collectMethodsByGroup() took 0 ms.
2026-05-135 21:58:28 [main] INFO  org.testng.internal.Utils - [Utils] MethodGroupsHelper.sortMethods() took 0 ms.
2026-05-135 21:58:28 [main] INFO  org.testng.internal.Utils - [Utils] MethodGroupsHelper.collectMethodsByGroup() took 0 ms.
2026-05-135 21:58:28 [main] INFO  org.testng.internal.Utils - [Utils] MethodGroupsHelper.sortMethods() took 0 ms.
2026-05-135 21:58:28 [main] INFO  org.testng.internal.Utils - [Utils] MethodGroupsHelper.collectMethodsByGroup() took 0 ms.
2026-05-135 21:58:28 [main] INFO  org.testng.internal.Utils - [Utils] MethodGroupsHelper.sortMethods() took 3 ms.
2026-05-135 21:58:28 [main] INFO  org.testng.internal.Utils - [Utils] MethodGroupsHelper.collectMethodsByGroup() took 0 ms.
2026-05-135 21:58:28 [main] INFO  org.testng.internal.Utils - [Utils] MethodGroupsHelper.sortMethods() took 0 ms.
2026-05-135 21:58:28 [main] INFO  org.testng.internal.Utils - [Utils] MethodGroupsHelper.collectMethodsByGroup() took 0 ms.
2026-05-135 21:58:28 [main] INFO  org.testng.internal.Utils - [Utils] MethodGroupsHelper.sortMethods() took 0 ms.
2026-05-135 21:58:28 [main] INFO  org.testng.internal.Utils - [TestNG] Running:
  C:\Users\Siddhi\AppData\Local\Temp\testng-eclipse--1580039107\testng-customsuite.xml

2026-05-135 21:58:28 [main] INFO  org.testng.internal.Utils - [Utils] DynamicGraphHelper.createDynamicGraph() took 3 ms.
2026-05-135 22:01:29 [main] INFO  org.testng.internal.Utils - [TestNG] Time taken by org.testng.reporters.jq.Main@f3876ef: 32 ms
2026-05-135 22:01:29 [main] INFO  org.testng.internal.Utils - [TestNG] Time taken by org.testng.reporters.FailedReporter@6be50b35: 8 ms
2026-05-135 22:01:29 [main] INFO  org.testng.internal.Utils - [TestNG] Time taken by org.testng.reporters.XMLReporter@2f6f4ac4: 8 ms
2026-05-135 22:01:29 [main] INFO  org.testng.internal.Utils - [TestNG] Time taken by org.testng.reporters.EmailableReporter2@4f541e67: 5 ms
2026-05-135 22:01:29 [main] INFO  org.testng.internal.Utils - [TestNG] Time taken by org.testng.reporters.JUnitReportReporter@2ec0ca83: 6 ms
2026-05-135 22:01:29 [main] INFO  org.testng.internal.Utils - [TestNG] Time taken by org.testng.internal.ExitCodeListener@3350ab4: 0 ms
2026-05-135 22:07:38 [main] INFO  org.testng.internal.Utils - [Utils] MethodGroupsHelper.collectMethodsByGroup() took 4 ms.
2026-05-135 22:07:38 [main] INFO  org.testng.internal.Utils - [Utils] MethodGroupsHelper.sortMethods() took 10 ms.
2026-05-135 22:07:38 [main] INFO  org.testng.internal.Utils - [Utils] MethodGroupsHelper.collectMethodsByGroup() took 0 ms.
2026-05-135 22:07:38 [main] INFO  org.testng.internal.Utils - [Utils] MethodGroupsHelper.sortMethods() took 0 ms.
2026-05-135 22:07:38 [main] INFO  org.testng.internal.Utils - [Utils] MethodGroupsHelper.collectMethodsByGroup() took 0 ms.
2026-05-135 22:07:38 [main] INFO  org.testng.internal.Utils - [Utils] MethodGroupsHelper.sortMethods() took 0 ms.
2026-05-135 22:07:38 [main] INFO  org.testng.internal.Utils - [Utils] MethodGroupsHelper.collectMethodsByGroup() took 0 ms.
2026-05-135 22:07:38 [main] INFO  org.testng.internal.Utils - [Utils] MethodGroupsHelper.sortMethods() took 0 ms.
2026-05-135 22:07:38 [main] INFO  org.testng.internal.Utils - [Utils] MethodGroupsHelper.collectMethodsByGroup() took 0 ms.
2026-05-135 22:07:38 [main] INFO  org.testng.internal.Utils - [Utils] MethodGroupsHelper.sortMethods() took 0 ms.
2026-05-135 22:07:38 [main] INFO  org.testng.internal.Utils - [Utils] MethodGroupsHelper.collectMethodsByGroup() took 0 ms.
2026-05-135 22:07:38 [main] INFO  org.testng.internal.Utils - [Utils] MethodGroupsHelper.sortMethods() took 6 ms.
2026-05-135 22:07:38 [main] INFO  org.testng.internal.Utils - [Utils] MethodGroupsHelper.collectMethodsByGroup() took 0 ms.
2026-05-135 22:07:38 [main] INFO  org.testng.internal.Utils - [Utils] MethodGroupsHelper.sortMethods() took 0 ms.
2026-05-135 22:07:38 [main] INFO  org.testng.internal.Utils - [Utils] MethodGroupsHelper.collectMethodsByGroup() took 0 ms.
2026-05-135 22:07:38 [main] INFO  org.testng.internal.Utils - [Utils] MethodGroupsHelper.sortMethods() took 0 ms.
2026-05-135 22:07:38 [main] INFO  org.testng.internal.Utils - [Utils] MethodGroupsHelper.collectMethodsByGroup() took 0 ms.
2026-05-135 22:07:38 [main] INFO  org.testng.internal.Utils - [Utils] MethodGroupsHelper.sortMethods() took 0 ms.
2026-05-135 22:07:38 [main] INFO  org.testng.internal.Utils - [Utils] MethodGroupsHelper.collectMethodsByGroup() took 0 ms.
2026-05-135 22:07:38 [main] INFO  org.testng.internal.Utils - [Utils] MethodGroupsHelper.sortMethods() took 0 ms.
2026-05-135 22:07:38 [main] INFO  org.testng.internal.Utils - [Utils] MethodGroupsHelper.collectMethodsByGroup() took 0 ms.
2026-05-135 22:07:38 [main] INFO  org.testng.internal.Utils - [Utils] MethodGroupsHelper.sortMethods() took 1 ms.
2026-05-135 22:07:38 [main] INFO  org.testng.internal.Utils - [Utils] MethodGroupsHelper.collectMethodsByGroup() took 0 ms.
2026-05-135 22:07:38 [main] INFO  org.testng.internal.Utils - [Utils] MethodGroupsHelper.sortMethods() took 0 ms.
2026-05-135 22:07:38 [main] INFO  org.testng.internal.Utils - [Utils] MethodGroupsHelper.collectMethodsByGroup() took 1 ms.
2026-05-135 22:07:38 [main] INFO  org.testng.internal.Utils - [Utils] MethodGroupsHelper.sortMethods() took 0 ms.
2026-05-135 22:07:38 [main] INFO  org.testng.internal.Utils - [Utils] MethodGroupsHelper.collectMethodsByGroup() took 0 ms.
2026-05-135 22:07:38 [main] INFO  org.testng.internal.Utils - [Utils] MethodGroupsHelper.sortMethods() took 0 ms.
2026-05-135 22:07:38 [main] INFO  org.testng.internal.Utils - [Utils] MethodGroupsHelper.collectMethodsByGroup() took 0 ms.
2026-05-135 22:07:38 [main] INFO  org.testng.internal.Utils - [Utils] MethodGroupsHelper.sortMethods() took 0 ms.
2026-05-135 22:07:38 [main] INFO  org.testng.internal.Utils - [TestNG] Running:
  C:\Users\Siddhi\AppData\Local\Temp\testng-eclipse--1569714949\testng-customsuite.xml

2026-05-135 22:07:38 [main] INFO  org.testng.internal.Utils - [Utils] DynamicGraphHelper.createDynamicGraph() took 3 ms.
2026-05-135 22:09:15 [main] INFO  org.testng.internal.Utils - [TestNG] Time taken by org.testng.reporters.jq.Main@2582b0ef: 34 ms
2026-05-135 22:09:15 [main] INFO  org.testng.internal.Utils - [TestNG] Time taken by org.testng.reporters.FailedReporter@b61edb9: 11 ms
2026-05-135 22:09:15 [main] INFO  org.testng.internal.Utils - [TestNG] Time taken by org.testng.reporters.XMLReporter@25a7fedf: 10 ms
2026-05-135 22:09:15 [main] INFO  org.testng.internal.Utils - [TestNG] Time taken by org.testng.reporters.EmailableReporter2@23da79eb: 5 ms
2026-05-135 22:09:15 [main] INFO  org.testng.internal.Utils - [TestNG] Time taken by org.testng.reporters.JUnitReportReporter@23cbbd07: 6 ms
2026-05-135 22:09:15 [main] INFO  org.testng.internal.Utils - [TestNG] Time taken by org.testng.internal.ExitCodeListener@448b808a: 0 ms
2026-05-135 22:18:54 [main] INFO  org.testng.internal.Utils - [Utils] MethodGroupsHelper.collectMethodsByGroup() took 4 ms.
2026-05-135 22:18:54 [main] INFO  org.testng.internal.Utils - [Utils] MethodGroupsHelper.sortMethods() took 10 ms.
2026-05-135 22:18:54 [main] INFO  org.testng.internal.Utils - [Utils] MethodGroupsHelper.collectMethodsByGroup() took 0 ms.
2026-05-135 22:18:54 [main] INFO  org.testng.internal.Utils - [Utils] MethodGroupsHelper.sortMethods() took 0 ms.
2026-05-135 22:18:54 [main] INFO  org.testng.internal.Utils - [Utils] MethodGroupsHelper.collectMethodsByGroup() took 0 ms.
2026-05-135 22:18:54 [main] INFO  org.testng.internal.Utils - [Utils] MethodGroupsHelper.sortMethods() took 0 ms.
2026-05-135 22:18:54 [main] INFO  org.testng.internal.Utils - [Utils] MethodGroupsHelper.collectMethodsByGroup() took 0 ms.
2026-05-135 22:18:54 [main] INFO  org.testng.internal.Utils - [Utils] MethodGroupsHelper.sortMethods() took 0 ms.
2026-05-135 22:18:54 [main] INFO  org.testng.internal.Utils - [Utils] MethodGroupsHelper.collectMethodsByGroup() took 0 ms.
2026-05-135 22:18:54 [main] INFO  org.testng.internal.Utils - [Utils] MethodGroupsHelper.sortMethods() took 0 ms.
2026-05-135 22:18:54 [main] INFO  org.testng.internal.Utils - [Utils] MethodGroupsHelper.collectMethodsByGroup() took 0 ms.
2026-05-135 22:18:54 [main] INFO  org.testng.internal.Utils - [Utils] MethodGroupsHelper.sortMethods() took 6 ms.
2026-05-135 22:18:54 [main] INFO  org.testng.internal.Utils - [Utils] MethodGroupsHelper.collectMethodsByGroup() took 0 ms.
2026-05-135 22:18:54 [main] INFO  org.testng.internal.Utils - [Utils] MethodGroupsHelper.sortMethods() took 0 ms.
2026-05-135 22:18:54 [main] INFO  org.testng.internal.Utils - [Utils] MethodGroupsHelper.collectMethodsByGroup() took 0 ms.
2026-05-135 22:18:54 [main] INFO  org.testng.internal.Utils - [Utils] MethodGroupsHelper.sortMethods() took 0 ms.
2026-05-135 22:18:54 [main] INFO  org.testng.internal.Utils - [Utils] MethodGroupsHelper.collectMethodsByGroup() took 0 ms.
2026-05-135 22:18:54 [main] INFO  org.testng.internal.Utils - [Utils] MethodGroupsHelper.sortMethods() took 0 ms.
2026-05-135 22:18:54 [main] INFO  org.testng.internal.Utils - [Utils] MethodGroupsHelper.collectMethodsByGroup() took 0 ms.
2026-05-135 22:18:54 [main] INFO  org.testng.internal.Utils - [Utils] MethodGroupsHelper.sortMethods() took 1 ms.
2026-05-135 22:18:54 [main] INFO  org.testng.internal.Utils - [Utils] MethodGroupsHelper.collectMethodsByGroup() took 0 ms.
2026-05-135 22:18:54 [main] INFO  org.testng.internal.Utils - [Utils] MethodGroupsHelper.sortMethods() took 0 ms.
2026-05-135 22:18:54 [main] INFO  org.testng.internal.Utils - [Utils] MethodGroupsHelper.collectMethodsByGroup() took 0 ms.
2026-05-135 22:18:54 [main] INFO  org.testng.internal.Utils - [Utils] MethodGroupsHelper.sortMethods() took 0 ms.
2026-05-135 22:18:54 [main] INFO  org.testng.internal.Utils - [Utils] MethodGroupsHelper.collectMethodsByGroup() took 0 ms.
2026-05-135 22:18:54 [main] INFO  org.testng.internal.Utils - [Utils] MethodGroupsHelper.sortMethods() took 0 ms.
2026-05-135 22:18:54 [main] INFO  org.testng.internal.Utils - [Utils] MethodGroupsHelper.collectMethodsByGroup() took 0 ms.
2026-05-135 22:18:54 [main] INFO  org.testng.internal.Utils - [Utils] MethodGroupsHelper.sortMethods() took 0 ms.
2026-05-135 22:18:54 [main] INFO  org.testng.internal.Utils - [Utils] MethodGroupsHelper.collectMethodsByGroup() took 0 ms.
2026-05-135 22:18:54 [main] INFO  org.testng.internal.Utils - [Utils] MethodGroupsHelper.sortMethods() took 0 ms.
2026-05-135 22:18:54 [main] INFO  org.testng.internal.Utils - [TestNG] Running:
  C:\Users\Siddhi\AppData\Local\Temp\testng-eclipse-1089082196\testng-customsuite.xml

2026-05-135 22:18:55 [main] INFO  org.testng.internal.Utils - [Utils] DynamicGraphHelper.createDynamicGraph() took 2 ms.
2026-05-135 22:20:06 [main] INFO  org.testng.internal.Utils - [TestNG] Time taken by org.testng.reporters.jq.Main@48268eec: 32 ms
2026-05-135 22:20:06 [main] INFO  org.testng.internal.Utils - [TestNG] Time taken by org.testng.reporters.FailedReporter@7bee8621: 7 ms
2026-05-135 22:20:06 [main] INFO  org.testng.internal.Utils - [TestNG] Time taken by org.testng.reporters.XMLReporter@1ac6dd3d: 12 ms
2026-05-135 22:20:06 [main] INFO  org.testng.internal.Utils - [TestNG] Time taken by org.testng.reporters.EmailableReporter2@1d6751e3: 7 ms
2026-05-135 22:20:06 [main] INFO  org.testng.internal.Utils - [TestNG] Time taken by org.testng.reporters.JUnitReportReporter@740fefc6: 5 ms
2026-05-135 22:20:06 [main] INFO  org.testng.internal.Utils - [TestNG] Time taken by org.testng.internal.ExitCodeListener@aa61e4e: 0 ms
2026-05-135 22:24:56 [main] INFO  org.testng.internal.Utils - [Utils] MethodGroupsHelper.collectMethodsByGroup() took 4 ms.
2026-05-135 22:24:56 [main] INFO  org.testng.internal.Utils - [Utils] MethodGroupsHelper.sortMethods() took 10 ms.
2026-05-135 22:24:56 [main] INFO  org.testng.internal.Utils - [Utils] MethodGroupsHelper.collectMethodsByGroup() took 0 ms.
2026-05-135 22:24:56 [main] INFO  org.testng.internal.Utils - [Utils] MethodGroupsHelper.sortMethods() took 0 ms.
2026-05-135 22:24:56 [main] INFO  org.testng.internal.Utils - [Utils] MethodGroupsHelper.collectMethodsByGroup() took 0 ms.
2026-05-135 22:24:56 [main] INFO  org.testng.internal.Utils - [Utils] MethodGroupsHelper.sortMethods() took 0 ms.
2026-05-135 22:24:56 [main] INFO  org.testng.internal.Utils - [Utils] MethodGroupsHelper.collectMethodsByGroup() took 0 ms.
2026-05-135 22:24:56 [main] INFO  org.testng.internal.Utils - [Utils] MethodGroupsHelper.sortMethods() took 0 ms.
2026-05-135 22:24:56 [main] INFO  org.testng.internal.Utils - [Utils] MethodGroupsHelper.collectMethodsByGroup() took 0 ms.
2026-05-135 22:24:56 [main] INFO  org.testng.internal.Utils - [Utils] MethodGroupsHelper.sortMethods() took 0 ms.
2026-05-135 22:24:56 [main] INFO  org.testng.internal.Utils - [Utils] MethodGroupsHelper.collectMethodsByGroup() took 0 ms.
2026-05-135 22:24:56 [main] INFO  org.testng.internal.Utils - [Utils] MethodGroupsHelper.sortMethods() took 5 ms.
2026-05-135 22:24:56 [main] INFO  org.testng.internal.Utils - [Utils] MethodGroupsHelper.collectMethodsByGroup() took 0 ms.
2026-05-135 22:24:56 [main] INFO  org.testng.internal.Utils - [Utils] MethodGroupsHelper.sortMethods() took 0 ms.
2026-05-135 22:24:56 [main] INFO  org.testng.internal.Utils - [Utils] MethodGroupsHelper.collectMethodsByGroup() took 0 ms.
2026-05-135 22:24:56 [main] INFO  org.testng.internal.Utils - [Utils] MethodGroupsHelper.sortMethods() took 0 ms.
2026-05-135 22:24:56 [main] INFO  org.testng.internal.Utils - [Utils] MethodGroupsHelper.collectMethodsByGroup() took 0 ms.
2026-05-135 22:24:56 [main] INFO  org.testng.internal.Utils - [Utils] MethodGroupsHelper.sortMethods() took 0 ms.
2026-05-135 22:24:56 [main] INFO  org.testng.internal.Utils - [Utils] MethodGroupsHelper.collectMethodsByGroup() took 0 ms.
2026-05-135 22:24:56 [main] INFO  org.testng.internal.Utils - [Utils] MethodGroupsHelper.sortMethods() took 0 ms.
2026-05-135 22:24:56 [main] INFO  org.testng.internal.Utils - [Utils] MethodGroupsHelper.collectMethodsByGroup() took 0 ms.
2026-05-135 22:24:56 [main] INFO  org.testng.internal.Utils - [Utils] MethodGroupsHelper.sortMethods() took 0 ms.
2026-05-135 22:24:56 [main] INFO  org.testng.internal.Utils - [Utils] MethodGroupsHelper.collectMethodsByGroup() took 0 ms.
2026-05-135 22:24:56 [main] INFO  org.testng.internal.Utils - [Utils] MethodGroupsHelper.sortMethods() took 0 ms.
2026-05-135 22:24:56 [main] INFO  org.testng.internal.Utils - [Utils] MethodGroupsHelper.collectMethodsByGroup() took 1 ms.
2026-05-135 22:24:56 [main] INFO  org.testng.internal.Utils - [Utils] MethodGroupsHelper.sortMethods() took 1 ms.
2026-05-135 22:24:56 [main] INFO  org.testng.internal.Utils - [Utils] MethodGroupsHelper.collectMethodsByGroup() took 0 ms.
2026-05-135 22:24:56 [main] INFO  org.testng.internal.Utils - [Utils] MethodGroupsHelper.sortMethods() took 0 ms.
2026-05-135 22:24:56 [main] INFO  org.testng.internal.Utils - [Utils] MethodGroupsHelper.collectMethodsByGroup() took 0 ms.
2026-05-135 22:24:56 [main] INFO  org.testng.internal.Utils - [Utils] MethodGroupsHelper.sortMethods() took 0 ms.
2026-05-135 22:24:56 [main] INFO  org.testng.internal.Utils - [TestNG] Running:
  C:\Users\Siddhi\AppData\Local\Temp\testng-eclipse-601906366\testng-customsuite.xml

2026-05-135 22:24:56 [main] INFO  org.testng.internal.Utils - [Utils] DynamicGraphHelper.createDynamicGraph() took 2 ms.
2026-05-135 22:27:07 [main] INFO  org.testng.internal.Utils - [TestNG] Time taken by org.testng.reporters.jq.Main@1c62c3fd: 33 ms
2026-05-135 22:27:07 [main] INFO  org.testng.internal.Utils - [TestNG] Time taken by org.testng.reporters.FailedReporter@6f315b08: 10 ms
2026-05-135 22:27:07 [main] INFO  org.testng.internal.Utils - [TestNG] Time taken by org.testng.reporters.XMLReporter@5a47730c: 9 ms
2026-05-135 22:27:07 [main] INFO  org.testng.internal.Utils - [TestNG] Time taken by org.testng.reporters.EmailableReporter2@7af1d072: 6 ms
2026-05-135 22:27:07 [main] INFO  org.testng.internal.Utils - [TestNG] Time taken by org.testng.reporters.JUnitReportReporter@59b492ec: 5 ms
2026-05-135 22:27:07 [main] INFO  org.testng.internal.Utils - [TestNG] Time taken by org.testng.internal.ExitCodeListener@55c1ced9: 0 ms
2026-05-135 22:29:37 [main] INFO  org.testng.internal.Utils - [Utils] MethodGroupsHelper.collectMethodsByGroup() took 3 ms.
2026-05-135 22:29:37 [main] INFO  org.testng.internal.Utils - [Utils] MethodGroupsHelper.sortMethods() took 12 ms.
2026-05-135 22:29:37 [main] INFO  org.testng.internal.Utils - [Utils] MethodGroupsHelper.collectMethodsByGroup() took 1 ms.
2026-05-135 22:29:37 [main] INFO  org.testng.internal.Utils - [Utils] MethodGroupsHelper.sortMethods() took 0 ms.
2026-05-135 22:29:37 [main] INFO  org.testng.internal.Utils - [Utils] MethodGroupsHelper.collectMethodsByGroup() took 0 ms.
2026-05-135 22:29:37 [main] INFO  org.testng.internal.Utils - [Utils] MethodGroupsHelper.sortMethods() took 0 ms.
2026-05-135 22:29:37 [main] INFO  org.testng.internal.Utils - [Utils] MethodGroupsHelper.collectMethodsByGroup() took 0 ms.
2026-05-135 22:29:37 [main] INFO  org.testng.internal.Utils - [Utils] MethodGroupsHelper.sortMethods() took 0 ms.
2026-05-135 22:29:37 [main] INFO  org.testng.internal.Utils - [Utils] MethodGroupsHelper.collectMethodsByGroup() took 0 ms.
2026-05-135 22:29:37 [main] INFO  org.testng.internal.Utils - [Utils] MethodGroupsHelper.sortMethods() took 0 ms.
2026-05-135 22:29:37 [main] INFO  org.testng.internal.Utils - [Utils] MethodGroupsHelper.collectMethodsByGroup() took 0 ms.
2026-05-135 22:29:37 [main] INFO  org.testng.internal.Utils - [Utils] MethodGroupsHelper.sortMethods() took 6 ms.
2026-05-135 22:29:37 [main] INFO  org.testng.internal.Utils - [Utils] MethodGroupsHelper.collectMethodsByGroup() took 0 ms.
2026-05-135 22:29:37 [main] INFO  org.testng.internal.Utils - [Utils] MethodGroupsHelper.sortMethods() took 0 ms.
2026-05-135 22:29:37 [main] INFO  org.testng.internal.Utils - [Utils] MethodGroupsHelper.collectMethodsByGroup() took 0 ms.
2026-05-135 22:29:37 [main] INFO  org.testng.internal.Utils - [Utils] MethodGroupsHelper.sortMethods() took 0 ms.
2026-05-135 22:29:37 [main] INFO  org.testng.internal.Utils - [Utils] MethodGroupsHelper.collectMethodsByGroup() took 0 ms.
2026-05-135 22:29:37 [main] INFO  org.testng.internal.Utils - [Utils] MethodGroupsHelper.sortMethods() took 0 ms.
2026-05-135 22:29:37 [main] INFO  org.testng.internal.Utils - [Utils] MethodGroupsHelper.collectMethodsByGroup() took 0 ms.
2026-05-135 22:29:37 [main] INFO  org.testng.internal.Utils - [Utils] MethodGroupsHelper.sortMethods() took 1 ms.
2026-05-135 22:29:37 [main] INFO  org.testng.internal.Utils - [Utils] MethodGroupsHelper.collectMethodsByGroup() took 0 ms.
2026-05-135 22:29:37 [main] INFO  org.testng.internal.Utils - [Utils] MethodGroupsHelper.sortMethods() took 1 ms.
2026-05-135 22:29:37 [main] INFO  org.testng.internal.Utils - [Utils] MethodGroupsHelper.collectMethodsByGroup() took 0 ms.
2026-05-135 22:29:37 [main] INFO  org.testng.internal.Utils - [Utils] MethodGroupsHelper.sortMethods() took 0 ms.
2026-05-135 22:29:37 [main] INFO  org.testng.internal.Utils - [Utils] MethodGroupsHelper.collectMethodsByGroup() took 0 ms.
2026-05-135 22:29:37 [main] INFO  org.testng.internal.Utils - [Utils] MethodGroupsHelper.sortMethods() took 0 ms.
2026-05-135 22:29:37 [main] INFO  org.testng.internal.Utils - [Utils] MethodGroupsHelper.collectMethodsByGroup() took 0 ms.
2026-05-135 22:29:37 [main] INFO  org.testng.internal.Utils - [Utils] MethodGroupsHelper.sortMethods() took 0 ms.
2026-05-135 22:29:37 [main] INFO  org.testng.internal.Utils - [Utils] MethodGroupsHelper.collectMethodsByGroup() took 0 ms.
2026-05-135 22:29:37 [main] INFO  org.testng.internal.Utils - [Utils] MethodGroupsHelper.sortMethods() took 0 ms.
2026-05-135 22:29:37 [main] INFO  org.testng.internal.Utils - [TestNG] Running:
  C:\Users\Siddhi\AppData\Local\Temp\testng-eclipse-1594941633\testng-customsuite.xml

2026-05-135 22:29:37 [main] INFO  org.testng.internal.Utils - [Utils] DynamicGraphHelper.createDynamicGraph() took 3 ms.
2026-05-135 22:32:34 [main] INFO  org.testng.internal.Utils - [TestNG] Time taken by org.testng.reporters.jq.Main@28521ed5: 51 ms
2026-05-135 22:32:34 [main] INFO  org.testng.internal.Utils - [TestNG] Time taken by org.testng.reporters.FailedReporter@b307030: 20 ms
2026-05-135 22:32:34 [main] INFO  org.testng.internal.Utils - [TestNG] Time taken by org.testng.reporters.XMLReporter@74ab8610: 21 ms
2026-05-135 22:32:34 [main] INFO  org.testng.internal.Utils - [TestNG] Time taken by org.testng.reporters.EmailableReporter2@5039c2cf: 8 ms
2026-05-135 22:32:34 [main] INFO  org.testng.internal.Utils - [TestNG] Time taken by org.testng.reporters.JUnitReportReporter@325236f5: 16 ms
2026-05-135 22:32:34 [main] INFO  org.testng.internal.Utils - [TestNG] Time taken by org.testng.internal.ExitCodeListener@32eb38e5: 0 ms
2026-05-135 22:47:59 [main] INFO  org.testng.internal.Utils - [Utils] MethodGroupsHelper.collectMethodsByGroup() took 3 ms.
2026-05-135 22:47:59 [main] INFO  org.testng.internal.Utils - [Utils] MethodGroupsHelper.sortMethods() took 8 ms.
2026-05-135 22:47:59 [main] INFO  org.testng.internal.Utils - [Utils] MethodGroupsHelper.collectMethodsByGroup() took 0 ms.
2026-05-135 22:47:59 [main] INFO  org.testng.internal.Utils - [Utils] MethodGroupsHelper.sortMethods() took 0 ms.
2026-05-135 22:47:59 [main] INFO  org.testng.internal.Utils - [Utils] MethodGroupsHelper.collectMethodsByGroup() took 0 ms.
2026-05-135 22:47:59 [main] INFO  org.testng.internal.Utils - [Utils] MethodGroupsHelper.sortMethods() took 0 ms.
2026-05-135 22:47:59 [main] INFO  org.testng.internal.Utils - [Utils] MethodGroupsHelper.collectMethodsByGroup() took 0 ms.
2026-05-135 22:47:59 [main] INFO  org.testng.internal.Utils - [Utils] MethodGroupsHelper.sortMethods() took 0 ms.
2026-05-135 22:47:59 [main] INFO  org.testng.internal.Utils - [Utils] MethodGroupsHelper.collectMethodsByGroup() took 0 ms.
2026-05-135 22:47:59 [main] INFO  org.testng.internal.Utils - [Utils] MethodGroupsHelper.sortMethods() took 0 ms.
2026-05-135 22:47:59 [main] INFO  org.testng.internal.Utils - [Utils] MethodGroupsHelper.collectMethodsByGroup() took 0 ms.
2026-05-135 22:47:59 [main] INFO  org.testng.internal.Utils - [Utils] MethodGroupsHelper.sortMethods() took 4 ms.
2026-05-135 22:47:59 [main] INFO  org.testng.internal.Utils - [Utils] MethodGroupsHelper.collectMethodsByGroup() took 0 ms.
2026-05-135 22:47:59 [main] INFO  org.testng.internal.Utils - [Utils] MethodGroupsHelper.sortMethods() took 0 ms.
2026-05-135 22:47:59 [main] INFO  org.testng.internal.Utils - [Utils] MethodGroupsHelper.collectMethodsByGroup() took 0 ms.
2026-05-135 22:47:59 [main] INFO  org.testng.internal.Utils - [Utils] MethodGroupsHelper.sortMethods() took 0 ms.
2026-05-135 22:47:59 [main] INFO  org.testng.internal.Utils - [Utils] MethodGroupsHelper.collectMethodsByGroup() took 0 ms.
2026-05-135 22:47:59 [main] INFO  org.testng.internal.Utils - [Utils] MethodGroupsHelper.sortMethods() took 0 ms.
2026-05-135 22:47:59 [main] INFO  org.testng.internal.Utils - [Utils] MethodGroupsHelper.collectMethodsByGroup() took 0 ms.
2026-05-135 22:47:59 [main] INFO  org.testng.internal.Utils - [Utils] MethodGroupsHelper.sortMethods() took 1 ms.
2026-05-135 22:47:59 [main] INFO  org.testng.internal.Utils - [Utils] MethodGroupsHelper.collectMethodsByGroup() took 0 ms.
2026-05-135 22:47:59 [main] INFO  org.testng.internal.Utils - [Utils] MethodGroupsHelper.sortMethods() took 0 ms.
2026-05-135 22:47:59 [main] INFO  org.testng.internal.Utils - [Utils] MethodGroupsHelper.collectMethodsByGroup() took 0 ms.
2026-05-135 22:47:59 [main] INFO  org.testng.internal.Utils - [Utils] MethodGroupsHelper.sortMethods() took 0 ms.
2026-05-135 22:47:59 [main] INFO  org.testng.internal.Utils - [Utils] MethodGroupsHelper.collectMethodsByGroup() took 0 ms.
2026-05-135 22:47:59 [main] INFO  org.testng.internal.Utils - [Utils] MethodGroupsHelper.sortMethods() took 0 ms.
2026-05-135 22:47:59 [main] INFO  org.testng.internal.Utils - [Utils] MethodGroupsHelper.collectMethodsByGroup() took 0 ms.
2026-05-135 22:47:59 [main] INFO  org.testng.internal.Utils - [Utils] MethodGroupsHelper.sortMethods() took 0 ms.
2026-05-135 22:47:59 [main] INFO  org.testng.internal.Utils - [Utils] MethodGroupsHelper.collectMethodsByGroup() took 0 ms.
2026-05-135 22:47:59 [main] INFO  org.testng.internal.Utils - [Utils] MethodGroupsHelper.sortMethods() took 0 ms.
2026-05-135 22:47:59 [main] INFO  org.testng.internal.Utils - [TestNG] Running:
  C:\Users\Siddhi\AppData\Local\Temp\testng-eclipse-1098966887\testng-customsuite.xml

2026-05-135 22:47:59 [main] INFO  org.testng.internal.Utils - [Utils] DynamicGraphHelper.createDynamicGraph() took 2 ms.
2026-05-135 22:49:02 [main] INFO  org.testng.internal.Utils - [TestNG] Time taken by org.testng.reporters.jq.Main@5a6d30e2: 37 ms
2026-05-135 22:49:02 [main] INFO  org.testng.internal.Utils - [TestNG] Time taken by org.testng.reporters.FailedReporter@6540cf1d: 8 ms
2026-05-135 22:49:02 [main] INFO  org.testng.internal.Utils - [TestNG] Time taken by org.testng.reporters.XMLReporter@378cfecf: 11 ms
2026-05-135 22:49:02 [main] INFO  org.testng.internal.Utils - [TestNG] Time taken by org.testng.reporters.EmailableReporter2@119aa36: 5 ms
2026-05-135 22:49:02 [main] INFO  org.testng.internal.Utils - [TestNG] Time taken by org.testng.reporters.JUnitReportReporter@7d44a19: 6 ms
2026-05-135 22:49:02 [main] INFO  org.testng.internal.Utils - [TestNG] Time taken by org.testng.internal.ExitCodeListener@1fb2d5e: 0 ms
2026-05-135 22:49:56 [main] INFO  org.testng.internal.Utils - [Utils] MethodGroupsHelper.collectMethodsByGroup() took 3 ms.
2026-05-135 22:49:56 [main] INFO  org.testng.internal.Utils - [Utils] MethodGroupsHelper.sortMethods() took 10 ms.
2026-05-135 22:49:56 [main] INFO  org.testng.internal.Utils - [Utils] MethodGroupsHelper.collectMethodsByGroup() took 0 ms.
2026-05-135 22:49:56 [main] INFO  org.testng.internal.Utils - [Utils] MethodGroupsHelper.sortMethods() took 0 ms.
2026-05-135 22:49:56 [main] INFO  org.testng.internal.Utils - [Utils] MethodGroupsHelper.collectMethodsByGroup() took 0 ms.
2026-05-135 22:49:56 [main] INFO  org.testng.internal.Utils - [Utils] MethodGroupsHelper.sortMethods() took 0 ms.
2026-05-135 22:49:56 [main] INFO  org.testng.internal.Utils - [Utils] MethodGroupsHelper.collectMethodsByGroup() took 0 ms.
2026-05-135 22:49:56 [main] INFO  org.testng.internal.Utils - [Utils] MethodGroupsHelper.sortMethods() took 0 ms.
2026-05-135 22:49:56 [main] INFO  org.testng.internal.Utils - [Utils] MethodGroupsHelper.collectMethodsByGroup() took 0 ms.
2026-05-135 22:49:56 [main] INFO  org.testng.internal.Utils - [Utils] MethodGroupsHelper.sortMethods() took 0 ms.
2026-05-135 22:49:56 [main] INFO  org.testng.internal.Utils - [Utils] MethodGroupsHelper.collectMethodsByGroup() took 1 ms.
2026-05-135 22:49:56 [main] INFO  org.testng.internal.Utils - [Utils] MethodGroupsHelper.sortMethods() took 4 ms.
2026-05-135 22:49:56 [main] INFO  org.testng.internal.Utils - [Utils] MethodGroupsHelper.collectMethodsByGroup() took 0 ms.
2026-05-135 22:49:56 [main] INFO  org.testng.internal.Utils - [Utils] MethodGroupsHelper.sortMethods() took 0 ms.
2026-05-135 22:49:56 [main] INFO  org.testng.internal.Utils - [Utils] MethodGroupsHelper.collectMethodsByGroup() took 0 ms.
2026-05-135 22:49:56 [main] INFO  org.testng.internal.Utils - [Utils] MethodGroupsHelper.sortMethods() took 0 ms.
2026-05-135 22:49:56 [main] INFO  org.testng.internal.Utils - [Utils] MethodGroupsHelper.collectMethodsByGroup() took 0 ms.
2026-05-135 22:49:56 [main] INFO  org.testng.internal.Utils - [Utils] MethodGroupsHelper.sortMethods() took 0 ms.
2026-05-135 22:49:56 [main] INFO  org.testng.internal.Utils - [Utils] MethodGroupsHelper.collectMethodsByGroup() took 0 ms.
2026-05-135 22:49:56 [main] INFO  org.testng.internal.Utils - [Utils] MethodGroupsHelper.sortMethods() took 1 ms.
2026-05-135 22:49:56 [main] INFO  org.testng.internal.Utils - [Utils] MethodGroupsHelper.collectMethodsByGroup() took 0 ms.
2026-05-135 22:49:56 [main] INFO  org.testng.internal.Utils - [Utils] MethodGroupsHelper.sortMethods() took 0 ms.
2026-05-135 22:49:56 [main] INFO  org.testng.internal.Utils - [Utils] MethodGroupsHelper.collectMethodsByGroup() took 0 ms.
2026-05-135 22:49:56 [main] INFO  org.testng.internal.Utils - [Utils] MethodGroupsHelper.sortMethods() took 0 ms.
2026-05-135 22:49:56 [main] INFO  org.testng.internal.Utils - [Utils] MethodGroupsHelper.collectMethodsByGroup() took 0 ms.
2026-05-135 22:49:56 [main] INFO  org.testng.internal.Utils - [Utils] MethodGroupsHelper.sortMethods() took 0 ms.
2026-05-135 22:49:56 [main] INFO  org.testng.internal.Utils - [Utils] MethodGroupsHelper.collectMethodsByGroup() took 0 ms.
2026-05-135 22:49:56 [main] INFO  org.testng.internal.Utils - [Utils] MethodGroupsHelper.sortMethods() took 0 ms.
2026-05-135 22:49:56 [main] INFO  org.testng.internal.Utils - [Utils] MethodGroupsHelper.collectMethodsByGroup() took 0 ms.
2026-05-135 22:49:56 [main] INFO  org.testng.internal.Utils - [Utils] MethodGroupsHelper.sortMethods() took 0 ms.
2026-05-135 22:49:56 [main] INFO  org.testng.internal.Utils - [TestNG] Running:
  C:\Users\Siddhi\AppData\Local\Temp\testng-eclipse-1442932404\testng-customsuite.xml

2026-05-135 22:49:56 [main] INFO  org.testng.internal.Utils - [Utils] DynamicGraphHelper.createDynamicGraph() took 2 ms.
2026-05-135 22:51:38 [main] INFO  org.testng.internal.Utils - [TestNG] Time taken by org.testng.reporters.jq.Main@74667e6a: 38 ms
2026-05-135 22:51:38 [main] INFO  org.testng.internal.Utils - [TestNG] Time taken by org.testng.reporters.FailedReporter@385d819: 13 ms
2026-05-135 22:51:38 [main] INFO  org.testng.internal.Utils - [TestNG] Time taken by org.testng.reporters.XMLReporter@1d7eb170: 12 ms
2026-05-135 22:51:38 [main] INFO  org.testng.internal.Utils - [TestNG] Time taken by org.testng.reporters.EmailableReporter2@79ba0a6f: 5 ms
2026-05-135 22:51:38 [main] INFO  org.testng.internal.Utils - [TestNG] Time taken by org.testng.reporters.JUnitReportReporter@6c33da7a: 5 ms
2026-05-135 22:51:38 [main] INFO  org.testng.internal.Utils - [TestNG] Time taken by org.testng.internal.ExitCodeListener@69aabcb0: 0 ms
2026-05-135 22:57:16 [main] INFO  org.testng.internal.Utils - [Utils] MethodGroupsHelper.collectMethodsByGroup() took 2 ms.
2026-05-135 22:57:16 [main] INFO  org.testng.internal.Utils - [Utils] MethodGroupsHelper.sortMethods() took 11 ms.
2026-05-135 22:57:16 [main] INFO  org.testng.internal.Utils - [Utils] MethodGroupsHelper.collectMethodsByGroup() took 0 ms.
2026-05-135 22:57:16 [main] INFO  org.testng.internal.Utils - [Utils] MethodGroupsHelper.sortMethods() took 0 ms.
2026-05-135 22:57:16 [main] INFO  org.testng.internal.Utils - [Utils] MethodGroupsHelper.collectMethodsByGroup() took 0 ms.
2026-05-135 22:57:16 [main] INFO  org.testng.internal.Utils - [Utils] MethodGroupsHelper.sortMethods() took 0 ms.
2026-05-135 22:57:16 [main] INFO  org.testng.internal.Utils - [Utils] MethodGroupsHelper.collectMethodsByGroup() took 0 ms.
2026-05-135 22:57:16 [main] INFO  org.testng.internal.Utils - [Utils] MethodGroupsHelper.sortMethods() took 0 ms.
2026-05-135 22:57:16 [main] INFO  org.testng.internal.Utils - [Utils] MethodGroupsHelper.collectMethodsByGroup() took 0 ms.
2026-05-135 22:57:16 [main] INFO  org.testng.internal.Utils - [Utils] MethodGroupsHelper.sortMethods() took 0 ms.
2026-05-135 22:57:16 [main] INFO  org.testng.internal.Utils - [Utils] MethodGroupsHelper.collectMethodsByGroup() took 0 ms.
2026-05-135 22:57:16 [main] INFO  org.testng.internal.Utils - [Utils] MethodGroupsHelper.sortMethods() took 4 ms.
2026-05-135 22:57:16 [main] INFO  org.testng.internal.Utils - [Utils] MethodGroupsHelper.collectMethodsByGroup() took 0 ms.
2026-05-135 22:57:16 [main] INFO  org.testng.internal.Utils - [Utils] MethodGroupsHelper.sortMethods() took 0 ms.
2026-05-135 22:57:16 [main] INFO  org.testng.internal.Utils - [Utils] MethodGroupsHelper.collectMethodsByGroup() took 0 ms.
2026-05-135 22:57:16 [main] INFO  org.testng.internal.Utils - [Utils] MethodGroupsHelper.sortMethods() took 0 ms.
2026-05-135 22:57:16 [main] INFO  org.testng.internal.Utils - [Utils] MethodGroupsHelper.collectMethodsByGroup() took 0 ms.
2026-05-135 22:57:16 [main] INFO  org.testng.internal.Utils - [Utils] MethodGroupsHelper.sortMethods() took 0 ms.
2026-05-135 22:57:16 [main] INFO  org.testng.internal.Utils - [Utils] MethodGroupsHelper.collectMethodsByGroup() took 0 ms.
2026-05-135 22:57:16 [main] INFO  org.testng.internal.Utils - [Utils] MethodGroupsHelper.sortMethods() took 1 ms.
2026-05-135 22:57:16 [main] INFO  org.testng.internal.Utils - [Utils] MethodGroupsHelper.collectMethodsByGroup() took 0 ms.
2026-05-135 22:57:16 [main] INFO  org.testng.internal.Utils - [Utils] MethodGroupsHelper.sortMethods() took 0 ms.
2026-05-135 22:57:16 [main] INFO  org.testng.internal.Utils - [Utils] MethodGroupsHelper.collectMethodsByGroup() took 0 ms.
2026-05-135 22:57:16 [main] INFO  org.testng.internal.Utils - [Utils] MethodGroupsHelper.sortMethods() took 0 ms.
2026-05-135 22:57:17 [main] INFO  org.testng.internal.Utils - [Utils] MethodGroupsHelper.collectMethodsByGroup() took 2 ms.
2026-05-135 22:57:17 [main] INFO  org.testng.internal.Utils - [Utils] MethodGroupsHelper.sortMethods() took 0 ms.
2026-05-135 22:57:17 [main] INFO  org.testng.internal.Utils - [Utils] MethodGroupsHelper.collectMethodsByGroup() took 0 ms.
2026-05-135 22:57:17 [main] INFO  org.testng.internal.Utils - [Utils] MethodGroupsHelper.sortMethods() took 0 ms.
2026-05-135 22:57:17 [main] INFO  org.testng.internal.Utils - [Utils] MethodGroupsHelper.collectMethodsByGroup() took 0 ms.
2026-05-135 22:57:17 [main] INFO  org.testng.internal.Utils - [Utils] MethodGroupsHelper.sortMethods() took 0 ms.
2026-05-135 22:57:17 [main] INFO  org.testng.internal.Utils - [TestNG] Running:
  C:\Users\Siddhi\AppData\Local\Temp\testng-eclipse-1338277414\testng-customsuite.xml

2026-05-135 22:57:17 [main] INFO  org.testng.internal.Utils - [Utils] DynamicGraphHelper.createDynamicGraph() took 1 ms.
2026-05-135 22:57:47 [main] INFO  org.testng.internal.Utils - [TestNG] Time taken by org.testng.reporters.jq.Main@51a18b21: 35 ms
2026-05-135 22:57:47 [main] INFO  org.testng.internal.Utils - [TestNG] Time taken by org.testng.reporters.FailedReporter@1b2df3aa: 9 ms
2026-05-135 22:57:47 [main] INFO  org.testng.internal.Utils - [TestNG] Time taken by org.testng.reporters.XMLReporter@561953e3: 8 ms
2026-05-135 22:57:47 [main] INFO  org.testng.internal.Utils - [TestNG] Time taken by org.testng.reporters.EmailableReporter2@3c8a7e38: 4 ms
2026-05-135 22:57:47 [main] INFO  org.testng.internal.Utils - [TestNG] Time taken by org.testng.reporters.JUnitReportReporter@697173d9: 3 ms
2026-05-135 22:57:47 [main] INFO  org.testng.internal.Utils - [TestNG] Time taken by org.testng.internal.ExitCodeListener@ceddaf8: 0 ms
2026-05-135 22:58:49 [main] INFO  org.testng.internal.Utils - [Utils] MethodGroupsHelper.collectMethodsByGroup() took 3 ms.
2026-05-135 22:58:49 [main] INFO  org.testng.internal.Utils - [Utils] MethodGroupsHelper.sortMethods() took 5 ms.
2026-05-135 22:58:49 [main] INFO  org.testng.internal.Utils - [Utils] MethodGroupsHelper.collectMethodsByGroup() took 0 ms.
2026-05-135 22:58:49 [main] INFO  org.testng.internal.Utils - [Utils] MethodGroupsHelper.sortMethods() took 0 ms.
2026-05-135 22:58:49 [main] INFO  org.testng.internal.Utils - [Utils] MethodGroupsHelper.collectMethodsByGroup() took 0 ms.
2026-05-135 22:58:49 [main] INFO  org.testng.internal.Utils - [Utils] MethodGroupsHelper.sortMethods() took 0 ms.
2026-05-135 22:58:49 [main] INFO  org.testng.internal.Utils - [Utils] MethodGroupsHelper.collectMethodsByGroup() took 0 ms.
2026-05-135 22:58:49 [main] INFO  org.testng.internal.Utils - [Utils] MethodGroupsHelper.sortMethods() took 0 ms.
2026-05-135 22:58:49 [main] INFO  org.testng.internal.Utils - [Utils] MethodGroupsHelper.collectMethodsByGroup() took 0 ms.
2026-05-135 22:58:49 [main] INFO  org.testng.internal.Utils - [Utils] MethodGroupsHelper.sortMethods() took 0 ms.
2026-05-135 22:58:49 [main] INFO  org.testng.internal.Utils - [Utils] MethodGroupsHelper.collectMethodsByGroup() took 0 ms.
2026-05-135 22:58:49 [main] INFO  org.testng.internal.Utils - [Utils] MethodGroupsHelper.sortMethods() took 5 ms.
2026-05-135 22:58:49 [main] INFO  org.testng.internal.Utils - [Utils] MethodGroupsHelper.collectMethodsByGroup() took 0 ms.
2026-05-135 22:58:49 [main] INFO  org.testng.internal.Utils - [Utils] MethodGroupsHelper.sortMethods() took 0 ms.
2026-05-135 22:58:49 [main] INFO  org.testng.internal.Utils - [Utils] MethodGroupsHelper.collectMethodsByGroup() took 0 ms.
2026-05-135 22:58:49 [main] INFO  org.testng.internal.Utils - [Utils] MethodGroupsHelper.sortMethods() took 0 ms.
2026-05-135 22:58:49 [main] INFO  org.testng.internal.Utils - [Utils] MethodGroupsHelper.collectMethodsByGroup() took 1 ms.
2026-05-135 22:58:49 [main] INFO  org.testng.internal.Utils - [Utils] MethodGroupsHelper.sortMethods() took 0 ms.
2026-05-135 22:58:49 [main] INFO  org.testng.internal.Utils - [Utils] MethodGroupsHelper.collectMethodsByGroup() took 0 ms.
2026-05-135 22:58:49 [main] INFO  org.testng.internal.Utils - [Utils] MethodGroupsHelper.sortMethods() took 0 ms.
2026-05-135 22:58:49 [main] INFO  org.testng.internal.Utils - [Utils] MethodGroupsHelper.collectMethodsByGroup() took 0 ms.
2026-05-135 22:58:49 [main] INFO  org.testng.internal.Utils - [Utils] MethodGroupsHelper.sortMethods() took 0 ms.
2026-05-135 22:58:49 [main] INFO  org.testng.internal.Utils - [Utils] MethodGroupsHelper.collectMethodsByGroup() took 0 ms.
2026-05-135 22:58:49 [main] INFO  org.testng.internal.Utils - [Utils] MethodGroupsHelper.sortMethods() took 0 ms.
2026-05-135 22:58:49 [main] INFO  org.testng.internal.Utils - [Utils] MethodGroupsHelper.collectMethodsByGroup() took 2 ms.
2026-05-135 22:58:49 [main] INFO  org.testng.internal.Utils - [Utils] MethodGroupsHelper.sortMethods() took 0 ms.
2026-05-135 22:58:49 [main] INFO  org.testng.internal.Utils - [Utils] MethodGroupsHelper.collectMethodsByGroup() took 0 ms.
2026-05-135 22:58:49 [main] INFO  org.testng.internal.Utils - [Utils] MethodGroupsHelper.sortMethods() took 0 ms.
2026-05-135 22:58:49 [main] INFO  org.testng.internal.Utils - [Utils] MethodGroupsHelper.collectMethodsByGroup() took 0 ms.
2026-05-135 22:58:49 [main] INFO  org.testng.internal.Utils - [Utils] MethodGroupsHelper.sortMethods() took 0 ms.
2026-05-135 22:58:49 [main] INFO  org.testng.internal.Utils - [TestNG] Running:
  C:\Users\Siddhi\AppData\Local\Temp\testng-eclipse-1606232859\testng-customsuite.xml

2026-05-135 22:58:49 [main] INFO  org.testng.internal.Utils - [Utils] DynamicGraphHelper.createDynamicGraph() took 1 ms.
2026-05-135 22:59:25 [main] INFO  org.testng.internal.Utils - [TestNG] Time taken by org.testng.reporters.jq.Main@44be69aa: 33 ms
2026-05-135 22:59:25 [main] INFO  org.testng.internal.Utils - [TestNG] Time taken by org.testng.reporters.FailedReporter@138aa3cc: 10 ms
2026-05-135 22:59:25 [main] INFO  org.testng.internal.Utils - [TestNG] Time taken by org.testng.reporters.XMLReporter@41184371: 8 ms
2026-05-135 22:59:25 [main] INFO  org.testng.internal.Utils - [TestNG] Time taken by org.testng.reporters.EmailableReporter2@5377414a: 5 ms
2026-05-135 22:59:25 [main] INFO  org.testng.internal.Utils - [TestNG] Time taken by org.testng.reporters.JUnitReportReporter@5e5aafc6: 3 ms
2026-05-135 22:59:25 [main] INFO  org.testng.internal.Utils - [TestNG] Time taken by org.testng.internal.ExitCodeListener@542f6803: 0 ms
2026-05-135 23:03:57 [main] INFO  org.testng.internal.Utils - [Utils] MethodGroupsHelper.collectMethodsByGroup() took 4 ms.
2026-05-135 23:03:57 [main] INFO  org.testng.internal.Utils - [Utils] MethodGroupsHelper.sortMethods() took 10 ms.
2026-05-135 23:03:57 [main] INFO  org.testng.internal.Utils - [Utils] MethodGroupsHelper.collectMethodsByGroup() took 0 ms.
2026-05-135 23:03:57 [main] INFO  org.testng.internal.Utils - [Utils] MethodGroupsHelper.sortMethods() took 0 ms.
2026-05-135 23:03:57 [main] INFO  org.testng.internal.Utils - [Utils] MethodGroupsHelper.collectMethodsByGroup() took 0 ms.
2026-05-135 23:03:57 [main] INFO  org.testng.internal.Utils - [Utils] MethodGroupsHelper.sortMethods() took 0 ms.
2026-05-135 23:03:57 [main] INFO  org.testng.internal.Utils - [Utils] MethodGroupsHelper.collectMethodsByGroup() took 0 ms.
2026-05-135 23:03:57 [main] INFO  org.testng.internal.Utils - [Utils] MethodGroupsHelper.sortMethods() took 0 ms.
2026-05-135 23:03:57 [main] INFO  org.testng.internal.Utils - [Utils] MethodGroupsHelper.collectMethodsByGroup() took 0 ms.
2026-05-135 23:03:57 [main] INFO  org.testng.internal.Utils - [Utils] MethodGroupsHelper.sortMethods() took 0 ms.
2026-05-135 23:03:57 [main] INFO  org.testng.internal.Utils - [Utils] MethodGroupsHelper.collectMethodsByGroup() took 0 ms.
2026-05-135 23:03:57 [main] INFO  org.testng.internal.Utils - [Utils] MethodGroupsHelper.sortMethods() took 6 ms.
2026-05-135 23:03:57 [main] INFO  org.testng.internal.Utils - [Utils] MethodGroupsHelper.collectMethodsByGroup() took 0 ms.
2026-05-135 23:03:57 [main] INFO  org.testng.internal.Utils - [Utils] MethodGroupsHelper.sortMethods() took 0 ms.
2026-05-135 23:03:57 [main] INFO  org.testng.internal.Utils - [Utils] MethodGroupsHelper.collectMethodsByGroup() took 0 ms.
2026-05-135 23:03:57 [main] INFO  org.testng.internal.Utils - [Utils] MethodGroupsHelper.sortMethods() took 0 ms.
2026-05-135 23:03:57 [main] INFO  org.testng.internal.Utils - [Utils] MethodGroupsHelper.collectMethodsByGroup() took 0 ms.
2026-05-135 23:03:57 [main] INFO  org.testng.internal.Utils - [Utils] MethodGroupsHelper.sortMethods() took 0 ms.
2026-05-135 23:03:57 [main] INFO  org.testng.internal.Utils - [Utils] MethodGroupsHelper.collectMethodsByGroup() took 0 ms.
2026-05-135 23:03:57 [main] INFO  org.testng.internal.Utils - [Utils] MethodGroupsHelper.sortMethods() took 0 ms.
2026-05-135 23:03:57 [main] INFO  org.testng.internal.Utils - [Utils] MethodGroupsHelper.collectMethodsByGroup() took 0 ms.
2026-05-135 23:03:57 [main] INFO  org.testng.internal.Utils - [Utils] MethodGroupsHelper.sortMethods() took 0 ms.
2026-05-135 23:03:57 [main] INFO  org.testng.internal.Utils - [Utils] MethodGroupsHelper.collectMethodsByGroup() took 0 ms.
2026-05-135 23:03:57 [main] INFO  org.testng.internal.Utils - [Utils] MethodGroupsHelper.sortMethods() took 0 ms.
2026-05-135 23:03:57 [main] INFO  org.testng.internal.Utils - [Utils] MethodGroupsHelper.collectMethodsByGroup() took 2 ms.
2026-05-135 23:03:57 [main] INFO  org.testng.internal.Utils - [Utils] MethodGroupsHelper.sortMethods() took 0 ms.
2026-05-135 23:03:57 [main] INFO  org.testng.internal.Utils - [Utils] MethodGroupsHelper.collectMethodsByGroup() took 0 ms.
2026-05-135 23:03:57 [main] INFO  org.testng.internal.Utils - [Utils] MethodGroupsHelper.sortMethods() took 0 ms.
2026-05-135 23:03:57 [main] INFO  org.testng.internal.Utils - [Utils] MethodGroupsHelper.collectMethodsByGroup() took 1 ms.
2026-05-135 23:03:57 [main] INFO  org.testng.internal.Utils - [Utils] MethodGroupsHelper.sortMethods() took 0 ms.
2026-05-135 23:03:57 [main] INFO  org.testng.internal.Utils - [TestNG] Running:
  C:\Users\Siddhi\AppData\Local\Temp\testng-eclipse--1066407024\testng-customsuite.xml

2026-05-135 23:03:57 [main] INFO  org.testng.internal.Utils - [Utils] DynamicGraphHelper.createDynamicGraph() took 2 ms.
2026-05-135 23:04:15 [main] INFO  org.testng.internal.Utils - [TestNG] Time taken by org.testng.reporters.jq.Main@2b0b7e5a: 32 ms
2026-05-135 23:04:15 [main] INFO  org.testng.internal.Utils - [TestNG] Time taken by org.testng.reporters.FailedReporter@6dc9da2d: 1 ms
2026-05-135 23:04:15 [main] INFO  org.testng.internal.Utils - [TestNG] Time taken by org.testng.reporters.XMLReporter@341b13a8: 6 ms
2026-05-135 23:04:15 [main] INFO  org.testng.internal.Utils - [TestNG] Time taken by org.testng.reporters.EmailableReporter2@45e9b12d: 3 ms
2026-05-135 23:04:15 [main] INFO  org.testng.internal.Utils - [TestNG] Time taken by org.testng.reporters.JUnitReportReporter@29b40b3: 2 ms
2026-05-135 23:04:15 [main] INFO  org.testng.internal.Utils - [TestNG] Time taken by org.testng.internal.ExitCodeListener@7d247660: 0 ms
2026-05-135 23:18:09 [main] INFO  org.testng.internal.Utils - [Utils] MethodGroupsHelper.collectMethodsByGroup() took 4 ms.
2026-05-135 23:18:09 [main] INFO  org.testng.internal.Utils - [Utils] MethodGroupsHelper.sortMethods() took 11 ms.
2026-05-135 23:18:09 [main] INFO  org.testng.internal.Utils - [Utils] MethodGroupsHelper.collectMethodsByGroup() took 0 ms.
2026-05-135 23:18:09 [main] INFO  org.testng.internal.Utils - [Utils] MethodGroupsHelper.sortMethods() took 0 ms.
2026-05-135 23:18:09 [main] INFO  org.testng.internal.Utils - [Utils] MethodGroupsHelper.collectMethodsByGroup() took 0 ms.
2026-05-135 23:18:09 [main] INFO  org.testng.internal.Utils - [Utils] MethodGroupsHelper.sortMethods() took 0 ms.
2026-05-135 23:18:09 [main] INFO  org.testng.internal.Utils - [Utils] MethodGroupsHelper.collectMethodsByGroup() took 0 ms.
2026-05-135 23:18:09 [main] INFO  org.testng.internal.Utils - [Utils] MethodGroupsHelper.sortMethods() took 0 ms.
2026-05-135 23:18:09 [main] INFO  org.testng.internal.Utils - [Utils] MethodGroupsHelper.collectMethodsByGroup() took 0 ms.
2026-05-135 23:18:09 [main] INFO  org.testng.internal.Utils - [Utils] MethodGroupsHelper.sortMethods() took 0 ms.
2026-05-135 23:18:09 [main] INFO  org.testng.internal.Utils - [Utils] MethodGroupsHelper.collectMethodsByGroup() took 0 ms.
2026-05-135 23:18:09 [main] INFO  org.testng.internal.Utils - [Utils] MethodGroupsHelper.sortMethods() took 5 ms.
2026-05-135 23:18:09 [main] INFO  org.testng.internal.Utils - [Utils] MethodGroupsHelper.collectMethodsByGroup() took 0 ms.
2026-05-135 23:18:09 [main] INFO  org.testng.internal.Utils - [Utils] MethodGroupsHelper.sortMethods() took 0 ms.
2026-05-135 23:18:09 [main] INFO  org.testng.internal.Utils - [Utils] MethodGroupsHelper.collectMethodsByGroup() took 0 ms.
2026-05-135 23:18:09 [main] INFO  org.testng.internal.Utils - [Utils] MethodGroupsHelper.sortMethods() took 0 ms.
2026-05-135 23:18:09 [main] INFO  org.testng.internal.Utils - [Utils] MethodGroupsHelper.collectMethodsByGroup() took 0 ms.
2026-05-135 23:18:09 [main] INFO  org.testng.internal.Utils - [Utils] MethodGroupsHelper.sortMethods() took 0 ms.
2026-05-135 23:18:09 [main] INFO  org.testng.internal.Utils - [Utils] MethodGroupsHelper.collectMethodsByGroup() took 0 ms.
2026-05-135 23:18:09 [main] INFO  org.testng.internal.Utils - [Utils] MethodGroupsHelper.sortMethods() took 1 ms.
2026-05-135 23:18:09 [main] INFO  org.testng.internal.Utils - [Utils] MethodGroupsHelper.collectMethodsByGroup() took 0 ms.
2026-05-135 23:18:09 [main] INFO  org.testng.internal.Utils - [Utils] MethodGroupsHelper.sortMethods() took 0 ms.
2026-05-135 23:18:09 [main] INFO  org.testng.internal.Utils - [Utils] MethodGroupsHelper.collectMethodsByGroup() took 0 ms.
2026-05-135 23:18:09 [main] INFO  org.testng.internal.Utils - [Utils] MethodGroupsHelper.sortMethods() took 0 ms.
2026-05-135 23:18:09 [main] INFO  org.testng.internal.Utils - [Utils] MethodGroupsHelper.collectMethodsByGroup() took 2 ms.
2026-05-135 23:18:09 [main] INFO  org.testng.internal.Utils - [Utils] MethodGroupsHelper.sortMethods() took 0 ms.
2026-05-135 23:18:09 [main] INFO  org.testng.internal.Utils - [Utils] MethodGroupsHelper.collectMethodsByGroup() took 0 ms.
2026-05-135 23:18:09 [main] INFO  org.testng.internal.Utils - [Utils] MethodGroupsHelper.sortMethods() took 0 ms.
2026-05-135 23:18:09 [main] INFO  org.testng.internal.Utils - [Utils] MethodGroupsHelper.collectMethodsByGroup() took 0 ms.
2026-05-135 23:18:09 [main] INFO  org.testng.internal.Utils - [Utils] MethodGroupsHelper.sortMethods() took 0 ms.
2026-05-135 23:18:09 [main] INFO  org.testng.internal.Utils - [TestNG] Running:
  C:\Users\Siddhi\AppData\Local\Temp\testng-eclipse-1526396079\testng-customsuite.xml

2026-05-135 23:18:10 [main] INFO  org.testng.internal.Utils - [Utils] DynamicGraphHelper.createDynamicGraph() took 2 ms.
2026-05-135 23:18:10 [main] INFO  org.utils.qa.Log - Starting test setup and initializing driver
2026-05-135 23:18:14 [main] INFO  org.utils.qa.Log - Navigating to login page
2026-05-135 23:18:15 [main] INFO  org.utils.qa.Log - Entering login credentials
2026-05-135 23:18:15 [main] INFO  org.utils.qa.Log - Clicking login button
2026-05-135 23:18:18 [main] INFO  org.utils.qa.Log - Login successful and home page loaded
2026-05-135 23:18:18 [main] INFO  org.utils.qa.Log - Test started: guestUserBlocked
2026-05-135 23:18:19 [main] INFO  org.utils.qa.Log - Cookies cleared and navigated to home page
2026-05-135 23:18:24 [main] INFO  org.utils.qa.Log - Attempting checkout as guest
2026-05-135 23:18:27 [main] INFO  org.utils.qa.Log - Login page verification result: true
2026-05-135 23:18:27 [main] INFO  org.utils.qa.Log - Test passed: guestUserBlocked
2026-05-135 23:18:27 [main] INFO  org.utils.qa.Log - Closing browser and ending test suite
2026-05-135 23:18:28 [main] INFO  org.testng.internal.Utils - [TestNG] Time taken by org.testng.reporters.jq.Main@2ddb3ae8: 28 ms
2026-05-135 23:18:28 [main] INFO  org.testng.internal.Utils - [TestNG] Time taken by org.testng.reporters.FailedReporter@7d70638: 1 ms
2026-05-135 23:18:28 [main] INFO  org.testng.internal.Utils - [TestNG] Time taken by org.testng.reporters.XMLReporter@724b939e: 5 ms
2026-05-135 23:18:28 [main] INFO  org.testng.internal.Utils - [TestNG] Time taken by org.testng.reporters.EmailableReporter2@7d247660: 4 ms
2026-05-135 23:18:28 [main] INFO  org.testng.internal.Utils - [TestNG] Time taken by org.testng.reporters.JUnitReportReporter@3bed3315: 3 ms
2026-05-135 23:18:28 [main] INFO  org.testng.internal.Utils - [TestNG] Time taken by org.testng.internal.ExitCodeListener@119b0892: 0 ms
2026-05-135 23:25:39 [main] WARN  org.testng.xml.TestNGContentHandler - It is strongly recommended to add "<!DOCTYPE suite SYSTEM "https://testng.org/testng-1.1.dtd" >" at the top of the suite file [C:\JAVA\E-Commerce Project\E_Commerce\testng.xml] otherwise TestNG may fail or not work as expected.
2026-05-135 23:25:39 [main] INFO  org.testng.internal.Utils - [TestNG] Running:
  C:\JAVA\E-Commerce Project\E_Commerce\testng.xml

2026-05-135 23:25:46 [main] INFO  org.utils.qa.Log - Email field is displayed.
2026-05-135 23:25:51 [main] INFO  org.utils.qa.Log - Password field is displayed.
2026-05-135 23:25:57 [main] INFO  org.utils.qa.Log - Login button is displayed.
2026-05-135 23:26:02 [main] INFO  org.utils.qa.Log - Title Matched.
2026-05-135 23:26:09 [main] INFO  org.utils.qa.Log - LOGIN SUCCESSFUL
2026-05-135 23:26:09 [main] INFO  org.utils.qa.Log - ================================================
2026-05-135 23:26:09 [main] INFO  org.utils.qa.Log - TEST CASE STARTED : TC_HM_001
2026-05-135 23:26:09 [main] INFO  org.utils.qa.Log - ACTION : verifyuser
2026-05-135 23:26:09 [main] INFO  org.utils.qa.Log - TEST PASSED : TC_HM_001
2026-05-135 23:26:09 [main] INFO  org.utils.qa.Log - ================================================
2026-05-135 23:26:17 [main] INFO  org.utils.qa.Log - LOGIN SUCCESSFUL
2026-05-135 23:26:17 [main] INFO  org.utils.qa.Log - ================================================
2026-05-135 23:26:17 [main] INFO  org.utils.qa.Log - TEST CASE STARTED : TC_HM_002
2026-05-135 23:26:17 [main] INFO  org.utils.qa.Log - ACTION : products
2026-05-135 23:26:38 [main] ERROR org.utils.qa.Log - TEST FAILED : TC_HM_002
2026-05-135 23:26:38 [main] ERROR org.utils.qa.Log - Expected condition failed: waiting for element found by By.linkText: Products to be clickable, but the element was not found: org.openqa.selenium.NoSuchElementException: no such element: Unable to locate element: {"method":"link text","selector":"Products"}.
(tried for 20 seconds with 500 milliseconds interval)
Build info: version: '4.43.0', revision: 'dd0f534'
System info: os.name: 'Windows 11', os.arch: 'amd64', os.version: '10.0', java.version: '21.0.10'
Driver info: org.openqa.selenium.edge.EdgeDriver
Capabilities {acceptInsecureCerts: false, browserName: MicrosoftEdge, browserVersion: 148.0.3967.54, fedcm:accounts: true, goog:processID: 29672, ms:edgeOptions: {debuggerAddress: localhost:49891}, msedge: {msedgedriverVersion: 148.0.3967.54 (c994e204927e..., userDataDir: C:\Users\Siddhi\AppData\Loc...}, networkConnectionEnabled: false, pageLoadStrategy: normal, platformName: windows, proxy: Proxy(), se:cdp: ws://localhost:49891/devtoo..., se:cdpVersion: 148.0.3967.54, setWindowRect: true, strictFileInteractability: false, timeouts: {implicit: 0, pageLoad: 300000, script: 30000}, unhandledPromptBehavior: dismiss and notify, webauthn:extension:credBlob: true, webauthn:extension:largeBlob: true, webauthn:extension:minPinLength: true, webauthn:extension:prf: true, webauthn:virtualAuthenticators: true}
Session ID: 1f08959f703d6aab38d74cd5b0cc50c7
2026-05-135 23:26:46 [main] INFO  org.utils.qa.Log - LOGIN SUCCESSFUL
2026-05-135 23:26:46 [main] INFO  org.utils.qa.Log - ================================================
2026-05-135 23:26:46 [main] INFO  org.utils.qa.Log - TEST CASE STARTED : TC_HM_003
2026-05-135 23:26:46 [main] INFO  org.utils.qa.Log - ACTION : cart
2026-05-135 23:26:47 [main] INFO  org.utils.qa.Log - TEST PASSED : TC_HM_003
2026-05-135 23:26:47 [main] INFO  org.utils.qa.Log - ================================================
2026-05-135 23:26:53 [main] INFO  org.utils.qa.Log - LOGIN SUCCESSFUL
2026-05-135 23:26:53 [main] INFO  org.utils.qa.Log - ================================================
2026-05-135 23:26:53 [main] INFO  org.utils.qa.Log - TEST CASE STARTED : TC_HM_004
2026-05-135 23:26:53 [main] INFO  org.utils.qa.Log - ACTION : logout
2026-05-135 23:26:54 [main] INFO  org.utils.qa.Log - TEST PASSED : TC_HM_004
2026-05-135 23:26:54 [main] INFO  org.utils.qa.Log - ================================================
2026-05-135 23:27:03 [main] INFO  org.utils.qa.Log - LOGIN SUCCESSFUL
2026-05-135 23:27:03 [main] INFO  org.utils.qa.Log - ================================================
2026-05-135 23:27:03 [main] INFO  org.utils.qa.Log - TEST CASE STARTED : TC_HM_005
2026-05-135 23:27:03 [main] INFO  org.utils.qa.Log - ACTION : category
2026-05-135 23:27:24 [main] ERROR org.utils.qa.Log - TEST FAILED : TC_HM_005
2026-05-135 23:27:24 [main] ERROR org.utils.qa.Log - Expected condition failed: waiting for visibility of element found by By.xpath: //a[contains(text(),'Category')], but... org.openqa.selenium.NoSuchElementException: no such element: Unable to locate element: {"method":"xpath","selector":"//a[contains(text(),'Category')]"}.
(tried for 20 seconds with 500 milliseconds interval)
Build info: version: '4.43.0', revision: 'dd0f534'
System info: os.name: 'Windows 11', os.arch: 'amd64', os.version: '10.0', java.version: '21.0.10'
Driver info: org.openqa.selenium.edge.EdgeDriver
Capabilities {acceptInsecureCerts: false, browserName: MicrosoftEdge, browserVersion: 148.0.3967.54, fedcm:accounts: true, goog:processID: 31660, ms:edgeOptions: {debuggerAddress: localhost:58823}, msedge: {msedgedriverVersion: 148.0.3967.54 (c994e204927e..., userDataDir: C:\Users\Siddhi\AppData\Loc...}, networkConnectionEnabled: false, pageLoadStrategy: normal, platformName: windows, proxy: Proxy(), se:cdp: ws://localhost:58823/devtoo..., se:cdpVersion: 148.0.3967.54, setWindowRect: true, strictFileInteractability: false, timeouts: {implicit: 0, pageLoad: 300000, script: 30000}, unhandledPromptBehavior: dismiss and notify, webauthn:extension:credBlob: true, webauthn:extension:largeBlob: true, webauthn:extension:minPinLength: true, webauthn:extension:prf: true, webauthn:virtualAuthenticators: true}
Session ID: 6f786175421e85b80e5c71ec0a8bdda8
2026-05-135 23:27:32 [main] INFO  org.utils.qa.Log - LOGIN SUCCESSFUL
2026-05-135 23:27:32 [main] INFO  org.utils.qa.Log - ================================================
2026-05-135 23:27:32 [main] INFO  org.utils.qa.Log - TEST CASE STARTED : TC_HM_006
2026-05-135 23:27:32 [main] INFO  org.utils.qa.Log - ACTION : category
2026-05-135 23:27:54 [main] ERROR org.utils.qa.Log - TEST FAILED : TC_HM_006
2026-05-135 23:27:54 [main] ERROR org.utils.qa.Log - Expected condition failed: waiting for visibility of element found by By.xpath: //a[contains(text(),'Category')], but... org.openqa.selenium.NoSuchElementException: no such element: Unable to locate element: {"method":"xpath","selector":"//a[contains(text(),'Category')]"}.
(tried for 20 seconds with 500 milliseconds interval)
Build info: version: '4.43.0', revision: 'dd0f534'
System info: os.name: 'Windows 11', os.arch: 'amd64', os.version: '10.0', java.version: '21.0.10'
Driver info: org.openqa.selenium.edge.EdgeDriver
Capabilities {acceptInsecureCerts: false, browserName: MicrosoftEdge, browserVersion: 148.0.3967.54, fedcm:accounts: true, goog:processID: 20816, ms:edgeOptions: {debuggerAddress: localhost:51626}, msedge: {msedgedriverVersion: 148.0.3967.54 (c994e204927e..., userDataDir: C:\Users\Siddhi\AppData\Loc...}, networkConnectionEnabled: false, pageLoadStrategy: normal, platformName: windows, proxy: Proxy(), se:cdp: ws://localhost:51626/devtoo..., se:cdpVersion: 148.0.3967.54, setWindowRect: true, strictFileInteractability: false, timeouts: {implicit: 0, pageLoad: 300000, script: 30000}, unhandledPromptBehavior: dismiss and notify, webauthn:extension:credBlob: true, webauthn:extension:largeBlob: true, webauthn:extension:minPinLength: true, webauthn:extension:prf: true, webauthn:virtualAuthenticators: true}
Session ID: f833477b593da5e0d6f1f9cd90b6ac3b
2026-05-135 23:28:06 [main] INFO  org.utils.qa.Log - LOGIN SUCCESSFUL
2026-05-135 23:28:06 [main] INFO  org.utils.qa.Log - ================================================
2026-05-135 23:28:06 [main] INFO  org.utils.qa.Log - TEST CASE STARTED : TC_HM_007
2026-05-135 23:28:06 [main] INFO  org.utils.qa.Log - ACTION : category
2026-05-135 23:28:28 [main] ERROR org.utils.qa.Log - TEST FAILED : TC_HM_007
2026-05-135 23:28:28 [main] ERROR org.utils.qa.Log - Expected condition failed: waiting for visibility of element found by By.xpath: //a[contains(text(),'Category')], but... org.openqa.selenium.NoSuchElementException: no such element: Unable to locate element: {"method":"xpath","selector":"//a[contains(text(),'Category')]"}.
(tried for 20 seconds with 500 milliseconds interval)
Build info: version: '4.43.0', revision: 'dd0f534'
System info: os.name: 'Windows 11', os.arch: 'amd64', os.version: '10.0', java.version: '21.0.10'
Driver info: org.openqa.selenium.edge.EdgeDriver
Capabilities {acceptInsecureCerts: false, browserName: MicrosoftEdge, browserVersion: 148.0.3967.54, fedcm:accounts: true, goog:processID: 33140, ms:edgeOptions: {debuggerAddress: localhost:50196}, msedge: {msedgedriverVersion: 148.0.3967.54 (c994e204927e..., userDataDir: C:\Users\Siddhi\AppData\Loc...}, networkConnectionEnabled: false, pageLoadStrategy: normal, platformName: windows, proxy: Proxy(), se:cdp: ws://localhost:50196/devtoo..., se:cdpVersion: 148.0.3967.54, setWindowRect: true, strictFileInteractability: false, timeouts: {implicit: 0, pageLoad: 300000, script: 30000}, unhandledPromptBehavior: dismiss and notify, webauthn:extension:credBlob: true, webauthn:extension:largeBlob: true, webauthn:extension:minPinLength: true, webauthn:extension:prf: true, webauthn:virtualAuthenticators: true}
Session ID: 399d179a27bc6b300d185102fb1fa16e
2026-05-135 23:28:40 [main] INFO  org.utils.qa.Log - LOGIN SUCCESSFUL
2026-05-135 23:28:40 [main] INFO  org.utils.qa.Log - ================================================
2026-05-135 23:28:40 [main] INFO  org.utils.qa.Log - TEST CASE STARTED : TC_HM_008
2026-05-135 23:28:40 [main] INFO  org.utils.qa.Log - ACTION : brand
2026-05-135 23:29:02 [main] ERROR org.utils.qa.Log - TEST FAILED : TC_HM_008
2026-05-135 23:29:02 [main] ERROR org.utils.qa.Log - Expected condition failed: waiting for visibility of element found by By.xpath: //a[contains(text(),'Brands')], but... org.openqa.selenium.NoSuchElementException: no such element: Unable to locate element: {"method":"xpath","selector":"//a[contains(text(),'Brands')]"}.
(tried for 20 seconds with 500 milliseconds interval)
Build info: version: '4.43.0', revision: 'dd0f534'
System info: os.name: 'Windows 11', os.arch: 'amd64', os.version: '10.0', java.version: '21.0.10'
Driver info: org.openqa.selenium.edge.EdgeDriver
Capabilities {acceptInsecureCerts: false, browserName: MicrosoftEdge, browserVersion: 148.0.3967.54, fedcm:accounts: true, goog:processID: 34720, ms:edgeOptions: {debuggerAddress: localhost:62471}, msedge: {msedgedriverVersion: 148.0.3967.54 (c994e204927e..., userDataDir: C:\Users\Siddhi\AppData\Loc...}, networkConnectionEnabled: false, pageLoadStrategy: normal, platformName: windows, proxy: Proxy(), se:cdp: ws://localhost:62471/devtoo..., se:cdpVersion: 148.0.3967.54, setWindowRect: true, strictFileInteractability: false, timeouts: {implicit: 0, pageLoad: 300000, script: 30000}, unhandledPromptBehavior: dismiss and notify, webauthn:extension:credBlob: true, webauthn:extension:largeBlob: true, webauthn:extension:minPinLength: true, webauthn:extension:prf: true, webauthn:virtualAuthenticators: true}
Session ID: 4e13612caa110b4c7a6e46c0a04dda88
2026-05-135 23:29:10 [main] INFO  org.utils.qa.Log - LOGIN SUCCESSFUL
2026-05-135 23:29:10 [main] INFO  org.utils.qa.Log - ================================================
2026-05-135 23:29:10 [main] INFO  org.utils.qa.Log - TEST CASE STARTED : TC_HM_009
2026-05-135 23:29:10 [main] INFO  org.utils.qa.Log - ACTION : brand
2026-05-135 23:29:31 [main] ERROR org.utils.qa.Log - TEST FAILED : TC_HM_009
2026-05-135 23:29:31 [main] ERROR org.utils.qa.Log - Expected condition failed: waiting for visibility of element found by By.xpath: //a[contains(text(),'Brands')], but... org.openqa.selenium.NoSuchElementException: no such element: Unable to locate element: {"method":"xpath","selector":"//a[contains(text(),'Brands')]"}.
(tried for 20 seconds with 500 milliseconds interval)
Build info: version: '4.43.0', revision: 'dd0f534'
System info: os.name: 'Windows 11', os.arch: 'amd64', os.version: '10.0', java.version: '21.0.10'
Driver info: org.openqa.selenium.edge.EdgeDriver
Capabilities {acceptInsecureCerts: false, browserName: MicrosoftEdge, browserVersion: 148.0.3967.54, fedcm:accounts: true, goog:processID: 1216, ms:edgeOptions: {debuggerAddress: localhost:59248}, msedge: {msedgedriverVersion: 148.0.3967.54 (c994e204927e..., userDataDir: C:\Users\Siddhi\AppData\Loc...}, networkConnectionEnabled: false, pageLoadStrategy: normal, platformName: windows, proxy: Proxy(), se:cdp: ws://localhost:59248/devtoo..., se:cdpVersion: 148.0.3967.54, setWindowRect: true, strictFileInteractability: false, timeouts: {implicit: 0, pageLoad: 300000, script: 30000}, unhandledPromptBehavior: dismiss and notify, webauthn:extension:credBlob: true, webauthn:extension:largeBlob: true, webauthn:extension:minPinLength: true, webauthn:extension:prf: true, webauthn:virtualAuthenticators: true}
Session ID: 4c3234a8728e41586b24f5643613b637
2026-05-135 23:29:41 [main] INFO  org.utils.qa.Log - LOGIN SUCCESSFUL
2026-05-135 23:29:41 [main] INFO  org.utils.qa.Log - ================================================
2026-05-135 23:29:41 [main] INFO  org.utils.qa.Log - TEST CASE STARTED : TC_HM_010
2026-05-135 23:29:41 [main] INFO  org.utils.qa.Log - ACTION : brand
2026-05-135 23:30:02 [main] ERROR org.utils.qa.Log - TEST FAILED : TC_HM_010
2026-05-135 23:30:02 [main] ERROR org.utils.qa.Log - Expected condition failed: waiting for visibility of element found by By.xpath: //a[contains(text(),'Brands')], but... org.openqa.selenium.NoSuchElementException: no such element: Unable to locate element: {"method":"xpath","selector":"//a[contains(text(),'Brands')]"}.
(tried for 20 seconds with 500 milliseconds interval)
Build info: version: '4.43.0', revision: 'dd0f534'
System info: os.name: 'Windows 11', os.arch: 'amd64', os.version: '10.0', java.version: '21.0.10'
Driver info: org.openqa.selenium.edge.EdgeDriver
Capabilities {acceptInsecureCerts: false, browserName: MicrosoftEdge, browserVersion: 148.0.3967.54, fedcm:accounts: true, goog:processID: 29312, ms:edgeOptions: {debuggerAddress: localhost:54162}, msedge: {msedgedriverVersion: 148.0.3967.54 (c994e204927e..., userDataDir: C:\Users\Siddhi\AppData\Loc...}, networkConnectionEnabled: false, pageLoadStrategy: normal, platformName: windows, proxy: Proxy(), se:cdp: ws://localhost:54162/devtoo..., se:cdpVersion: 148.0.3967.54, setWindowRect: true, strictFileInteractability: false, timeouts: {implicit: 0, pageLoad: 300000, script: 30000}, unhandledPromptBehavior: dismiss and notify, webauthn:extension:credBlob: true, webauthn:extension:largeBlob: true, webauthn:extension:minPinLength: true, webauthn:extension:prf: true, webauthn:virtualAuthenticators: true}
Session ID: d6b0d04cd963acaf92c83e06b0007036
2026-05-135 23:30:17 [main] INFO  org.utils.qa.Log - LOGIN SUCCESSFUL
2026-05-135 23:30:17 [main] INFO  org.utils.qa.Log - ================================================
2026-05-135 23:30:17 [main] INFO  org.utils.qa.Log - TEST CASE STARTED : TC_HM_011
2026-05-135 23:30:17 [main] INFO  org.utils.qa.Log - ACTION : addtocart
2026-05-135 23:30:17 [main] INFO  org.utils.qa.Log - TEST PASSED : TC_HM_011
2026-05-135 23:30:17 [main] INFO  org.utils.qa.Log - ================================================
2026-05-135 23:30:17 [main] INFO  org.utils.qa.Log - ========================================
2026-05-135 23:30:17 [main] INFO  org.utils.qa.Log - Starting Product Search Test Suite
2026-05-135 23:30:23 [main] INFO  org.utils.qa.Log - Opening Website
2026-05-135 23:30:31 [main] INFO  org.utils.qa.Log - Login Successful
2026-05-135 23:30:36 [main] INFO  org.utils.qa.Log - Ad Popup Checked
2026-05-135 23:30:40 [main] INFO  org.utils.qa.Log - Navigated To Products Page
2026-05-135 23:30:40 [main] INFO  org.utils.qa.Log - ========================================
2026-05-135 23:30:40 [main] INFO  org.utils.qa.Log - Fetching Excel Test Data
2026-05-135 23:30:40 [main] INFO  org.utils.qa.Log - ========================================
2026-05-135 23:30:40 [main] INFO  org.utils.qa.Log - Executing Data Driven Test
2026-05-135 23:30:40 [main] INFO  org.utils.qa.Log - Keyword : Top
2026-05-135 23:30:40 [main] INFO  org.utils.qa.Log - Expected Min Result : 1.0
2026-05-135 23:30:40 [main] INFO  org.utils.qa.Log - Should Have Result : TRUE
2026-05-135 23:30:43 [main] INFO  org.utils.qa.Log - Actual Result Count : 14
2026-05-135 23:30:43 [main] INFO  org.utils.qa.Log - Expected Product Found
2026-05-135 23:30:43 [main] INFO  org.utils.qa.Log - Data Driven Test Completed
2026-05-135 23:30:43 [main] INFO  org.utils.qa.Log - ========================================
2026-05-135 23:30:43 [main] INFO  org.utils.qa.Log - ========================================
2026-05-135 23:30:43 [main] INFO  org.utils.qa.Log - Executing Data Driven Test
2026-05-135 23:30:43 [main] INFO  org.utils.qa.Log - Keyword : Dress
2026-05-135 23:30:43 [main] INFO  org.utils.qa.Log - Expected Min Result : 1.0
2026-05-135 23:30:43 [main] INFO  org.utils.qa.Log - Should Have Result : TRUE
2026-05-135 23:30:46 [main] INFO  org.utils.qa.Log - Actual Result Count : 9
2026-05-135 23:30:46 [main] INFO  org.utils.qa.Log - Expected Product Found
2026-05-135 23:30:46 [main] INFO  org.utils.qa.Log - Data Driven Test Completed
2026-05-135 23:30:46 [main] INFO  org.utils.qa.Log - ========================================
2026-05-135 23:30:46 [main] INFO  org.utils.qa.Log - ========================================
2026-05-135 23:30:46 [main] INFO  org.utils.qa.Log - Executing Data Driven Test
2026-05-135 23:30:46 [main] INFO  org.utils.qa.Log - Keyword : Jeans
2026-05-135 23:30:46 [main] INFO  org.utils.qa.Log - Expected Min Result : 1.0
2026-05-135 23:30:46 [main] INFO  org.utils.qa.Log - Should Have Result : TRUE
2026-05-135 23:30:48 [main] INFO  org.utils.qa.Log - Actual Result Count : 3
2026-05-135 23:30:48 [main] INFO  org.utils.qa.Log - Expected Product Found
2026-05-135 23:30:48 [main] INFO  org.utils.qa.Log - Data Driven Test Completed
2026-05-135 23:30:48 [main] INFO  org.utils.qa.Log - ========================================
2026-05-135 23:30:48 [main] INFO  org.utils.qa.Log - ========================================
2026-05-135 23:30:48 [main] INFO  org.utils.qa.Log - Executing Data Driven Test
2026-05-135 23:30:48 [main] INFO  org.utils.qa.Log - Keyword : Blue
2026-05-135 23:30:48 [main] INFO  org.utils.qa.Log - Expected Min Result : 1.0
2026-05-135 23:30:48 [main] INFO  org.utils.qa.Log - Should Have Result : TRUE
2026-05-135 23:30:50 [main] INFO  org.utils.qa.Log - Actual Result Count : 7
2026-05-135 23:30:50 [main] INFO  org.utils.qa.Log - Expected Product Found
2026-05-135 23:30:50 [main] INFO  org.utils.qa.Log - Data Driven Test Completed
2026-05-135 23:30:50 [main] INFO  org.utils.qa.Log - ========================================
2026-05-135 23:30:50 [main] INFO  org.utils.qa.Log - ========================================
2026-05-135 23:30:50 [main] INFO  org.utils.qa.Log - Executing Data Driven Test
2026-05-135 23:30:50 [main] INFO  org.utils.qa.Log - Keyword : shirt
2026-05-135 23:30:50 [main] INFO  org.utils.qa.Log - Expected Min Result : 1.0
2026-05-135 23:30:50 [main] INFO  org.utils.qa.Log - Should Have Result : TRUE
2026-05-135 23:30:52 [main] INFO  org.utils.qa.Log - Actual Result Count : 13
2026-05-135 23:30:52 [main] INFO  org.utils.qa.Log - Expected Product Found
2026-05-135 23:30:52 [main] INFO  org.utils.qa.Log - Data Driven Test Completed
2026-05-135 23:30:52 [main] INFO  org.utils.qa.Log - ========================================
2026-05-135 23:30:52 [main] INFO  org.utils.qa.Log - ========================================
2026-05-135 23:30:52 [main] INFO  org.utils.qa.Log - Executing Data Driven Test
2026-05-135 23:30:52 [main] INFO  org.utils.qa.Log - Keyword : SAREE
2026-05-135 23:30:52 [main] INFO  org.utils.qa.Log - Expected Min Result : 1.0
2026-05-135 23:30:52 [main] INFO  org.utils.qa.Log - Should Have Result : TRUE
2026-05-135 23:30:54 [main] INFO  org.utils.qa.Log - Actual Result Count : 3
2026-05-135 23:30:54 [main] INFO  org.utils.qa.Log - Expected Product Found
2026-05-135 23:30:54 [main] INFO  org.utils.qa.Log - Data Driven Test Completed
2026-05-135 23:30:54 [main] INFO  org.utils.qa.Log - ========================================
2026-05-135 23:30:54 [main] INFO  org.utils.qa.Log - ========================================
2026-05-135 23:30:54 [main] INFO  org.utils.qa.Log - Executing Data Driven Test
2026-05-135 23:30:54 [main] INFO  org.utils.qa.Log - Keyword : T-shirt
2026-05-135 23:30:54 [main] INFO  org.utils.qa.Log - Expected Min Result : 1.0
2026-05-135 23:30:54 [main] INFO  org.utils.qa.Log - Should Have Result : TRUE
2026-05-135 23:30:57 [main] INFO  org.utils.qa.Log - Actual Result Count : 3
2026-05-135 23:30:57 [main] INFO  org.utils.qa.Log - Expected Product Found
2026-05-135 23:30:57 [main] INFO  org.utils.qa.Log - Data Driven Test Completed
2026-05-135 23:30:57 [main] INFO  org.utils.qa.Log - ========================================
2026-05-135 23:30:57 [main] INFO  org.utils.qa.Log - ========================================
2026-05-135 23:30:57 [main] INFO  org.utils.qa.Log - Executing Data Driven Test
2026-05-135 23:30:57 [main] INFO  org.utils.qa.Log - Keyword : xyzabc123
2026-05-135 23:30:57 [main] INFO  org.utils.qa.Log - Expected Min Result : 0.0
2026-05-135 23:30:57 [main] INFO  org.utils.qa.Log - Should Have Result : FALSE
2026-05-135 23:31:25 [main] INFO  org.utils.qa.Log - Actual Result Count : 0
2026-05-135 23:31:25 [main] INFO  org.utils.qa.Log - No Product Found As Expected
2026-05-135 23:31:25 [main] INFO  org.utils.qa.Log - Data Driven Test Completed
2026-05-135 23:31:25 [main] INFO  org.utils.qa.Log - ========================================
2026-05-135 23:31:25 [main] INFO  org.utils.qa.Log - ========================================
2026-05-135 23:31:25 [main] INFO  org.utils.qa.Log - Executing Data Driven Test
2026-05-135 23:31:25 [main] INFO  org.utils.qa.Log - Keyword : @#$%
2026-05-135 23:31:25 [main] INFO  org.utils.qa.Log - Expected Min Result : 0.0
2026-05-135 23:31:25 [main] INFO  org.utils.qa.Log - Should Have Result : FALSE
2026-05-135 23:31:53 [main] INFO  org.utils.qa.Log - Actual Result Count : 0
2026-05-135 23:31:53 [main] INFO  org.utils.qa.Log - No Product Found As Expected
2026-05-135 23:31:53 [main] INFO  org.utils.qa.Log - Data Driven Test Completed
2026-05-135 23:31:53 [main] INFO  org.utils.qa.Log - ========================================
2026-05-135 23:31:53 [main] INFO  org.utils.qa.Log - Executing TC001 : verifySearchBoxVisible
2026-05-135 23:31:53 [main] INFO  org.utils.qa.Log - Search Box Is Displayed
2026-05-135 23:31:53 [main] INFO  org.utils.qa.Log - Executing TC002 : verifySearchButtonVisible
2026-05-135 23:31:53 [main] INFO  org.utils.qa.Log - Search Button Is Displayed
2026-05-135 23:31:53 [main] INFO  org.utils.qa.Log - Executing TC003 : searchValidProduct
2026-05-135 23:31:53 [main] INFO  org.utils.qa.Log - Searching Product : Dress
2026-05-135 23:31:56 [main] INFO  org.utils.qa.Log - Fetching Search Result Count
2026-05-135 23:31:57 [main] INFO  org.utils.qa.Log - Valid Product Search Successful
2026-05-135 23:31:57 [main] INFO  org.utils.qa.Log - Executing TC004 : verifySearchResultKeyword
2026-05-135 23:31:57 [main] INFO  org.utils.qa.Log - Searching Product : Jeans
2026-05-135 23:31:59 [main] INFO  org.utils.qa.Log - Keyword Verified Successfully
2026-05-135 23:31:59 [main] INFO  org.utils.qa.Log - Executing TC005 : invalidSearch
2026-05-135 23:31:59 [main] INFO  org.utils.qa.Log - Searching Invalid Product : xyz123
2026-05-135 23:32:25 [main] INFO  org.utils.qa.Log - Invalid Search Verified Successfully
2026-05-135 23:32:25 [main] INFO  org.utils.qa.Log - Executing TC006 : openProductDetailPage
2026-05-135 23:32:25 [main] INFO  org.utils.qa.Log - Searching Product : Top
2026-05-135 23:32:28 [main] INFO  org.utils.qa.Log - Opening Product Detail Page
2026-05-135 23:32:30 [main] INFO  org.utils.qa.Log - Product Detail Page Opened Successfully
2026-05-135 23:32:31 [main] INFO  org.utils.qa.Log - Starting test setup and initializing driver
2026-05-135 23:32:37 [main] INFO  org.utils.qa.Log - Navigating to login page
2026-05-135 23:32:38 [main] INFO  org.utils.qa.Log - Entering login credentials
2026-05-135 23:32:38 [main] INFO  org.utils.qa.Log - Clicking login button
2026-05-135 23:32:46 [main] INFO  org.utils.qa.Log - Login successful and home page loaded
2026-05-135 23:32:46 [main] INFO  org.utils.qa.Log - Test started: addProductUsingSearch
2026-05-135 23:32:49 [main] INFO  org.utils.qa.Log - Navigated to Products page
2026-05-135 23:32:51 [main] INFO  org.utils.qa.Log - Searched product: Jeans
2026-05-135 23:32:52 [main] INFO  org.utils.qa.Log - Added first product from search results
2026-05-135 23:32:52 [main] INFO  org.utils.qa.Log - Starting checkout flow: Search order
2026-05-135 23:32:53 [main] INFO  org.utils.qa.Log - Clicked view cart
2026-05-135 23:32:54 [main] INFO  org.utils.qa.Log - Proceeded to checkout
2026-05-135 23:32:55 [main] INFO  org.utils.qa.Log - Address verified on checkout page
2026-05-135 23:32:57 [main] INFO  org.utils.qa.Log - Order placed with message: Search order
2026-05-135 23:32:57 [main] INFO  org.utils.qa.Log - Entered payment details
2026-05-135 23:33:00 [main] INFO  org.utils.qa.Log - Payment submitted
2026-05-135 23:33:00 [main] INFO  org.utils.qa.Log - Order completed successfully
2026-05-135 23:33:00 [main] INFO  org.utils.qa.Log - Test passed: addProductUsingSearch
2026-05-135 23:33:00 [main] INFO  org.utils.qa.Log - Test started: brandFlow
2026-05-135 23:33:36 [main] ERROR org.utils.qa.Log - Test FAILED: brandFlow - capturing screenshot
2026-05-135 23:33:36 [main] INFO  org.utils.qa.Log - Test started: categoryFlow
2026-05-135 23:33:52 [main] INFO  org.utils.qa.Log - Navigated to Women category
2026-05-135 23:33:53 [main] INFO  org.utils.qa.Log - Added product from category
2026-05-135 23:33:53 [main] INFO  org.utils.qa.Log - Starting checkout flow: Category order
2026-05-135 23:33:55 [main] INFO  org.utils.qa.Log - Clicked view cart
2026-05-135 23:33:56 [main] INFO  org.utils.qa.Log - Proceeded to checkout
2026-05-135 23:33:56 [main] INFO  org.utils.qa.Log - Address verified on checkout page
2026-05-135 23:33:57 [main] INFO  org.utils.qa.Log - Order placed with message: Category order
2026-05-135 23:33:58 [main] INFO  org.utils.qa.Log - Entered payment details
2026-05-135 23:34:00 [main] INFO  org.utils.qa.Log - Payment submitted
2026-05-135 23:34:00 [main] INFO  org.utils.qa.Log - Order completed successfully
2026-05-135 23:34:00 [main] INFO  org.utils.qa.Log - Test passed: categoryFlow
2026-05-135 23:34:00 [main] INFO  org.utils.qa.Log - Test started: guestUserBlocked
2026-05-135 23:34:04 [main] INFO  org.utils.qa.Log - Cookies cleared and navigated to home page
2026-05-135 23:34:11 [main] INFO  org.utils.qa.Log - Attempting checkout as guest
2026-05-135 23:34:13 [main] INFO  org.utils.qa.Log - Login page verification result: true
2026-05-135 23:34:13 [main] INFO  org.utils.qa.Log - Test passed: guestUserBlocked
2026-05-135 23:34:13 [main] INFO  org.utils.qa.Log - Test started: verifyQuantity
2026-05-135 23:34:18 [main] INFO  org.utils.qa.Log - Searched product: Top
2026-05-135 23:34:19 [main] INFO  org.utils.qa.Log - Added product from search
2026-05-135 23:34:19 [main] INFO  org.utils.qa.Log - Starting checkout flow: Quantity order
2026-05-135 23:34:21 [main] INFO  org.utils.qa.Log - Clicked view cart
2026-05-135 23:34:21 [main] INFO  org.utils.qa.Log - Proceeded to checkout
2026-05-135 23:34:42 [main] ERROR org.utils.qa.Log - Test FAILED: verifyQuantity - capturing screenshot
2026-05-135 23:34:42 [main] INFO  org.utils.qa.Log - Closing browser and ending test suite
2026-05-135 23:59:00 [main] INFO  org.testng.internal.Utils - [Utils] MethodGroupsHelper.collectMethodsByGroup() took 5 ms.
2026-05-135 23:59:00 [main] INFO  org.testng.internal.Utils - [Utils] MethodGroupsHelper.sortMethods() took 10 ms.
2026-05-135 23:59:00 [main] INFO  org.testng.internal.Utils - [Utils] MethodGroupsHelper.collectMethodsByGroup() took 0 ms.
2026-05-135 23:59:00 [main] INFO  org.testng.internal.Utils - [Utils] MethodGroupsHelper.sortMethods() took 0 ms.
2026-05-135 23:59:00 [main] INFO  org.testng.internal.Utils - [Utils] MethodGroupsHelper.collectMethodsByGroup() took 0 ms.
2026-05-135 23:59:00 [main] INFO  org.testng.internal.Utils - [Utils] MethodGroupsHelper.sortMethods() took 0 ms.
2026-05-135 23:59:00 [main] INFO  org.testng.internal.Utils - [Utils] MethodGroupsHelper.collectMethodsByGroup() took 0 ms.
2026-05-135 23:59:00 [main] INFO  org.testng.internal.Utils - [Utils] MethodGroupsHelper.sortMethods() took 0 ms.
2026-05-135 23:59:00 [main] INFO  org.testng.internal.Utils - [Utils] MethodGroupsHelper.collectMethodsByGroup() took 0 ms.
2026-05-135 23:59:00 [main] INFO  org.testng.internal.Utils - [Utils] MethodGroupsHelper.sortMethods() took 0 ms.
2026-05-135 23:59:00 [main] INFO  org.testng.internal.Utils - [Utils] MethodGroupsHelper.collectMethodsByGroup() took 0 ms.
2026-05-135 23:59:00 [main] INFO  org.testng.internal.Utils - [Utils] MethodGroupsHelper.sortMethods() took 1 ms.
2026-05-135 23:59:00 [main] INFO  org.testng.internal.Utils - [Utils] MethodGroupsHelper.collectMethodsByGroup() took 0 ms.
2026-05-135 23:59:00 [main] INFO  org.testng.internal.Utils - [Utils] MethodGroupsHelper.sortMethods() took 0 ms.
2026-05-135 23:59:00 [main] INFO  org.testng.internal.Utils - [Utils] MethodGroupsHelper.collectMethodsByGroup() took 0 ms.
2026-05-135 23:59:00 [main] INFO  org.testng.internal.Utils - [Utils] MethodGroupsHelper.sortMethods() took 0 ms.
2026-05-135 23:59:00 [main] INFO  org.testng.internal.Utils - [Utils] MethodGroupsHelper.collectMethodsByGroup() took 0 ms.
2026-05-135 23:59:00 [main] INFO  org.testng.internal.Utils - [Utils] MethodGroupsHelper.sortMethods() took 6 ms.
2026-05-135 23:59:00 [main] INFO  org.testng.internal.Utils - [Utils] MethodGroupsHelper.collectMethodsByGroup() took 0 ms.
2026-05-135 23:59:00 [main] INFO  org.testng.internal.Utils - [Utils] MethodGroupsHelper.sortMethods() took 0 ms.
2026-05-135 23:59:00 [main] INFO  org.testng.internal.Utils - [Utils] MethodGroupsHelper.collectMethodsByGroup() took 0 ms.
2026-05-135 23:59:00 [main] INFO  org.testng.internal.Utils - [Utils] MethodGroupsHelper.sortMethods() took 0 ms.
2026-05-135 23:59:00 [main] INFO  org.testng.internal.Utils - [Utils] MethodGroupsHelper.collectMethodsByGroup() took 0 ms.
2026-05-135 23:59:00 [main] INFO  org.testng.internal.Utils - [Utils] MethodGroupsHelper.sortMethods() took 0 ms.
2026-05-135 23:59:00 [main] INFO  org.testng.internal.Utils - [Utils] MethodGroupsHelper.collectMethodsByGroup() took 0 ms.
2026-05-135 23:59:00 [main] INFO  org.testng.internal.Utils - [Utils] MethodGroupsHelper.sortMethods() took 0 ms.
2026-05-135 23:59:00 [main] INFO  org.testng.internal.Utils - [Utils] MethodGroupsHelper.collectMethodsByGroup() took 0 ms.
2026-05-135 23:59:00 [main] INFO  org.testng.internal.Utils - [Utils] MethodGroupsHelper.sortMethods() took 0 ms.
2026-05-135 23:59:00 [main] INFO  org.testng.internal.Utils - [Utils] MethodGroupsHelper.collectMethodsByGroup() took 0 ms.
2026-05-135 23:59:00 [main] INFO  org.testng.internal.Utils - [Utils] MethodGroupsHelper.sortMethods() took 0 ms.
2026-05-135 23:59:00 [main] INFO  org.testng.internal.Utils - [TestNG] Running:
  C:\Users\Siddhi\AppData\Local\Temp\testng-eclipse-1302397767\testng-customsuite.xml

2026-05-135 23:59:00 [main] INFO  org.testng.internal.Utils - [Utils] DynamicGraphHelper.createDynamicGraph() took 2 ms.
2026-05-135 23:59:00 [main] ERROR org.testng.internal.Utils - [Error] java.lang.RuntimeException: Sheet not found: HomePage
	at org.utils.qa.ExcelUtility.getExcelData(ExcelUtility.java:26)
	at org.test.qa.LoginTest.getExcelData(LoginTest.java:134)
	at java.base/jdk.internal.reflect.DirectMethodHandleAccessor.invoke(DirectMethodHandleAccessor.java:103)
	at java.base/java.lang.reflect.Method.invoke(Method.java:580)
	at org.testng.internal.invokers.MethodInvocationHelper.invokeMethod(MethodInvocationHelper.java:141)
	at org.testng.internal.invokers.MethodInvocationHelper.invokeMethod(MethodInvocationHelper.java:86)
	at org.testng.internal.invokers.MethodInvocationHelper.invokeMethodNoCheckedException(MethodInvocationHelper.java:54)
	at org.testng.internal.invokers.MethodInvocationHelper.invokeDataProvider(MethodInvocationHelper.java:159)
	at org.testng.internal.Parameters.handleParameters(Parameters.java:809)
	at org.testng.internal.Parameters.handleParameters(Parameters.java:734)
	at org.testng.internal.invokers.ParameterHandler.handleParameters(ParameterHandler.java:72)
	at org.testng.internal.invokers.ParameterHandler.createParameters(ParameterHandler.java:51)
	at org.testng.internal.invokers.TestInvoker$MethodInvocationAgent.invoke(TestInvoker.java:949)
	at org.testng.internal.invokers.TestInvoker.invokeTestMethods(TestInvoker.java:203)
	at org.testng.internal.invokers.TestMethodWorker.invokeTestMethods(TestMethodWorker.java:154)
	at org.testng.internal.invokers.TestMethodWorker.run(TestMethodWorker.java:134)
	at java.base/java.util.ArrayList.forEach(ArrayList.java:1596)
	at org.testng.TestRunner.privateRun(TestRunner.java:741)
	at org.testng.TestRunner.run(TestRunner.java:616)
	at org.testng.SuiteRunner.runTest(SuiteRunner.java:421)
	at org.testng.SuiteRunner.runSequentially(SuiteRunner.java:413)
	at org.testng.SuiteRunner.privateRun(SuiteRunner.java:373)
	at org.testng.SuiteRunner.run(SuiteRunner.java:312)
	at org.testng.SuiteRunnerWorker.runSuite(SuiteRunnerWorker.java:52)
	at org.testng.SuiteRunnerWorker.run(SuiteRunnerWorker.java:95)
	at org.testng.TestNG.runSuitesSequentially(TestNG.java:1274)
	at org.testng.TestNG.runSuitesLocally(TestNG.java:1208)
	at org.testng.TestNG.runSuites(TestNG.java:1112)
	at org.testng.TestNG.run(TestNG.java:1079)
	at org.testng.remote.AbstractRemoteTestNG.run(AbstractRemoteTestNG.java:115)
	at org.testng.remote.RemoteTestNG.initAndRun(RemoteTestNG.java:293)
	at org.testng.remote.RemoteTestNG.main(RemoteTestNG.java:91)

2026-05-135 23:59:00 [main] INFO  org.testng.internal.Utils - [TestNG] Time taken by org.testng.reporters.jq.Main@43d9f1a2: 33 ms
2026-05-135 23:59:00 [main] INFO  org.testng.internal.Utils - [TestNG] Time taken by org.testng.reporters.FailedReporter@1c8f6a90: 9 ms
2026-05-135 23:59:00 [main] INFO  org.testng.internal.Utils - [TestNG] Time taken by org.testng.reporters.XMLReporter@3722c145: 5 ms
2026-05-135 23:59:00 [main] INFO  org.testng.internal.Utils - [TestNG] Time taken by org.testng.reporters.EmailableReporter2@4d18b73a: 4 ms
2026-05-135 23:59:00 [main] INFO  org.testng.internal.Utils - [TestNG] Time taken by org.testng.reporters.JUnitReportReporter@5578be42: 3 ms
2026-05-135 23:59:00 [main] INFO  org.testng.internal.Utils - [TestNG] Time taken by org.testng.internal.ExitCodeListener@4e49ce2b: 0 ms
2026-05-135 23:59:30 [main] INFO  org.testng.internal.Utils - [Utils] MethodGroupsHelper.collectMethodsByGroup() took 3 ms.
2026-05-135 23:59:30 [main] INFO  org.testng.internal.Utils - [Utils] MethodGroupsHelper.sortMethods() took 8 ms.
2026-05-135 23:59:30 [main] INFO  org.testng.internal.Utils - [Utils] MethodGroupsHelper.collectMethodsByGroup() took 0 ms.
2026-05-135 23:59:30 [main] INFO  org.testng.internal.Utils - [Utils] MethodGroupsHelper.sortMethods() took 0 ms.
2026-05-135 23:59:30 [main] INFO  org.testng.internal.Utils - [Utils] MethodGroupsHelper.collectMethodsByGroup() took 0 ms.
2026-05-135 23:59:30 [main] INFO  org.testng.internal.Utils - [Utils] MethodGroupsHelper.sortMethods() took 0 ms.
2026-05-135 23:59:30 [main] INFO  org.testng.internal.Utils - [Utils] MethodGroupsHelper.collectMethodsByGroup() took 0 ms.
2026-05-135 23:59:30 [main] INFO  org.testng.internal.Utils - [Utils] MethodGroupsHelper.sortMethods() took 0 ms.
2026-05-135 23:59:30 [main] INFO  org.testng.internal.Utils - [Utils] MethodGroupsHelper.collectMethodsByGroup() took 0 ms.
2026-05-135 23:59:30 [main] INFO  org.testng.internal.Utils - [Utils] MethodGroupsHelper.sortMethods() took 0 ms.
2026-05-135 23:59:30 [main] INFO  org.testng.internal.Utils - [Utils] MethodGroupsHelper.collectMethodsByGroup() took 0 ms.
2026-05-135 23:59:30 [main] INFO  org.testng.internal.Utils - [Utils] MethodGroupsHelper.sortMethods() took 0 ms.
2026-05-135 23:59:30 [main] INFO  org.testng.internal.Utils - [Utils] MethodGroupsHelper.collectMethodsByGroup() took 0 ms.
2026-05-135 23:59:30 [main] INFO  org.testng.internal.Utils - [Utils] MethodGroupsHelper.sortMethods() took 0 ms.
2026-05-135 23:59:30 [main] INFO  org.testng.internal.Utils - [Utils] MethodGroupsHelper.collectMethodsByGroup() took 0 ms.
2026-05-135 23:59:30 [main] INFO  org.testng.internal.Utils - [Utils] MethodGroupsHelper.sortMethods() took 0 ms.
2026-05-135 23:59:30 [main] INFO  org.testng.internal.Utils - [Utils] MethodGroupsHelper.collectMethodsByGroup() took 1 ms.
2026-05-135 23:59:30 [main] INFO  org.testng.internal.Utils - [Utils] MethodGroupsHelper.sortMethods() took 5 ms.
2026-05-135 23:59:30 [main] INFO  org.testng.internal.Utils - [Utils] MethodGroupsHelper.collectMethodsByGroup() took 0 ms.
2026-05-135 23:59:30 [main] INFO  org.testng.internal.Utils - [Utils] MethodGroupsHelper.sortMethods() took 0 ms.
2026-05-135 23:59:30 [main] INFO  org.testng.internal.Utils - [Utils] MethodGroupsHelper.collectMethodsByGroup() took 0 ms.
2026-05-135 23:59:30 [main] INFO  org.testng.internal.Utils - [Utils] MethodGroupsHelper.sortMethods() took 0 ms.
2026-05-135 23:59:30 [main] INFO  org.testng.internal.Utils - [Utils] MethodGroupsHelper.collectMethodsByGroup() took 0 ms.
2026-05-135 23:59:30 [main] INFO  org.testng.internal.Utils - [Utils] MethodGroupsHelper.sortMethods() took 0 ms.
2026-05-135 23:59:30 [main] INFO  org.testng.internal.Utils - [Utils] MethodGroupsHelper.collectMethodsByGroup() took 0 ms.
2026-05-135 23:59:30 [main] INFO  org.testng.internal.Utils - [Utils] MethodGroupsHelper.sortMethods() took 1 ms.
2026-05-135 23:59:30 [main] INFO  org.testng.internal.Utils - [Utils] MethodGroupsHelper.collectMethodsByGroup() took 0 ms.
2026-05-135 23:59:30 [main] INFO  org.testng.internal.Utils - [Utils] MethodGroupsHelper.sortMethods() took 0 ms.
2026-05-135 23:59:30 [main] INFO  org.testng.internal.Utils - [Utils] MethodGroupsHelper.collectMethodsByGroup() took 0 ms.
2026-05-135 23:59:30 [main] INFO  org.testng.internal.Utils - [Utils] MethodGroupsHelper.sortMethods() took 1 ms.
2026-05-135 23:59:30 [main] INFO  org.testng.internal.Utils - [TestNG] Running:
  C:\Users\Siddhi\AppData\Local\Temp\testng-eclipse-965403703\testng-customsuite.xml

2026-05-135 23:59:30 [main] INFO  org.testng.internal.Utils - [Utils] DynamicGraphHelper.createDynamicGraph() took 2 ms.
2026-05-135 23:59:30 [main] ERROR org.testng.internal.Utils - [Error] java.lang.RuntimeException: Sheet not found: HomePage
	at org.utils.qa.ExcelUtility.getExcelData(ExcelUtility.java:26)
	at org.test.qa.LoginTest.getExcelData(LoginTest.java:134)
	at java.base/jdk.internal.reflect.DirectMethodHandleAccessor.invoke(DirectMethodHandleAccessor.java:103)
	at java.base/java.lang.reflect.Method.invoke(Method.java:580)
	at org.testng.internal.invokers.MethodInvocationHelper.invokeMethod(MethodInvocationHelper.java:141)
	at org.testng.internal.invokers.MethodInvocationHelper.invokeMethod(MethodInvocationHelper.java:86)
	at org.testng.internal.invokers.MethodInvocationHelper.invokeMethodNoCheckedException(MethodInvocationHelper.java:54)
	at org.testng.internal.invokers.MethodInvocationHelper.invokeDataProvider(MethodInvocationHelper.java:159)
	at org.testng.internal.Parameters.handleParameters(Parameters.java:809)
	at org.testng.internal.Parameters.handleParameters(Parameters.java:734)
	at org.testng.internal.invokers.ParameterHandler.handleParameters(ParameterHandler.java:72)
	at org.testng.internal.invokers.ParameterHandler.createParameters(ParameterHandler.java:51)
	at org.testng.internal.invokers.TestInvoker$MethodInvocationAgent.invoke(TestInvoker.java:949)
	at org.testng.internal.invokers.TestInvoker.invokeTestMethods(TestInvoker.java:203)
	at org.testng.internal.invokers.TestMethodWorker.invokeTestMethods(TestMethodWorker.java:154)
	at org.testng.internal.invokers.TestMethodWorker.run(TestMethodWorker.java:134)
	at java.base/java.util.ArrayList.forEach(ArrayList.java:1596)
	at org.testng.TestRunner.privateRun(TestRunner.java:741)
	at org.testng.TestRunner.run(TestRunner.java:616)
	at org.testng.SuiteRunner.runTest(SuiteRunner.java:421)
	at org.testng.SuiteRunner.runSequentially(SuiteRunner.java:413)
	at org.testng.SuiteRunner.privateRun(SuiteRunner.java:373)
	at org.testng.SuiteRunner.run(SuiteRunner.java:312)
	at org.testng.SuiteRunnerWorker.runSuite(SuiteRunnerWorker.java:52)
	at org.testng.SuiteRunnerWorker.run(SuiteRunnerWorker.java:95)
	at org.testng.TestNG.runSuitesSequentially(TestNG.java:1274)
	at org.testng.TestNG.runSuitesLocally(TestNG.java:1208)
	at org.testng.TestNG.runSuites(TestNG.java:1112)
	at org.testng.TestNG.run(TestNG.java:1079)
	at org.testng.remote.AbstractRemoteTestNG.run(AbstractRemoteTestNG.java:115)
	at org.testng.remote.RemoteTestNG.initAndRun(RemoteTestNG.java:293)
	at org.testng.remote.RemoteTestNG.main(RemoteTestNG.java:91)

2026-05-135 23:59:31 [main] INFO  org.testng.internal.Utils - [TestNG] Time taken by org.testng.reporters.jq.Main@43d9f1a2: 27 ms
2026-05-135 23:59:31 [main] INFO  org.testng.internal.Utils - [TestNG] Time taken by org.testng.reporters.FailedReporter@1c8f6a90: 7 ms
2026-05-135 23:59:31 [main] INFO  org.testng.internal.Utils - [TestNG] Time taken by org.testng.reporters.XMLReporter@3722c145: 5 ms
2026-05-135 23:59:31 [main] INFO  org.testng.internal.Utils - [TestNG] Time taken by org.testng.reporters.EmailableReporter2@4d18b73a: 4 ms
2026-05-135 23:59:31 [main] INFO  org.testng.internal.Utils - [TestNG] Time taken by org.testng.reporters.JUnitReportReporter@5578be42: 2 ms
2026-05-135 23:59:31 [main] INFO  org.testng.internal.Utils - [TestNG] Time taken by org.testng.internal.ExitCodeListener@4e49ce2b: 0 ms
2026-05-136 00:00:14 [main] INFO  org.testng.internal.Utils - [Utils] MethodGroupsHelper.collectMethodsByGroup() took 4 ms.
2026-05-136 00:00:14 [main] INFO  org.testng.internal.Utils - [Utils] MethodGroupsHelper.sortMethods() took 6 ms.
2026-05-136 00:00:14 [main] INFO  org.testng.internal.Utils - [Utils] MethodGroupsHelper.collectMethodsByGroup() took 0 ms.
2026-05-136 00:00:14 [main] INFO  org.testng.internal.Utils - [Utils] MethodGroupsHelper.sortMethods() took 0 ms.
2026-05-136 00:00:14 [main] INFO  org.testng.internal.Utils - [Utils] MethodGroupsHelper.collectMethodsByGroup() took 0 ms.
2026-05-136 00:00:14 [main] INFO  org.testng.internal.Utils - [Utils] MethodGroupsHelper.sortMethods() took 0 ms.
2026-05-136 00:00:14 [main] INFO  org.testng.internal.Utils - [Utils] MethodGroupsHelper.collectMethodsByGroup() took 0 ms.
2026-05-136 00:00:14 [main] INFO  org.testng.internal.Utils - [Utils] MethodGroupsHelper.sortMethods() took 0 ms.
2026-05-136 00:00:14 [main] INFO  org.testng.internal.Utils - [Utils] MethodGroupsHelper.collectMethodsByGroup() took 0 ms.
2026-05-136 00:00:14 [main] INFO  org.testng.internal.Utils - [Utils] MethodGroupsHelper.sortMethods() took 0 ms.
2026-05-136 00:00:14 [main] INFO  org.testng.internal.Utils - [Utils] MethodGroupsHelper.collectMethodsByGroup() took 0 ms.
2026-05-136 00:00:14 [main] INFO  org.testng.internal.Utils - [Utils] MethodGroupsHelper.sortMethods() took 1 ms.
2026-05-136 00:00:14 [main] INFO  org.testng.internal.Utils - [Utils] MethodGroupsHelper.collectMethodsByGroup() took 0 ms.
2026-05-136 00:00:14 [main] INFO  org.testng.internal.Utils - [Utils] MethodGroupsHelper.sortMethods() took 0 ms.
2026-05-136 00:00:14 [main] INFO  org.testng.internal.Utils - [Utils] MethodGroupsHelper.collectMethodsByGroup() took 0 ms.
2026-05-136 00:00:14 [main] INFO  org.testng.internal.Utils - [Utils] MethodGroupsHelper.sortMethods() took 0 ms.
2026-05-136 00:00:14 [main] INFO  org.testng.internal.Utils - [Utils] MethodGroupsHelper.collectMethodsByGroup() took 0 ms.
2026-05-136 00:00:14 [main] INFO  org.testng.internal.Utils - [Utils] MethodGroupsHelper.sortMethods() took 6 ms.
2026-05-136 00:00:14 [main] INFO  org.testng.internal.Utils - [Utils] MethodGroupsHelper.collectMethodsByGroup() took 0 ms.
2026-05-136 00:00:14 [main] INFO  org.testng.internal.Utils - [Utils] MethodGroupsHelper.sortMethods() took 0 ms.
2026-05-136 00:00:14 [main] INFO  org.testng.internal.Utils - [Utils] MethodGroupsHelper.collectMethodsByGroup() took 0 ms.
2026-05-136 00:00:14 [main] INFO  org.testng.internal.Utils - [Utils] MethodGroupsHelper.sortMethods() took 1 ms.
2026-05-136 00:00:14 [main] INFO  org.testng.internal.Utils - [Utils] MethodGroupsHelper.collectMethodsByGroup() took 0 ms.
2026-05-136 00:00:14 [main] INFO  org.testng.internal.Utils - [Utils] MethodGroupsHelper.sortMethods() took 0 ms.
2026-05-136 00:00:14 [main] INFO  org.testng.internal.Utils - [Utils] MethodGroupsHelper.collectMethodsByGroup() took 0 ms.
2026-05-136 00:00:14 [main] INFO  org.testng.internal.Utils - [Utils] MethodGroupsHelper.sortMethods() took 0 ms.
2026-05-136 00:00:14 [main] INFO  org.testng.internal.Utils - [Utils] MethodGroupsHelper.collectMethodsByGroup() took 0 ms.
2026-05-136 00:00:14 [main] INFO  org.testng.internal.Utils - [Utils] MethodGroupsHelper.sortMethods() took 0 ms.
2026-05-136 00:00:14 [main] INFO  org.testng.internal.Utils - [Utils] MethodGroupsHelper.collectMethodsByGroup() took 1 ms.
2026-05-136 00:00:14 [main] INFO  org.testng.internal.Utils - [Utils] MethodGroupsHelper.sortMethods() took 0 ms.
2026-05-136 00:00:14 [main] INFO  org.testng.internal.Utils - [TestNG] Running:
  C:\Users\Siddhi\AppData\Local\Temp\testng-eclipse-1975631721\testng-customsuite.xml

2026-05-136 00:00:14 [main] INFO  org.testng.internal.Utils - [Utils] DynamicGraphHelper.createDynamicGraph() took 3 ms.
2026-05-136 00:00:18 [main] INFO  org.utils.qa.Log - Browser launched successfully
2026-05-136 00:00:18 [main] INFO  org.utils.qa.Log - ================================================
2026-05-136 00:00:18 [main] INFO  org.utils.qa.Log - TEST CASE STARTED : TC_001
2026-05-136 00:00:18 [main] INFO  org.utils.qa.Log - SCENARIO : Verify login functionality with valid email and valid password
2026-05-136 00:00:18 [main] INFO  org.utils.qa.Log - TEST TYPE : positive
2026-05-136 00:00:24 [main] INFO  org.utils.qa.Log - TEST PASSED : TC_001
2026-05-136 00:00:24 [main] INFO  org.utils.qa.Log - ================================================
2026-05-136 00:00:27 [main] INFO  org.utils.qa.Log - Browser launched successfully
2026-05-136 00:00:27 [main] INFO  org.utils.qa.Log - ================================================
2026-05-136 00:00:27 [main] INFO  org.utils.qa.Log - TEST CASE STARTED : TC_002
2026-05-136 00:00:27 [main] INFO  org.utils.qa.Log - SCENARIO : Verify login functionality with valid email and invalid password
2026-05-136 00:00:27 [main] INFO  org.utils.qa.Log - TEST TYPE : negative
2026-05-136 00:00:31 [main] INFO  org.utils.qa.Log - TEST PASSED : TC_002
2026-05-136 00:00:31 [main] INFO  org.utils.qa.Log - ================================================
2026-05-136 00:00:34 [main] INFO  org.utils.qa.Log - Browser launched successfully
2026-05-136 00:00:34 [main] INFO  org.utils.qa.Log - ================================================
2026-05-136 00:00:34 [main] INFO  org.utils.qa.Log - TEST CASE STARTED : TC_003
2026-05-136 00:00:34 [main] INFO  org.utils.qa.Log - SCENARIO : Verify login functionality with invalid email and valid password
2026-05-136 00:00:34 [main] INFO  org.utils.qa.Log - TEST TYPE : negative
2026-05-136 00:00:38 [main] INFO  org.utils.qa.Log - TEST PASSED : TC_003
2026-05-136 00:00:38 [main] INFO  org.utils.qa.Log - ================================================
2026-05-136 00:00:42 [main] INFO  org.utils.qa.Log - Browser launched successfully
2026-05-136 00:00:42 [main] INFO  org.utils.qa.Log - ================================================
2026-05-136 00:00:42 [main] INFO  org.utils.qa.Log - TEST CASE STARTED : TC_004
2026-05-136 00:00:42 [main] INFO  org.utils.qa.Log - SCENARIO : Verify login functionality with invalid email and invalid password 
2026-05-136 00:00:42 [main] INFO  org.utils.qa.Log - TEST TYPE : negative
2026-05-136 00:00:45 [main] INFO  org.utils.qa.Log - TEST PASSED : TC_004
2026-05-136 00:00:45 [main] INFO  org.utils.qa.Log - ================================================
2026-05-136 00:00:49 [main] INFO  org.utils.qa.Log - Browser launched successfully
2026-05-136 00:00:49 [main] INFO  org.utils.qa.Log - ================================================
2026-05-136 00:00:49 [main] INFO  org.utils.qa.Log - TEST CASE STARTED : TC_005
2026-05-136 00:00:49 [main] INFO  org.utils.qa.Log - SCENARIO : Verify validation when password field is left empty
2026-05-136 00:00:49 [main] INFO  org.utils.qa.Log - TEST TYPE : validation
2026-05-136 00:00:50 [main] INFO  org.utils.qa.Log - TEST PASSED : TC_005
2026-05-136 00:00:50 [main] INFO  org.utils.qa.Log - ================================================
2026-05-136 00:00:54 [main] INFO  org.utils.qa.Log - Browser launched successfully
2026-05-136 00:00:54 [main] INFO  org.utils.qa.Log - ================================================
2026-05-136 00:00:54 [main] INFO  org.utils.qa.Log - TEST CASE STARTED : TC_006
2026-05-136 00:00:54 [main] INFO  org.utils.qa.Log - SCENARIO : Verify validation when email field is left empty
2026-05-136 00:00:54 [main] INFO  org.utils.qa.Log - TEST TYPE : validation
2026-05-136 00:00:56 [main] INFO  org.utils.qa.Log - TEST PASSED : TC_006
2026-05-136 00:00:56 [main] INFO  org.utils.qa.Log - ================================================
2026-05-136 00:01:00 [main] INFO  org.utils.qa.Log - Browser launched successfully
2026-05-136 00:01:00 [main] INFO  org.utils.qa.Log - ================================================
2026-05-136 00:01:00 [main] INFO  org.utils.qa.Log - TEST CASE STARTED : TC_007
2026-05-136 00:01:00 [main] INFO  org.utils.qa.Log - SCENARIO : Verify validation when both email and password fields are left empty
2026-05-136 00:01:00 [main] INFO  org.utils.qa.Log - TEST TYPE : validation
2026-05-136 00:01:02 [main] INFO  org.utils.qa.Log - TEST PASSED : TC_007
2026-05-136 00:01:02 [main] INFO  org.utils.qa.Log - ================================================
2026-05-136 00:01:08 [main] INFO  org.utils.qa.Log - Browser launched successfully
2026-05-136 00:01:08 [main] INFO  org.utils.qa.Log - ================================================
2026-05-136 00:01:08 [main] INFO  org.utils.qa.Log - TEST CASE STARTED : TC_008
2026-05-136 00:01:08 [main] INFO  org.utils.qa.Log - SCENARIO : Verify login with invalid email format
2026-05-136 00:01:08 [main] INFO  org.utils.qa.Log - TEST TYPE : validation
2026-05-136 00:01:11 [main] ERROR org.utils.qa.Log - TEST FAILED : TC_008
2026-05-136 00:01:11 [main] ERROR org.utils.qa.Log - ASSERTION FAILED : FAILED: Validation message not displayed for TC_008 expected [true] but found [false]
2026-05-136 00:01:17 [main] INFO  org.utils.qa.Log - Browser launched successfully
2026-05-136 00:01:17 [main] INFO  org.utils.qa.Log - ================================================
2026-05-136 00:01:17 [main] INFO  org.utils.qa.Log - TEST CASE STARTED : TC_009
2026-05-136 00:01:17 [main] INFO  org.utils.qa.Log - SCENARIO : Verify login with password below minimum character limit
2026-05-136 00:01:17 [main] INFO  org.utils.qa.Log - TEST TYPE : boundary
2026-05-136 00:01:22 [main] INFO  org.utils.qa.Log - TEST PASSED : TC_009
2026-05-136 00:01:22 [main] INFO  org.utils.qa.Log - ================================================
2026-05-136 00:01:27 [main] INFO  org.utils.qa.Log - Browser launched successfully
2026-05-136 00:01:27 [main] INFO  org.utils.qa.Log - ================================================
2026-05-136 00:01:27 [main] INFO  org.utils.qa.Log - TEST CASE STARTED : TC_010
2026-05-136 00:01:27 [main] INFO  org.utils.qa.Log - SCENARIO : Verify login with password exceeding maximum allowed character limit
2026-05-136 00:01:27 [main] INFO  org.utils.qa.Log - TEST TYPE : boundary
2026-05-136 00:01:33 [main] INFO  org.utils.qa.Log - TEST PASSED : TC_010
2026-05-136 00:01:33 [main] INFO  org.utils.qa.Log - ================================================
2026-05-136 00:01:38 [main] INFO  org.utils.qa.Log - Browser launched successfully
2026-05-136 00:01:38 [main] INFO  org.utils.qa.Log - ================================================
2026-05-136 00:01:38 [main] INFO  org.utils.qa.Log - TEST CASE STARTED : TC_011
2026-05-136 00:01:38 [main] INFO  org.utils.qa.Log - SCENARIO : Verify application security against SQL Injection attack
2026-05-136 00:01:38 [main] INFO  org.utils.qa.Log - TEST TYPE : security
2026-05-136 00:01:42 [main] INFO  org.utils.qa.Log - TEST PASSED : TC_011
2026-05-136 00:01:42 [main] INFO  org.utils.qa.Log - ================================================
2026-05-136 00:01:48 [main] INFO  org.utils.qa.Log - Browser launched successfully
2026-05-136 00:01:48 [main] INFO  org.utils.qa.Log - ================================================
2026-05-136 00:01:48 [main] INFO  org.utils.qa.Log - TEST CASE STARTED : TC_012
2026-05-136 00:01:48 [main] INFO  org.utils.qa.Log - SCENARIO : Verify successful login after previous failed login attempts
2026-05-136 00:01:48 [main] INFO  org.utils.qa.Log - TEST TYPE : regression
2026-05-136 00:01:56 [main] INFO  org.utils.qa.Log - TEST PASSED : TC_012
2026-05-136 00:01:56 [main] INFO  org.utils.qa.Log - ================================================
2026-05-136 00:02:02 [main] INFO  org.utils.qa.Log - Browser launched successfully
2026-05-136 00:02:02 [main] INFO  org.utils.qa.Log - ================================================
2026-05-136 00:02:02 [main] INFO  org.utils.qa.Log - TEST CASE STARTED : TC_013
2026-05-136 00:02:02 [main] INFO  org.utils.qa.Log - SCENARIO : Verify Enter key login
2026-05-136 00:02:02 [main] INFO  org.utils.qa.Log - TEST TYPE : usability
2026-05-136 00:02:12 [main] INFO  org.utils.qa.Log - TEST PASSED : TC_013
2026-05-136 00:02:12 [main] INFO  org.utils.qa.Log - ================================================
2026-05-136 00:02:18 [main] INFO  org.utils.qa.Log - Browser launched successfully
2026-05-136 00:02:18 [main] INFO  org.utils.qa.Log - ================================================
2026-05-136 00:02:18 [main] INFO  org.utils.qa.Log - TEST CASE STARTED : TC_014
2026-05-136 00:02:18 [main] INFO  org.utils.qa.Log - SCENARIO : Verify Forgot Password functionality
2026-05-136 00:02:18 [main] INFO  org.utils.qa.Log - TEST TYPE : bug
2026-05-136 00:02:23 [main] ERROR org.utils.qa.Log - TEST FAILED : TC_014
2026-05-136 00:02:23 [main] ERROR org.utils.qa.Log - ASSERTION FAILED : Forgot Password feature not implemented
2026-05-136 00:02:26 [main] INFO  org.testng.internal.Utils - [TestNG] Time taken by org.testng.reporters.jq.Main@a2fb8a5: 174 ms
2026-05-136 00:02:26 [main] INFO  org.testng.internal.Utils - [TestNG] Time taken by org.testng.reporters.FailedReporter@63636de0: 39 ms
2026-05-136 00:02:26 [main] INFO  org.testng.internal.Utils - [TestNG] Time taken by org.testng.reporters.XMLReporter@29394966: 73 ms
2026-05-136 00:02:26 [main] INFO  org.testng.internal.Utils - [TestNG] Time taken by org.testng.reporters.EmailableReporter2@4713b631: 18 ms
2026-05-136 00:02:26 [main] INFO  org.testng.internal.Utils - [TestNG] Time taken by org.testng.reporters.JUnitReportReporter@1da32baf: 16 ms
2026-05-136 00:02:26 [main] INFO  org.testng.internal.Utils - [TestNG] Time taken by org.testng.internal.ExitCodeListener@4e4af370: 0 ms
2026-05-136 00:12:29 [main] INFO  org.testng.internal.Utils - [Utils] MethodGroupsHelper.collectMethodsByGroup() took 4 ms.
2026-05-136 00:12:29 [main] INFO  org.testng.internal.Utils - [Utils] MethodGroupsHelper.sortMethods() took 7 ms.
2026-05-136 00:12:29 [main] INFO  org.testng.internal.Utils - [Utils] MethodGroupsHelper.collectMethodsByGroup() took 0 ms.
2026-05-136 00:12:29 [main] INFO  org.testng.internal.Utils - [Utils] MethodGroupsHelper.sortMethods() took 0 ms.
2026-05-136 00:12:29 [main] INFO  org.testng.internal.Utils - [Utils] MethodGroupsHelper.collectMethodsByGroup() took 0 ms.
2026-05-136 00:12:29 [main] INFO  org.testng.internal.Utils - [Utils] MethodGroupsHelper.sortMethods() took 0 ms.
2026-05-136 00:12:29 [main] INFO  org.testng.internal.Utils - [Utils] MethodGroupsHelper.collectMethodsByGroup() took 0 ms.
2026-05-136 00:12:29 [main] INFO  org.testng.internal.Utils - [Utils] MethodGroupsHelper.sortMethods() took 0 ms.
2026-05-136 00:12:29 [main] INFO  org.testng.internal.Utils - [Utils] MethodGroupsHelper.collectMethodsByGroup() took 0 ms.
2026-05-136 00:12:29 [main] INFO  org.testng.internal.Utils - [Utils] MethodGroupsHelper.sortMethods() took 0 ms.
2026-05-136 00:12:29 [main] INFO  org.testng.internal.Utils - [Utils] MethodGroupsHelper.collectMethodsByGroup() took 0 ms.
2026-05-136 00:12:29 [main] INFO  org.testng.internal.Utils - [Utils] MethodGroupsHelper.sortMethods() took 0 ms.
2026-05-136 00:12:29 [main] INFO  org.testng.internal.Utils - [Utils] MethodGroupsHelper.collectMethodsByGroup() took 0 ms.
2026-05-136 00:12:29 [main] INFO  org.testng.internal.Utils - [Utils] MethodGroupsHelper.sortMethods() took 0 ms.
2026-05-136 00:12:29 [main] INFO  org.testng.internal.Utils - [Utils] MethodGroupsHelper.collectMethodsByGroup() took 0 ms.
2026-05-136 00:12:29 [main] INFO  org.testng.internal.Utils - [Utils] MethodGroupsHelper.sortMethods() took 0 ms.
2026-05-136 00:12:29 [main] INFO  org.testng.internal.Utils - [Utils] MethodGroupsHelper.collectMethodsByGroup() took 0 ms.
2026-05-136 00:12:29 [main] INFO  org.testng.internal.Utils - [Utils] MethodGroupsHelper.sortMethods() took 6 ms.
2026-05-136 00:12:29 [main] INFO  org.testng.internal.Utils - [Utils] MethodGroupsHelper.collectMethodsByGroup() took 0 ms.
2026-05-136 00:12:29 [main] INFO  org.testng.internal.Utils - [Utils] MethodGroupsHelper.sortMethods() took 0 ms.
2026-05-136 00:12:29 [main] INFO  org.testng.internal.Utils - [Utils] MethodGroupsHelper.collectMethodsByGroup() took 0 ms.
2026-05-136 00:12:29 [main] INFO  org.testng.internal.Utils - [Utils] MethodGroupsHelper.sortMethods() took 0 ms.
2026-05-136 00:12:29 [main] INFO  org.testng.internal.Utils - [Utils] MethodGroupsHelper.collectMethodsByGroup() took 0 ms.
2026-05-136 00:12:29 [main] INFO  org.testng.internal.Utils - [Utils] MethodGroupsHelper.sortMethods() took 0 ms.
2026-05-136 00:12:29 [main] INFO  org.testng.internal.Utils - [Utils] MethodGroupsHelper.collectMethodsByGroup() took 0 ms.
2026-05-136 00:12:29 [main] INFO  org.testng.internal.Utils - [Utils] MethodGroupsHelper.sortMethods() took 1 ms.
2026-05-136 00:12:29 [main] INFO  org.testng.internal.Utils - [Utils] MethodGroupsHelper.collectMethodsByGroup() took 0 ms.
2026-05-136 00:12:29 [main] INFO  org.testng.internal.Utils - [Utils] MethodGroupsHelper.sortMethods() took 0 ms.
2026-05-136 00:12:29 [main] INFO  org.testng.internal.Utils - [Utils] MethodGroupsHelper.collectMethodsByGroup() took 1 ms.
2026-05-136 00:12:29 [main] INFO  org.testng.internal.Utils - [Utils] MethodGroupsHelper.sortMethods() took 0 ms.
2026-05-136 00:12:29 [main] INFO  org.testng.internal.Utils - [TestNG] Running:
  C:\Users\Siddhi\AppData\Local\Temp\testng-eclipse-1484545461\testng-customsuite.xml

2026-05-136 00:12:29 [main] INFO  org.testng.internal.Utils - [Utils] DynamicGraphHelper.createDynamicGraph() took 2 ms.
2026-05-136 00:12:35 [main] INFO  org.utils.qa.Log - Email field is displayed.
2026-05-136 00:12:41 [main] INFO  org.utils.qa.Log - Password field is displayed.
2026-05-136 00:12:47 [main] INFO  org.utils.qa.Log - Login button is displayed.
2026-05-136 00:12:53 [main] INFO  org.utils.qa.Log - Title Matched.
2026-05-136 00:12:53 [main] INFO  org.testng.internal.Utils - [TestNG] Time taken by org.testng.reporters.jq.Main@43c57161: 28 ms
2026-05-136 00:12:53 [main] INFO  org.testng.internal.Utils - [TestNG] Time taken by org.testng.reporters.FailedReporter@30c3ae63: 1 ms
2026-05-136 00:12:53 [main] INFO  org.testng.internal.Utils - [TestNG] Time taken by org.testng.reporters.XMLReporter@1bf14704: 7 ms
2026-05-136 00:12:53 [main] INFO  org.testng.internal.Utils - [TestNG] Time taken by org.testng.reporters.EmailableReporter2@6413d7e7: 4 ms
2026-05-136 00:12:53 [main] INFO  org.testng.internal.Utils - [TestNG] Time taken by org.testng.reporters.JUnitReportReporter@1665fa54: 3 ms
2026-05-136 00:12:53 [main] INFO  org.testng.internal.Utils - [TestNG] Time taken by org.testng.internal.ExitCodeListener@6d67f5eb: 0 ms
2026-05-136 00:13:27 [main] INFO  org.testng.internal.Utils - [Utils] MethodGroupsHelper.collectMethodsByGroup() took 4 ms.
2026-05-136 00:13:27 [main] INFO  org.testng.internal.Utils - [Utils] MethodGroupsHelper.sortMethods() took 5 ms.
2026-05-136 00:13:27 [main] INFO  org.testng.internal.Utils - [Utils] MethodGroupsHelper.collectMethodsByGroup() took 0 ms.
2026-05-136 00:13:27 [main] INFO  org.testng.internal.Utils - [Utils] MethodGroupsHelper.sortMethods() took 0 ms.
2026-05-136 00:13:27 [main] INFO  org.testng.internal.Utils - [Utils] MethodGroupsHelper.collectMethodsByGroup() took 0 ms.
2026-05-136 00:13:27 [main] INFO  org.testng.internal.Utils - [Utils] MethodGroupsHelper.sortMethods() took 0 ms.
2026-05-136 00:13:27 [main] INFO  org.testng.internal.Utils - [Utils] MethodGroupsHelper.collectMethodsByGroup() took 0 ms.
2026-05-136 00:13:27 [main] INFO  org.testng.internal.Utils - [Utils] MethodGroupsHelper.sortMethods() took 0 ms.
2026-05-136 00:13:27 [main] INFO  org.testng.internal.Utils - [Utils] MethodGroupsHelper.collectMethodsByGroup() took 0 ms.
2026-05-136 00:13:27 [main] INFO  org.testng.internal.Utils - [Utils] MethodGroupsHelper.sortMethods() took 0 ms.
2026-05-136 00:13:27 [main] INFO  org.testng.internal.Utils - [Utils] MethodGroupsHelper.collectMethodsByGroup() took 0 ms.
2026-05-136 00:13:27 [main] INFO  org.testng.internal.Utils - [Utils] MethodGroupsHelper.sortMethods() took 0 ms.
2026-05-136 00:13:27 [main] INFO  org.testng.internal.Utils - [Utils] MethodGroupsHelper.collectMethodsByGroup() took 0 ms.
2026-05-136 00:13:27 [main] INFO  org.testng.internal.Utils - [Utils] MethodGroupsHelper.sortMethods() took 0 ms.
2026-05-136 00:13:27 [main] INFO  org.testng.internal.Utils - [Utils] MethodGroupsHelper.collectMethodsByGroup() took 0 ms.
2026-05-136 00:13:27 [main] INFO  org.testng.internal.Utils - [Utils] MethodGroupsHelper.sortMethods() took 0 ms.
2026-05-136 00:13:27 [main] INFO  org.testng.internal.Utils - [Utils] MethodGroupsHelper.collectMethodsByGroup() took 0 ms.
2026-05-136 00:13:27 [main] INFO  org.testng.internal.Utils - [Utils] MethodGroupsHelper.sortMethods() took 4 ms.
2026-05-136 00:13:27 [main] INFO  org.testng.internal.Utils - [Utils] MethodGroupsHelper.collectMethodsByGroup() took 0 ms.
2026-05-136 00:13:27 [main] INFO  org.testng.internal.Utils - [Utils] MethodGroupsHelper.sortMethods() took 0 ms.
2026-05-136 00:13:27 [main] INFO  org.testng.internal.Utils - [Utils] MethodGroupsHelper.collectMethodsByGroup() took 0 ms.
2026-05-136 00:13:27 [main] INFO  org.testng.internal.Utils - [Utils] MethodGroupsHelper.sortMethods() took 0 ms.
2026-05-136 00:13:27 [main] INFO  org.testng.internal.Utils - [Utils] MethodGroupsHelper.collectMethodsByGroup() took 0 ms.
2026-05-136 00:13:27 [main] INFO  org.testng.internal.Utils - [Utils] MethodGroupsHelper.sortMethods() took 0 ms.
2026-05-136 00:13:27 [main] INFO  org.testng.internal.Utils - [Utils] MethodGroupsHelper.collectMethodsByGroup() took 1 ms.
2026-05-136 00:13:27 [main] INFO  org.testng.internal.Utils - [Utils] MethodGroupsHelper.sortMethods() took 0 ms.
2026-05-136 00:13:27 [main] INFO  org.testng.internal.Utils - [Utils] MethodGroupsHelper.collectMethodsByGroup() took 0 ms.
2026-05-136 00:13:27 [main] INFO  org.testng.internal.Utils - [Utils] MethodGroupsHelper.sortMethods() took 0 ms.
2026-05-136 00:13:27 [main] INFO  org.testng.internal.Utils - [Utils] MethodGroupsHelper.collectMethodsByGroup() took 0 ms.
2026-05-136 00:13:27 [main] INFO  org.testng.internal.Utils - [Utils] MethodGroupsHelper.sortMethods() took 0 ms.
2026-05-136 00:13:27 [main] INFO  org.testng.internal.Utils - [TestNG] Running:
  C:\Users\Siddhi\AppData\Local\Temp\testng-eclipse-704552171\testng-customsuite.xml

2026-05-136 00:13:28 [main] INFO  org.testng.internal.Utils - [Utils] DynamicGraphHelper.createDynamicGraph() took 1 ms.
2026-05-136 00:13:35 [main] INFO  org.utils.qa.Log - LOGIN SUCCESSFUL
2026-05-136 00:13:35 [main] INFO  org.utils.qa.Log - ================================================
2026-05-136 00:13:35 [main] INFO  org.utils.qa.Log - TEST CASE STARTED : TC_HM_001
2026-05-136 00:13:35 [main] INFO  org.utils.qa.Log - ACTION : verifyuser
2026-05-136 00:13:35 [main] INFO  org.utils.qa.Log - TEST PASSED : TC_HM_001
2026-05-136 00:13:35 [main] INFO  org.utils.qa.Log - ================================================
2026-05-136 00:13:47 [main] INFO  org.utils.qa.Log - LOGIN SUCCESSFUL
2026-05-136 00:13:47 [main] INFO  org.utils.qa.Log - ================================================
2026-05-136 00:13:47 [main] INFO  org.utils.qa.Log - TEST CASE STARTED : TC_HM_002
2026-05-136 00:13:47 [main] INFO  org.utils.qa.Log - ACTION : products
2026-05-136 00:14:09 [main] ERROR org.utils.qa.Log - TEST FAILED : TC_HM_002
2026-05-136 00:14:09 [main] ERROR org.utils.qa.Log - Expected condition failed: waiting for element found by By.linkText: Products to be clickable, but the element was not found: org.openqa.selenium.NoSuchElementException: no such element: Unable to locate element: {"method":"link text","selector":"Products"}.
(tried for 20 seconds with 500 milliseconds interval)
Build info: version: '4.43.0', revision: 'dd0f534'
System info: os.name: 'Windows 11', os.arch: 'amd64', os.version: '10.0', java.version: '21.0.10'
Driver info: org.openqa.selenium.edge.EdgeDriver
Capabilities {acceptInsecureCerts: false, browserName: MicrosoftEdge, browserVersion: 148.0.3967.54, fedcm:accounts: true, goog:processID: 41708, ms:edgeOptions: {debuggerAddress: localhost:50271}, msedge: {msedgedriverVersion: 148.0.3967.54 (c994e204927e..., userDataDir: C:\Users\Siddhi\AppData\Loc...}, networkConnectionEnabled: false, pageLoadStrategy: normal, platformName: windows, proxy: Proxy(), se:cdp: ws://localhost:50271/devtoo..., se:cdpVersion: 148.0.3967.54, setWindowRect: true, strictFileInteractability: false, timeouts: {implicit: 0, pageLoad: 300000, script: 30000}, unhandledPromptBehavior: dismiss and notify, webauthn:extension:credBlob: true, webauthn:extension:largeBlob: true, webauthn:extension:minPinLength: true, webauthn:extension:prf: true, webauthn:virtualAuthenticators: true}
Session ID: 5796dcdd3c94bf54bc55caaa80ad4e76
2026-05-136 00:14:41 [main] INFO  org.testng.internal.Utils - [Utils] MethodGroupsHelper.collectMethodsByGroup() took 4 ms.
2026-05-136 00:14:41 [main] INFO  org.testng.internal.Utils - [Utils] MethodGroupsHelper.sortMethods() took 7 ms.
2026-05-136 00:14:41 [main] INFO  org.testng.internal.Utils - [Utils] MethodGroupsHelper.collectMethodsByGroup() took 0 ms.
2026-05-136 00:14:41 [main] INFO  org.testng.internal.Utils - [Utils] MethodGroupsHelper.sortMethods() took 0 ms.
2026-05-136 00:14:41 [main] INFO  org.testng.internal.Utils - [Utils] MethodGroupsHelper.collectMethodsByGroup() took 0 ms.
2026-05-136 00:14:41 [main] INFO  org.testng.internal.Utils - [Utils] MethodGroupsHelper.sortMethods() took 0 ms.
2026-05-136 00:14:41 [main] INFO  org.testng.internal.Utils - [Utils] MethodGroupsHelper.collectMethodsByGroup() took 0 ms.
2026-05-136 00:14:41 [main] INFO  org.testng.internal.Utils - [Utils] MethodGroupsHelper.sortMethods() took 0 ms.
2026-05-136 00:14:41 [main] INFO  org.testng.internal.Utils - [Utils] MethodGroupsHelper.collectMethodsByGroup() took 0 ms.
2026-05-136 00:14:41 [main] INFO  org.testng.internal.Utils - [Utils] MethodGroupsHelper.sortMethods() took 1 ms.
2026-05-136 00:14:41 [main] INFO  org.testng.internal.Utils - [Utils] MethodGroupsHelper.collectMethodsByGroup() took 0 ms.
2026-05-136 00:14:41 [main] INFO  org.testng.internal.Utils - [Utils] MethodGroupsHelper.sortMethods() took 1 ms.
2026-05-136 00:14:41 [main] INFO  org.testng.internal.Utils - [Utils] MethodGroupsHelper.collectMethodsByGroup() took 0 ms.
2026-05-136 00:14:41 [main] INFO  org.testng.internal.Utils - [Utils] MethodGroupsHelper.sortMethods() took 0 ms.
2026-05-136 00:14:41 [main] INFO  org.testng.internal.Utils - [Utils] MethodGroupsHelper.collectMethodsByGroup() took 0 ms.
2026-05-136 00:14:41 [main] INFO  org.testng.internal.Utils - [Utils] MethodGroupsHelper.sortMethods() took 0 ms.
2026-05-136 00:14:41 [main] INFO  org.testng.internal.Utils - [Utils] MethodGroupsHelper.collectMethodsByGroup() took 0 ms.
2026-05-136 00:14:41 [main] INFO  org.testng.internal.Utils - [Utils] MethodGroupsHelper.sortMethods() took 0 ms.
2026-05-136 00:14:41 [main] INFO  org.testng.internal.Utils - [Utils] MethodGroupsHelper.collectMethodsByGroup() took 0 ms.
2026-05-136 00:14:41 [main] INFO  org.testng.internal.Utils - [Utils] MethodGroupsHelper.sortMethods() took 0 ms.
2026-05-136 00:14:41 [main] INFO  org.testng.internal.Utils - [Utils] MethodGroupsHelper.collectMethodsByGroup() took 0 ms.
2026-05-136 00:14:41 [main] INFO  org.testng.internal.Utils - [Utils] MethodGroupsHelper.sortMethods() took 0 ms.
2026-05-136 00:14:41 [main] INFO  org.testng.internal.Utils - [Utils] MethodGroupsHelper.collectMethodsByGroup() took 0 ms.
2026-05-136 00:14:41 [main] INFO  org.testng.internal.Utils - [Utils] MethodGroupsHelper.sortMethods() took 0 ms.
2026-05-136 00:14:41 [main] INFO  org.testng.internal.Utils - [Utils] MethodGroupsHelper.collectMethodsByGroup() took 0 ms.
2026-05-136 00:14:41 [main] INFO  org.testng.internal.Utils - [Utils] MethodGroupsHelper.sortMethods() took 0 ms.
2026-05-136 00:14:41 [main] INFO  org.testng.internal.Utils - [Utils] MethodGroupsHelper.collectMethodsByGroup() took 0 ms.
2026-05-136 00:14:41 [main] INFO  org.testng.internal.Utils - [Utils] MethodGroupsHelper.sortMethods() took 0 ms.
2026-05-136 00:14:41 [main] INFO  org.testng.internal.Utils - [Utils] MethodGroupsHelper.collectMethodsByGroup() took 0 ms.
2026-05-136 00:14:41 [main] INFO  org.testng.internal.Utils - [Utils] MethodGroupsHelper.sortMethods() took 0 ms.
2026-05-136 00:14:41 [main] INFO  org.testng.internal.Utils - [TestNG] Running:
  C:\Users\Siddhi\AppData\Local\Temp\testng-eclipse-1740939825\testng-customsuite.xml

2026-05-136 00:14:41 [main] INFO  org.testng.internal.Utils - [Utils] DynamicGraphHelper.createDynamicGraph() took 1 ms.
2026-05-136 00:14:49 [main] INFO  org.utils.qa.Log - LOGIN SUCCESSFUL
2026-05-136 00:14:50 [main] INFO  org.utils.qa.Log - ================================================
2026-05-136 00:14:50 [main] INFO  org.utils.qa.Log - TEST CASE STARTED : TC_HM_001
2026-05-136 00:14:50 [main] INFO  org.utils.qa.Log - ACTION : verifyuser
2026-05-136 00:14:50 [main] INFO  org.utils.qa.Log - TEST PASSED : TC_HM_001
2026-05-136 00:14:50 [main] INFO  org.utils.qa.Log - ================================================
2026-05-136 00:14:50 [main] INFO  org.utils.qa.Log - ================================================
2026-05-136 00:14:50 [main] INFO  org.utils.qa.Log - TEST CASE STARTED : TC_HM_002
2026-05-136 00:14:50 [main] INFO  org.utils.qa.Log - ACTION : products
2026-05-136 00:15:11 [main] ERROR org.utils.qa.Log - TEST FAILED : TC_HM_002
2026-05-136 00:15:11 [main] ERROR org.utils.qa.Log - Expected condition failed: waiting for element found by By.linkText: Products to be clickable, but the element was not found: org.openqa.selenium.NoSuchElementException: no such element: Unable to locate element: {"method":"link text","selector":"Products"}.
(tried for 20 seconds with 500 milliseconds interval)
Build info: version: '4.43.0', revision: 'dd0f534'
System info: os.name: 'Windows 11', os.arch: 'amd64', os.version: '10.0', java.version: '21.0.10'
Driver info: org.openqa.selenium.edge.EdgeDriver
Capabilities {acceptInsecureCerts: false, browserName: MicrosoftEdge, browserVersion: 148.0.3967.54, fedcm:accounts: true, goog:processID: 40384, ms:edgeOptions: {debuggerAddress: localhost:57814}, msedge: {msedgedriverVersion: 148.0.3967.54 (c994e204927e..., userDataDir: C:\Users\Siddhi\AppData\Loc...}, networkConnectionEnabled: false, pageLoadStrategy: normal, platformName: windows, proxy: Proxy(), se:cdp: ws://localhost:57814/devtoo..., se:cdpVersion: 148.0.3967.54, setWindowRect: true, strictFileInteractability: false, timeouts: {implicit: 0, pageLoad: 300000, script: 30000}, unhandledPromptBehavior: dismiss and notify, webauthn:extension:credBlob: true, webauthn:extension:largeBlob: true, webauthn:extension:minPinLength: true, webauthn:extension:prf: true, webauthn:virtualAuthenticators: true}
Session ID: 68c8a971e85dc240ee35a60ca78b299f
2026-05-136 00:15:12 [main] INFO  org.utils.qa.Log - ================================================
2026-05-136 00:15:12 [main] INFO  org.utils.qa.Log - TEST CASE STARTED : TC_HM_003
2026-05-136 00:15:12 [main] INFO  org.utils.qa.Log - ACTION : cart
2026-05-136 00:15:14 [main] INFO  org.utils.qa.Log - TEST PASSED : TC_HM_003
2026-05-136 00:15:14 [main] INFO  org.utils.qa.Log - ================================================
2026-05-136 00:15:14 [main] INFO  org.utils.qa.Log - ================================================
2026-05-136 00:15:14 [main] INFO  org.utils.qa.Log - TEST CASE STARTED : TC_HM_004
2026-05-136 00:15:14 [main] INFO  org.utils.qa.Log - ACTION : logout
2026-05-136 00:15:15 [main] INFO  org.utils.qa.Log - TEST PASSED : TC_HM_004
2026-05-136 00:15:15 [main] INFO  org.utils.qa.Log - ================================================
2026-05-136 00:15:15 [main] INFO  org.utils.qa.Log - ================================================
2026-05-136 00:15:15 [main] INFO  org.utils.qa.Log - TEST CASE STARTED : TC_HM_005
2026-05-136 00:15:15 [main] INFO  org.utils.qa.Log - ACTION : category
2026-05-136 00:15:37 [main] ERROR org.utils.qa.Log - TEST FAILED : TC_HM_005
2026-05-136 00:15:37 [main] ERROR org.utils.qa.Log - Expected condition failed: waiting for visibility of element found by By.xpath: //a[contains(text(),'Category')], but... org.openqa.selenium.NoSuchElementException: no such element: Unable to locate element: {"method":"xpath","selector":"//a[contains(text(),'Category')]"}.
(tried for 20 seconds with 500 milliseconds interval)
Build info: version: '4.43.0', revision: 'dd0f534'
System info: os.name: 'Windows 11', os.arch: 'amd64', os.version: '10.0', java.version: '21.0.10'
Driver info: org.openqa.selenium.edge.EdgeDriver
Capabilities {acceptInsecureCerts: false, browserName: MicrosoftEdge, browserVersion: 148.0.3967.54, fedcm:accounts: true, goog:processID: 40384, ms:edgeOptions: {debuggerAddress: localhost:57814}, msedge: {msedgedriverVersion: 148.0.3967.54 (c994e204927e..., userDataDir: C:\Users\Siddhi\AppData\Loc...}, networkConnectionEnabled: false, pageLoadStrategy: normal, platformName: windows, proxy: Proxy(), se:cdp: ws://localhost:57814/devtoo..., se:cdpVersion: 148.0.3967.54, setWindowRect: true, strictFileInteractability: false, timeouts: {implicit: 0, pageLoad: 300000, script: 30000}, unhandledPromptBehavior: dismiss and notify, webauthn:extension:credBlob: true, webauthn:extension:largeBlob: true, webauthn:extension:minPinLength: true, webauthn:extension:prf: true, webauthn:virtualAuthenticators: true}
Session ID: 68c8a971e85dc240ee35a60ca78b299f
2026-05-136 00:15:37 [main] INFO  org.utils.qa.Log - ================================================
2026-05-136 00:15:37 [main] INFO  org.utils.qa.Log - TEST CASE STARTED : TC_HM_006
2026-05-136 00:15:37 [main] INFO  org.utils.qa.Log - ACTION : category
2026-05-136 00:15:58 [main] ERROR org.utils.qa.Log - TEST FAILED : TC_HM_006
2026-05-136 00:15:58 [main] ERROR org.utils.qa.Log - Expected condition failed: waiting for visibility of element found by By.xpath: //a[contains(text(),'Category')], but... org.openqa.selenium.NoSuchElementException: no such element: Unable to locate element: {"method":"xpath","selector":"//a[contains(text(),'Category')]"}.
(tried for 20 seconds with 500 milliseconds interval)
Build info: version: '4.43.0', revision: 'dd0f534'
System info: os.name: 'Windows 11', os.arch: 'amd64', os.version: '10.0', java.version: '21.0.10'
Driver info: org.openqa.selenium.edge.EdgeDriver
Capabilities {acceptInsecureCerts: false, browserName: MicrosoftEdge, browserVersion: 148.0.3967.54, fedcm:accounts: true, goog:processID: 40384, ms:edgeOptions: {debuggerAddress: localhost:57814}, msedge: {msedgedriverVersion: 148.0.3967.54 (c994e204927e..., userDataDir: C:\Users\Siddhi\AppData\Loc...}, networkConnectionEnabled: false, pageLoadStrategy: normal, platformName: windows, proxy: Proxy(), se:cdp: ws://localhost:57814/devtoo..., se:cdpVersion: 148.0.3967.54, setWindowRect: true, strictFileInteractability: false, timeouts: {implicit: 0, pageLoad: 300000, script: 30000}, unhandledPromptBehavior: dismiss and notify, webauthn:extension:credBlob: true, webauthn:extension:largeBlob: true, webauthn:extension:minPinLength: true, webauthn:extension:prf: true, webauthn:virtualAuthenticators: true}
Session ID: 68c8a971e85dc240ee35a60ca78b299f
2026-05-136 00:15:58 [main] INFO  org.utils.qa.Log - ================================================
2026-05-136 00:15:58 [main] INFO  org.utils.qa.Log - TEST CASE STARTED : TC_HM_007
2026-05-136 00:15:58 [main] INFO  org.utils.qa.Log - ACTION : category
2026-05-136 00:16:20 [main] ERROR org.utils.qa.Log - TEST FAILED : TC_HM_007
2026-05-136 00:16:20 [main] ERROR org.utils.qa.Log - Expected condition failed: waiting for visibility of element found by By.xpath: //a[contains(text(),'Category')], but... org.openqa.selenium.NoSuchElementException: no such element: Unable to locate element: {"method":"xpath","selector":"//a[contains(text(),'Category')]"}.
(tried for 20 seconds with 500 milliseconds interval)
Build info: version: '4.43.0', revision: 'dd0f534'
System info: os.name: 'Windows 11', os.arch: 'amd64', os.version: '10.0', java.version: '21.0.10'
Driver info: org.openqa.selenium.edge.EdgeDriver
Capabilities {acceptInsecureCerts: false, browserName: MicrosoftEdge, browserVersion: 148.0.3967.54, fedcm:accounts: true, goog:processID: 40384, ms:edgeOptions: {debuggerAddress: localhost:57814}, msedge: {msedgedriverVersion: 148.0.3967.54 (c994e204927e..., userDataDir: C:\Users\Siddhi\AppData\Loc...}, networkConnectionEnabled: false, pageLoadStrategy: normal, platformName: windows, proxy: Proxy(), se:cdp: ws://localhost:57814/devtoo..., se:cdpVersion: 148.0.3967.54, setWindowRect: true, strictFileInteractability: false, timeouts: {implicit: 0, pageLoad: 300000, script: 30000}, unhandledPromptBehavior: dismiss and notify, webauthn:extension:credBlob: true, webauthn:extension:largeBlob: true, webauthn:extension:minPinLength: true, webauthn:extension:prf: true, webauthn:virtualAuthenticators: true}
Session ID: 68c8a971e85dc240ee35a60ca78b299f
2026-05-136 00:16:20 [main] INFO  org.utils.qa.Log - ================================================
2026-05-136 00:16:20 [main] INFO  org.utils.qa.Log - TEST CASE STARTED : TC_HM_008
2026-05-136 00:16:20 [main] INFO  org.utils.qa.Log - ACTION : brand
2026-05-136 00:16:42 [main] ERROR org.utils.qa.Log - TEST FAILED : TC_HM_008
2026-05-136 00:16:42 [main] ERROR org.utils.qa.Log - Expected condition failed: waiting for visibility of element found by By.xpath: //a[contains(text(),'Brands')], but... org.openqa.selenium.NoSuchElementException: no such element: Unable to locate element: {"method":"xpath","selector":"//a[contains(text(),'Brands')]"}.
(tried for 20 seconds with 500 milliseconds interval)
Build info: version: '4.43.0', revision: 'dd0f534'
System info: os.name: 'Windows 11', os.arch: 'amd64', os.version: '10.0', java.version: '21.0.10'
Driver info: org.openqa.selenium.edge.EdgeDriver
Capabilities {acceptInsecureCerts: false, browserName: MicrosoftEdge, browserVersion: 148.0.3967.54, fedcm:accounts: true, goog:processID: 40384, ms:edgeOptions: {debuggerAddress: localhost:57814}, msedge: {msedgedriverVersion: 148.0.3967.54 (c994e204927e..., userDataDir: C:\Users\Siddhi\AppData\Loc...}, networkConnectionEnabled: false, pageLoadStrategy: normal, platformName: windows, proxy: Proxy(), se:cdp: ws://localhost:57814/devtoo..., se:cdpVersion: 148.0.3967.54, setWindowRect: true, strictFileInteractability: false, timeouts: {implicit: 0, pageLoad: 300000, script: 30000}, unhandledPromptBehavior: dismiss and notify, webauthn:extension:credBlob: true, webauthn:extension:largeBlob: true, webauthn:extension:minPinLength: true, webauthn:extension:prf: true, webauthn:virtualAuthenticators: true}
Session ID: 68c8a971e85dc240ee35a60ca78b299f
2026-05-136 00:16:42 [main] INFO  org.utils.qa.Log - ================================================
2026-05-136 00:16:42 [main] INFO  org.utils.qa.Log - TEST CASE STARTED : TC_HM_009
2026-05-136 00:16:42 [main] INFO  org.utils.qa.Log - ACTION : brand
2026-05-136 00:16:59 [main] ERROR org.utils.qa.Log - TEST FAILED : TC_HM_009
2026-05-136 00:16:59 [main] ERROR org.utils.qa.Log - invalid session id: session deleted as the browser has closed the connection
from disconnected: unable to send message to renderer
  (Session info: MicrosoftEdge=148.0.3967.54)
Build info: version: '4.43.0', revision: 'dd0f534'
System info: os.name: 'Windows 11', os.arch: 'amd64', os.version: '10.0', java.version: '21.0.10'
Driver info: org.openqa.selenium.edge.EdgeDriver
Command: [68c8a971e85dc240ee35a60ca78b299f, findElement {using=xpath, value=//a[contains(text(),'Brands')]}]
Capabilities {acceptInsecureCerts: false, browserName: MicrosoftEdge, browserVersion: 148.0.3967.54, fedcm:accounts: true, goog:processID: 40384, ms:edgeOptions: {debuggerAddress: localhost:57814}, msedge: {msedgedriverVersion: 148.0.3967.54 (c994e204927e..., userDataDir: C:\Users\Siddhi\AppData\Loc...}, networkConnectionEnabled: false, pageLoadStrategy: normal, platformName: windows, proxy: Proxy(), se:cdp: ws://localhost:57814/devtoo..., se:cdpVersion: 148.0.3967.54, setWindowRect: true, strictFileInteractability: false, timeouts: {implicit: 0, pageLoad: 300000, script: 30000}, unhandledPromptBehavior: dismiss and notify, webauthn:extension:credBlob: true, webauthn:extension:largeBlob: true, webauthn:extension:minPinLength: true, webauthn:extension:prf: true, webauthn:virtualAuthenticators: true}
Session ID: 68c8a971e85dc240ee35a60ca78b299f
2026-05-136 00:16:59 [main] INFO  org.testng.internal.Utils - [TestNG] Time taken by org.testng.reporters.jq.Main@72ecbcb3: 50 ms
2026-05-136 00:16:59 [main] INFO  org.testng.internal.Utils - [TestNG] Time taken by org.testng.reporters.FailedReporter@8c0a23f: 10 ms
2026-05-136 00:16:59 [main] INFO  org.testng.internal.Utils - [TestNG] Time taken by org.testng.reporters.XMLReporter@7a04f730: 11 ms
2026-05-136 00:16:59 [main] INFO  org.testng.internal.Utils - [TestNG] Time taken by org.testng.reporters.EmailableReporter2@411fa0ce: 5 ms
2026-05-136 00:16:59 [main] INFO  org.testng.internal.Utils - [TestNG] Time taken by org.testng.reporters.JUnitReportReporter@16bd7ae1: 8 ms
2026-05-136 00:16:59 [main] INFO  org.testng.internal.Utils - [TestNG] Time taken by org.testng.internal.ExitCodeListener@15d114ce: 0 ms
2026-05-136 00:17:27 [main] INFO  org.testng.internal.Utils - [Utils] MethodGroupsHelper.collectMethodsByGroup() took 3 ms.
2026-05-136 00:17:27 [main] INFO  org.testng.internal.Utils - [Utils] MethodGroupsHelper.sortMethods() took 6 ms.
2026-05-136 00:17:27 [main] INFO  org.testng.internal.Utils - [Utils] MethodGroupsHelper.collectMethodsByGroup() took 0 ms.
2026-05-136 00:17:27 [main] INFO  org.testng.internal.Utils - [Utils] MethodGroupsHelper.sortMethods() took 0 ms.
2026-05-136 00:17:27 [main] INFO  org.testng.internal.Utils - [Utils] MethodGroupsHelper.collectMethodsByGroup() took 0 ms.
2026-05-136 00:17:27 [main] INFO  org.testng.internal.Utils - [Utils] MethodGroupsHelper.sortMethods() took 0 ms.
2026-05-136 00:17:27 [main] INFO  org.testng.internal.Utils - [Utils] MethodGroupsHelper.collectMethodsByGroup() took 0 ms.
2026-05-136 00:17:27 [main] INFO  org.testng.internal.Utils - [Utils] MethodGroupsHelper.sortMethods() took 0 ms.
2026-05-136 00:17:27 [main] INFO  org.testng.internal.Utils - [Utils] MethodGroupsHelper.collectMethodsByGroup() took 0 ms.
2026-05-136 00:17:27 [main] INFO  org.testng.internal.Utils - [Utils] MethodGroupsHelper.sortMethods() took 0 ms.
2026-05-136 00:17:27 [main] INFO  org.testng.internal.Utils - [Utils] MethodGroupsHelper.collectMethodsByGroup() took 0 ms.
2026-05-136 00:17:27 [main] INFO  org.testng.internal.Utils - [Utils] MethodGroupsHelper.sortMethods() took 1 ms.
2026-05-136 00:17:27 [main] INFO  org.testng.internal.Utils - [Utils] MethodGroupsHelper.collectMethodsByGroup() took 0 ms.
2026-05-136 00:17:27 [main] INFO  org.testng.internal.Utils - [Utils] MethodGroupsHelper.sortMethods() took 0 ms.
2026-05-136 00:17:27 [main] INFO  org.testng.internal.Utils - [Utils] MethodGroupsHelper.collectMethodsByGroup() took 0 ms.
2026-05-136 00:17:27 [main] INFO  org.testng.internal.Utils - [Utils] MethodGroupsHelper.sortMethods() took 0 ms.
2026-05-136 00:17:27 [main] INFO  org.testng.internal.Utils - [Utils] MethodGroupsHelper.collectMethodsByGroup() took 0 ms.
2026-05-136 00:17:27 [main] INFO  org.testng.internal.Utils - [Utils] MethodGroupsHelper.sortMethods() took 0 ms.
2026-05-136 00:17:27 [main] INFO  org.testng.internal.Utils - [Utils] MethodGroupsHelper.collectMethodsByGroup() took 0 ms.
2026-05-136 00:17:27 [main] INFO  org.testng.internal.Utils - [Utils] MethodGroupsHelper.sortMethods() took 0 ms.
2026-05-136 00:17:27 [main] INFO  org.testng.internal.Utils - [Utils] MethodGroupsHelper.collectMethodsByGroup() took 1 ms.
2026-05-136 00:17:27 [main] INFO  org.testng.internal.Utils - [Utils] MethodGroupsHelper.sortMethods() took 0 ms.
2026-05-136 00:17:27 [main] INFO  org.testng.internal.Utils - [Utils] MethodGroupsHelper.collectMethodsByGroup() took 0 ms.
2026-05-136 00:17:27 [main] INFO  org.testng.internal.Utils - [Utils] MethodGroupsHelper.sortMethods() took 0 ms.
2026-05-136 00:17:27 [main] INFO  org.testng.internal.Utils - [Utils] MethodGroupsHelper.collectMethodsByGroup() took 0 ms.
2026-05-136 00:17:27 [main] INFO  org.testng.internal.Utils - [Utils] MethodGroupsHelper.sortMethods() took 0 ms.
2026-05-136 00:17:27 [main] INFO  org.testng.internal.Utils - [Utils] MethodGroupsHelper.collectMethodsByGroup() took 0 ms.
2026-05-136 00:17:27 [main] INFO  org.testng.internal.Utils - [Utils] MethodGroupsHelper.sortMethods() took 0 ms.
2026-05-136 00:17:27 [main] INFO  org.testng.internal.Utils - [Utils] MethodGroupsHelper.collectMethodsByGroup() took 0 ms.
2026-05-136 00:17:27 [main] INFO  org.testng.internal.Utils - [Utils] MethodGroupsHelper.sortMethods() took 0 ms.
2026-05-136 00:17:27 [main] INFO  org.testng.internal.Utils - [TestNG] Running:
  C:\Users\Siddhi\AppData\Local\Temp\testng-eclipse--1657084195\testng-customsuite.xml

2026-05-136 00:17:27 [main] INFO  org.testng.internal.Utils - [Utils] DynamicGraphHelper.createDynamicGraph() took 3 ms.
2026-05-136 00:17:35 [main] INFO  org.utils.qa.Log - LOGIN SUCCESSFUL
2026-05-136 00:17:36 [main] INFO  org.utils.qa.Log - ================================================
2026-05-136 00:17:36 [main] INFO  org.utils.qa.Log - TEST CASE STARTED : TC_HM_001
2026-05-136 00:17:36 [main] INFO  org.utils.qa.Log - ACTION : verifyuser
2026-05-136 00:17:36 [main] INFO  org.utils.qa.Log - TEST PASSED : TC_HM_001
2026-05-136 00:17:36 [main] INFO  org.utils.qa.Log - ================================================
2026-05-136 00:17:36 [main] INFO  org.utils.qa.Log - ================================================
2026-05-136 00:17:36 [main] INFO  org.utils.qa.Log - TEST CASE STARTED : TC_HM_002
2026-05-136 00:17:36 [main] INFO  org.utils.qa.Log - ACTION : products
2026-05-136 00:17:58 [main] ERROR org.utils.qa.Log - TEST FAILED : TC_HM_002
2026-05-136 00:17:58 [main] ERROR org.utils.qa.Log - Expected condition failed: waiting for element found by By.linkText: Products to be clickable, but the element was not found: org.openqa.selenium.NoSuchElementException: no such element: Unable to locate element: {"method":"link text","selector":"Products"}.
(tried for 20 seconds with 500 milliseconds interval)
Build info: version: '4.43.0', revision: 'dd0f534'
System info: os.name: 'Windows 11', os.arch: 'amd64', os.version: '10.0', java.version: '21.0.10'
Driver info: org.openqa.selenium.edge.EdgeDriver
Capabilities {acceptInsecureCerts: false, browserName: MicrosoftEdge, browserVersion: 148.0.3967.54, fedcm:accounts: true, goog:processID: 43772, ms:edgeOptions: {debuggerAddress: localhost:59225}, msedge: {msedgedriverVersion: 148.0.3967.54 (c994e204927e..., userDataDir: C:\Users\Siddhi\AppData\Loc...}, networkConnectionEnabled: false, pageLoadStrategy: normal, platformName: windows, proxy: Proxy(), se:cdp: ws://localhost:59225/devtoo..., se:cdpVersion: 148.0.3967.54, setWindowRect: true, strictFileInteractability: false, timeouts: {implicit: 0, pageLoad: 300000, script: 30000}, unhandledPromptBehavior: dismiss and notify, webauthn:extension:credBlob: true, webauthn:extension:largeBlob: true, webauthn:extension:minPinLength: true, webauthn:extension:prf: true, webauthn:virtualAuthenticators: true}
Session ID: 81ee3e65c054135ff038857eed31cc85
2026-05-136 00:17:58 [main] INFO  org.utils.qa.Log - ================================================
2026-05-136 00:17:58 [main] INFO  org.utils.qa.Log - TEST CASE STARTED : TC_HM_003
2026-05-136 00:17:58 [main] INFO  org.utils.qa.Log - ACTION : cart
2026-05-136 00:18:02 [main] INFO  org.utils.qa.Log - TEST PASSED : TC_HM_003
2026-05-136 00:18:02 [main] INFO  org.utils.qa.Log - ================================================
2026-05-136 00:18:02 [main] INFO  org.utils.qa.Log - ================================================
2026-05-136 00:18:02 [main] INFO  org.utils.qa.Log - TEST CASE STARTED : TC_HM_004
2026-05-136 00:18:02 [main] INFO  org.utils.qa.Log - ACTION : logout
2026-05-136 00:18:03 [main] INFO  org.utils.qa.Log - TEST PASSED : TC_HM_004
2026-05-136 00:18:03 [main] INFO  org.utils.qa.Log - ================================================
2026-05-136 00:18:03 [main] INFO  org.utils.qa.Log - ================================================
2026-05-136 00:18:03 [main] INFO  org.utils.qa.Log - TEST CASE STARTED : TC_HM_005
2026-05-136 00:18:03 [main] INFO  org.utils.qa.Log - ACTION : category
2026-05-136 00:18:25 [main] ERROR org.utils.qa.Log - TEST FAILED : TC_HM_005
2026-05-136 00:18:25 [main] ERROR org.utils.qa.Log - Expected condition failed: waiting for visibility of element found by By.xpath: //a[contains(text(),'Category')], but... org.openqa.selenium.NoSuchElementException: no such element: Unable to locate element: {"method":"xpath","selector":"//a[contains(text(),'Category')]"}.
(tried for 20 seconds with 500 milliseconds interval)
Build info: version: '4.43.0', revision: 'dd0f534'
System info: os.name: 'Windows 11', os.arch: 'amd64', os.version: '10.0', java.version: '21.0.10'
Driver info: org.openqa.selenium.edge.EdgeDriver
Capabilities {acceptInsecureCerts: false, browserName: MicrosoftEdge, browserVersion: 148.0.3967.54, fedcm:accounts: true, goog:processID: 43772, ms:edgeOptions: {debuggerAddress: localhost:59225}, msedge: {msedgedriverVersion: 148.0.3967.54 (c994e204927e..., userDataDir: C:\Users\Siddhi\AppData\Loc...}, networkConnectionEnabled: false, pageLoadStrategy: normal, platformName: windows, proxy: Proxy(), se:cdp: ws://localhost:59225/devtoo..., se:cdpVersion: 148.0.3967.54, setWindowRect: true, strictFileInteractability: false, timeouts: {implicit: 0, pageLoad: 300000, script: 30000}, unhandledPromptBehavior: dismiss and notify, webauthn:extension:credBlob: true, webauthn:extension:largeBlob: true, webauthn:extension:minPinLength: true, webauthn:extension:prf: true, webauthn:virtualAuthenticators: true}
Session ID: 81ee3e65c054135ff038857eed31cc85
2026-05-136 00:18:25 [main] INFO  org.utils.qa.Log - ================================================
2026-05-136 00:18:25 [main] INFO  org.utils.qa.Log - TEST CASE STARTED : TC_HM_006
2026-05-136 00:18:25 [main] INFO  org.utils.qa.Log - ACTION : category
2026-05-136 00:18:47 [main] ERROR org.utils.qa.Log - TEST FAILED : TC_HM_006
2026-05-136 00:18:47 [main] ERROR org.utils.qa.Log - Expected condition failed: waiting for visibility of element found by By.xpath: //a[contains(text(),'Category')], but... org.openqa.selenium.NoSuchElementException: no such element: Unable to locate element: {"method":"xpath","selector":"//a[contains(text(),'Category')]"}.
(tried for 20 seconds with 500 milliseconds interval)
Build info: version: '4.43.0', revision: 'dd0f534'
System info: os.name: 'Windows 11', os.arch: 'amd64', os.version: '10.0', java.version: '21.0.10'
Driver info: org.openqa.selenium.edge.EdgeDriver
Capabilities {acceptInsecureCerts: false, browserName: MicrosoftEdge, browserVersion: 148.0.3967.54, fedcm:accounts: true, goog:processID: 43772, ms:edgeOptions: {debuggerAddress: localhost:59225}, msedge: {msedgedriverVersion: 148.0.3967.54 (c994e204927e..., userDataDir: C:\Users\Siddhi\AppData\Loc...}, networkConnectionEnabled: false, pageLoadStrategy: normal, platformName: windows, proxy: Proxy(), se:cdp: ws://localhost:59225/devtoo..., se:cdpVersion: 148.0.3967.54, setWindowRect: true, strictFileInteractability: false, timeouts: {implicit: 0, pageLoad: 300000, script: 30000}, unhandledPromptBehavior: dismiss and notify, webauthn:extension:credBlob: true, webauthn:extension:largeBlob: true, webauthn:extension:minPinLength: true, webauthn:extension:prf: true, webauthn:virtualAuthenticators: true}
Session ID: 81ee3e65c054135ff038857eed31cc85
2026-05-136 00:18:47 [main] INFO  org.utils.qa.Log - ================================================
2026-05-136 00:18:47 [main] INFO  org.utils.qa.Log - TEST CASE STARTED : TC_HM_007
2026-05-136 00:18:47 [main] INFO  org.utils.qa.Log - ACTION : category
2026-05-136 00:18:49 [main] ERROR org.utils.qa.Log - TEST FAILED : TC_HM_007
2026-05-136 00:18:49 [main] ERROR org.utils.qa.Log - invalid session id: session deleted as the browser has closed the connection
from disconnected: unable to send message to renderer
  (Session info: MicrosoftEdge=148.0.3967.54)
Build info: version: '4.43.0', revision: 'dd0f534'
System info: os.name: 'Windows 11', os.arch: 'amd64', os.version: '10.0', java.version: '21.0.10'
Driver info: org.openqa.selenium.edge.EdgeDriver
Command: [81ee3e65c054135ff038857eed31cc85, findElement {value=//a[contains(text(),'Category')], using=xpath}]
Capabilities {acceptInsecureCerts: false, browserName: MicrosoftEdge, browserVersion: 148.0.3967.54, fedcm:accounts: true, goog:processID: 43772, ms:edgeOptions: {debuggerAddress: localhost:59225}, msedge: {msedgedriverVersion: 148.0.3967.54 (c994e204927e..., userDataDir: C:\Users\Siddhi\AppData\Loc...}, networkConnectionEnabled: false, pageLoadStrategy: normal, platformName: windows, proxy: Proxy(), se:cdp: ws://localhost:59225/devtoo..., se:cdpVersion: 148.0.3967.54, setWindowRect: true, strictFileInteractability: false, timeouts: {implicit: 0, pageLoad: 300000, script: 30000}, unhandledPromptBehavior: dismiss and notify, webauthn:extension:credBlob: true, webauthn:extension:largeBlob: true, webauthn:extension:minPinLength: true, webauthn:extension:prf: true, webauthn:virtualAuthenticators: true}
Session ID: 81ee3e65c054135ff038857eed31cc85
2026-05-136 00:18:49 [main] INFO  org.testng.internal.Utils - [TestNG] Time taken by org.testng.reporters.jq.Main@6839203b: 37 ms
2026-05-136 00:18:49 [main] INFO  org.testng.internal.Utils - [TestNG] Time taken by org.testng.reporters.FailedReporter@2e56b4d: 8 ms
2026-05-136 00:18:49 [main] INFO  org.testng.internal.Utils - [TestNG] Time taken by org.testng.reporters.XMLReporter@45d56062: 12 ms
2026-05-136 00:18:49 [main] INFO  org.testng.internal.Utils - [TestNG] Time taken by org.testng.reporters.EmailableReporter2@2e0fdbe9: 5 ms
2026-05-136 00:18:50 [main] INFO  org.testng.internal.Utils - [TestNG] Time taken by org.testng.reporters.JUnitReportReporter@29013ef2: 6 ms
2026-05-136 00:18:50 [main] INFO  org.testng.internal.Utils - [TestNG] Time taken by org.testng.internal.ExitCodeListener@265c1a7c: 1 ms
2026-05-136 00:19:07 [main] INFO  org.testng.internal.Utils - [Utils] MethodGroupsHelper.collectMethodsByGroup() took 3 ms.
2026-05-136 00:19:07 [main] INFO  org.testng.internal.Utils - [Utils] MethodGroupsHelper.sortMethods() took 6 ms.
2026-05-136 00:19:07 [main] INFO  org.testng.internal.Utils - [Utils] MethodGroupsHelper.collectMethodsByGroup() took 0 ms.
2026-05-136 00:19:07 [main] INFO  org.testng.internal.Utils - [Utils] MethodGroupsHelper.sortMethods() took 0 ms.
2026-05-136 00:19:07 [main] INFO  org.testng.internal.Utils - [Utils] MethodGroupsHelper.collectMethodsByGroup() took 0 ms.
2026-05-136 00:19:07 [main] INFO  org.testng.internal.Utils - [Utils] MethodGroupsHelper.sortMethods() took 0 ms.
2026-05-136 00:19:07 [main] INFO  org.testng.internal.Utils - [Utils] MethodGroupsHelper.collectMethodsByGroup() took 0 ms.
2026-05-136 00:19:07 [main] INFO  org.testng.internal.Utils - [Utils] MethodGroupsHelper.sortMethods() took 0 ms.
2026-05-136 00:19:07 [main] INFO  org.testng.internal.Utils - [Utils] MethodGroupsHelper.collectMethodsByGroup() took 0 ms.
2026-05-136 00:19:07 [main] INFO  org.testng.internal.Utils - [Utils] MethodGroupsHelper.sortMethods() took 0 ms.
2026-05-136 00:19:07 [main] INFO  org.testng.internal.Utils - [Utils] MethodGroupsHelper.collectMethodsByGroup() took 0 ms.
2026-05-136 00:19:07 [main] INFO  org.testng.internal.Utils - [Utils] MethodGroupsHelper.sortMethods() took 0 ms.
2026-05-136 00:19:07 [main] INFO  org.testng.internal.Utils - [Utils] MethodGroupsHelper.collectMethodsByGroup() took 0 ms.
2026-05-136 00:19:07 [main] INFO  org.testng.internal.Utils - [Utils] MethodGroupsHelper.sortMethods() took 0 ms.
2026-05-136 00:19:07 [main] INFO  org.testng.internal.Utils - [Utils] MethodGroupsHelper.collectMethodsByGroup() took 0 ms.
2026-05-136 00:19:07 [main] INFO  org.testng.internal.Utils - [Utils] MethodGroupsHelper.sortMethods() took 0 ms.
2026-05-136 00:19:07 [main] INFO  org.testng.internal.Utils - [Utils] MethodGroupsHelper.collectMethodsByGroup() took 0 ms.
2026-05-136 00:19:07 [main] INFO  org.testng.internal.Utils - [Utils] MethodGroupsHelper.sortMethods() took 0 ms.
2026-05-136 00:19:07 [main] INFO  org.testng.internal.Utils - [Utils] MethodGroupsHelper.collectMethodsByGroup() took 0 ms.
2026-05-136 00:19:07 [main] INFO  org.testng.internal.Utils - [Utils] MethodGroupsHelper.sortMethods() took 0 ms.
2026-05-136 00:19:07 [main] INFO  org.testng.internal.Utils - [Utils] MethodGroupsHelper.collectMethodsByGroup() took 0 ms.
2026-05-136 00:19:07 [main] INFO  org.testng.internal.Utils - [Utils] MethodGroupsHelper.sortMethods() took 0 ms.
2026-05-136 00:19:07 [main] INFO  org.testng.internal.Utils - [Utils] MethodGroupsHelper.collectMethodsByGroup() took 0 ms.
2026-05-136 00:19:07 [main] INFO  org.testng.internal.Utils - [Utils] MethodGroupsHelper.sortMethods() took 0 ms.
2026-05-136 00:19:07 [main] INFO  org.testng.internal.Utils - [Utils] MethodGroupsHelper.collectMethodsByGroup() took 1 ms.
2026-05-136 00:19:07 [main] INFO  org.testng.internal.Utils - [Utils] MethodGroupsHelper.sortMethods() took 2 ms.
2026-05-136 00:19:07 [main] INFO  org.testng.internal.Utils - [Utils] MethodGroupsHelper.collectMethodsByGroup() took 0 ms.
2026-05-136 00:19:07 [main] INFO  org.testng.internal.Utils - [Utils] MethodGroupsHelper.sortMethods() took 0 ms.
2026-05-136 00:19:07 [main] INFO  org.testng.internal.Utils - [Utils] MethodGroupsHelper.collectMethodsByGroup() took 0 ms.
2026-05-136 00:19:07 [main] INFO  org.testng.internal.Utils - [Utils] MethodGroupsHelper.sortMethods() took 0 ms.
2026-05-136 00:19:07 [main] INFO  org.testng.internal.Utils - [TestNG] Running:
  C:\Users\Siddhi\AppData\Local\Temp\testng-eclipse--877678157\testng-customsuite.xml

2026-05-136 00:19:07 [main] INFO  org.testng.internal.Utils - [Utils] DynamicGraphHelper.createDynamicGraph() took 3 ms.
2026-05-136 00:19:07 [main] INFO  org.utils.qa.Log - ========================================
2026-05-136 00:19:07 [main] INFO  org.utils.qa.Log - Starting Product Search Test Suite
2026-05-136 00:19:11 [main] INFO  org.utils.qa.Log - Opening Website
2026-05-136 00:19:19 [main] INFO  org.utils.qa.Log - Login Successful
2026-05-136 00:19:24 [main] INFO  org.utils.qa.Log - Ad Popup Checked
2026-05-136 00:19:28 [main] INFO  org.utils.qa.Log - Navigated To Products Page
2026-05-136 00:19:28 [main] INFO  org.utils.qa.Log - ========================================
2026-05-136 00:19:28 [main] INFO  org.utils.qa.Log - Fetching Excel Test Data
2026-05-136 00:19:29 [main] INFO  org.utils.qa.Log - ========================================
2026-05-136 00:19:29 [main] INFO  org.utils.qa.Log - Executing Data Driven Test
2026-05-136 00:19:29 [main] INFO  org.utils.qa.Log - Keyword : Top
2026-05-136 00:19:29 [main] INFO  org.utils.qa.Log - Expected Min Result : 1.0
2026-05-136 00:19:29 [main] INFO  org.utils.qa.Log - Should Have Result : TRUE
2026-05-136 00:19:31 [main] INFO  org.utils.qa.Log - Actual Result Count : 14
2026-05-136 00:19:31 [main] INFO  org.utils.qa.Log - Expected Product Found
2026-05-136 00:19:31 [main] INFO  org.utils.qa.Log - Data Driven Test Completed
2026-05-136 00:19:31 [main] INFO  org.utils.qa.Log - ========================================
2026-05-136 00:19:31 [main] INFO  org.utils.qa.Log - ========================================
2026-05-136 00:19:31 [main] INFO  org.utils.qa.Log - Executing Data Driven Test
2026-05-136 00:19:31 [main] INFO  org.utils.qa.Log - Keyword : Dress
2026-05-136 00:19:31 [main] INFO  org.utils.qa.Log - Expected Min Result : 1.0
2026-05-136 00:19:31 [main] INFO  org.utils.qa.Log - Should Have Result : TRUE
2026-05-136 00:19:33 [main] INFO  org.utils.qa.Log - Actual Result Count : 9
2026-05-136 00:19:33 [main] INFO  org.utils.qa.Log - Expected Product Found
2026-05-136 00:19:33 [main] INFO  org.utils.qa.Log - Data Driven Test Completed
2026-05-136 00:19:33 [main] INFO  org.utils.qa.Log - ========================================
2026-05-136 00:19:33 [main] INFO  org.utils.qa.Log - ========================================
2026-05-136 00:19:33 [main] INFO  org.utils.qa.Log - Executing Data Driven Test
2026-05-136 00:19:33 [main] INFO  org.utils.qa.Log - Keyword : Jeans
2026-05-136 00:19:33 [main] INFO  org.utils.qa.Log - Expected Min Result : 1.0
2026-05-136 00:19:33 [main] INFO  org.utils.qa.Log - Should Have Result : TRUE
2026-05-136 00:19:35 [main] INFO  org.utils.qa.Log - Actual Result Count : 3
2026-05-136 00:19:35 [main] INFO  org.utils.qa.Log - Expected Product Found
2026-05-136 00:19:35 [main] INFO  org.utils.qa.Log - Data Driven Test Completed
2026-05-136 00:19:35 [main] INFO  org.utils.qa.Log - ========================================
2026-05-136 00:19:35 [main] INFO  org.utils.qa.Log - ========================================
2026-05-136 00:19:35 [main] INFO  org.utils.qa.Log - Executing Data Driven Test
2026-05-136 00:19:35 [main] INFO  org.utils.qa.Log - Keyword : Blue
2026-05-136 00:19:35 [main] INFO  org.utils.qa.Log - Expected Min Result : 1.0
2026-05-136 00:19:35 [main] INFO  org.utils.qa.Log - Should Have Result : TRUE
2026-05-136 00:19:37 [main] INFO  org.utils.qa.Log - Actual Result Count : 7
2026-05-136 00:19:37 [main] INFO  org.utils.qa.Log - Expected Product Found
2026-05-136 00:19:37 [main] INFO  org.utils.qa.Log - Data Driven Test Completed
2026-05-136 00:19:37 [main] INFO  org.utils.qa.Log - ========================================
2026-05-136 00:19:37 [main] INFO  org.utils.qa.Log - ========================================
2026-05-136 00:19:37 [main] INFO  org.utils.qa.Log - Executing Data Driven Test
2026-05-136 00:19:37 [main] INFO  org.utils.qa.Log - Keyword : shirt
2026-05-136 00:19:37 [main] INFO  org.utils.qa.Log - Expected Min Result : 1.0
2026-05-136 00:19:37 [main] INFO  org.utils.qa.Log - Should Have Result : TRUE
2026-05-136 00:19:39 [main] INFO  org.utils.qa.Log - Actual Result Count : 13
2026-05-136 00:19:39 [main] INFO  org.utils.qa.Log - Expected Product Found
2026-05-136 00:19:39 [main] INFO  org.utils.qa.Log - Data Driven Test Completed
2026-05-136 00:19:39 [main] INFO  org.utils.qa.Log - ========================================
2026-05-136 00:19:39 [main] INFO  org.utils.qa.Log - ========================================
2026-05-136 00:19:39 [main] INFO  org.utils.qa.Log - Executing Data Driven Test
2026-05-136 00:19:39 [main] INFO  org.utils.qa.Log - Keyword : SAREE
2026-05-136 00:19:39 [main] INFO  org.utils.qa.Log - Expected Min Result : 1.0
2026-05-136 00:19:39 [main] INFO  org.utils.qa.Log - Should Have Result : TRUE
2026-05-136 00:19:40 [main] INFO  org.utils.qa.Log - Actual Result Count : 3
2026-05-136 00:19:40 [main] INFO  org.utils.qa.Log - Expected Product Found
2026-05-136 00:19:40 [main] INFO  org.utils.qa.Log - Data Driven Test Completed
2026-05-136 00:19:40 [main] INFO  org.utils.qa.Log - ========================================
2026-05-136 00:19:40 [main] INFO  org.utils.qa.Log - ========================================
2026-05-136 00:19:40 [main] INFO  org.utils.qa.Log - Executing Data Driven Test
2026-05-136 00:19:40 [main] INFO  org.utils.qa.Log - Keyword : T-shirt
2026-05-136 00:19:40 [main] INFO  org.utils.qa.Log - Expected Min Result : 1.0
2026-05-136 00:19:40 [main] INFO  org.utils.qa.Log - Should Have Result : TRUE
2026-05-136 00:19:42 [main] INFO  org.utils.qa.Log - Actual Result Count : 3
2026-05-136 00:19:42 [main] INFO  org.utils.qa.Log - Expected Product Found
2026-05-136 00:19:42 [main] INFO  org.utils.qa.Log - Data Driven Test Completed
2026-05-136 00:19:42 [main] INFO  org.utils.qa.Log - ========================================
2026-05-136 00:19:42 [main] INFO  org.utils.qa.Log - ========================================
2026-05-136 00:19:42 [main] INFO  org.utils.qa.Log - Executing Data Driven Test
2026-05-136 00:19:42 [main] INFO  org.utils.qa.Log - Keyword : xyzabc123
2026-05-136 00:19:42 [main] INFO  org.utils.qa.Log - Expected Min Result : 0.0
2026-05-136 00:19:42 [main] INFO  org.utils.qa.Log - Should Have Result : FALSE
2026-05-136 00:20:08 [main] INFO  org.utils.qa.Log - Actual Result Count : 0
2026-05-136 00:20:08 [main] INFO  org.utils.qa.Log - No Product Found As Expected
2026-05-136 00:20:08 [main] INFO  org.utils.qa.Log - Data Driven Test Completed
2026-05-136 00:20:08 [main] INFO  org.utils.qa.Log - ========================================
2026-05-136 00:20:08 [main] INFO  org.utils.qa.Log - ========================================
2026-05-136 00:20:08 [main] INFO  org.utils.qa.Log - Executing Data Driven Test
2026-05-136 00:20:08 [main] INFO  org.utils.qa.Log - Keyword : @#$%
2026-05-136 00:20:08 [main] INFO  org.utils.qa.Log - Expected Min Result : 0.0
2026-05-136 00:20:08 [main] INFO  org.utils.qa.Log - Should Have Result : FALSE
2026-05-136 00:20:36 [main] INFO  org.utils.qa.Log - Actual Result Count : 0
2026-05-136 00:20:36 [main] INFO  org.utils.qa.Log - No Product Found As Expected
2026-05-136 00:20:36 [main] INFO  org.utils.qa.Log - Data Driven Test Completed
2026-05-136 00:20:36 [main] INFO  org.utils.qa.Log - ========================================
2026-05-136 00:20:36 [main] INFO  org.utils.qa.Log - Executing TC001 : verifySearchBoxVisible
2026-05-136 00:20:36 [main] INFO  org.utils.qa.Log - Search Box Is Displayed
2026-05-136 00:20:36 [main] INFO  org.utils.qa.Log - Executing TC002 : verifySearchButtonVisible
2026-05-136 00:20:36 [main] INFO  org.utils.qa.Log - Search Button Is Displayed
2026-05-136 00:20:36 [main] INFO  org.utils.qa.Log - Executing TC003 : searchValidProduct
2026-05-136 00:20:36 [main] INFO  org.utils.qa.Log - Searching Product : Dress
2026-05-136 00:20:38 [main] INFO  org.utils.qa.Log - Fetching Search Result Count
2026-05-136 00:20:39 [main] INFO  org.utils.qa.Log - Valid Product Search Successful
2026-05-136 00:20:39 [main] INFO  org.utils.qa.Log - Executing TC004 : verifySearchResultKeyword
2026-05-136 00:20:39 [main] INFO  org.utils.qa.Log - Searching Product : Jeans
2026-05-136 00:20:40 [main] INFO  org.utils.qa.Log - Keyword Verified Successfully
2026-05-136 00:20:40 [main] INFO  org.utils.qa.Log - Executing TC005 : invalidSearch
2026-05-136 00:20:40 [main] INFO  org.utils.qa.Log - Searching Invalid Product : xyz123
2026-05-136 00:21:07 [main] INFO  org.utils.qa.Log - Invalid Search Verified Successfully
2026-05-136 00:21:07 [main] INFO  org.utils.qa.Log - Executing TC006 : openProductDetailPage
2026-05-136 00:21:07 [main] INFO  org.utils.qa.Log - Searching Product : Top
2026-05-136 00:21:09 [main] INFO  org.utils.qa.Log - Opening Product Detail Page
2026-05-136 00:21:11 [main] INFO  org.utils.qa.Log - Product Detail Page Opened Successfully
2026-05-136 00:21:12 [main] INFO  org.testng.internal.Utils - [TestNG] Time taken by org.testng.reporters.jq.Main@3909a854: 33 ms
2026-05-136 00:21:12 [main] INFO  org.testng.internal.Utils - [TestNG] Time taken by org.testng.reporters.FailedReporter@b849fa6: 1 ms
2026-05-136 00:21:12 [main] INFO  org.testng.internal.Utils - [TestNG] Time taken by org.testng.reporters.XMLReporter@5e80d5: 14 ms
2026-05-136 00:21:12 [main] INFO  org.testng.internal.Utils - [TestNG] Time taken by org.testng.reporters.EmailableReporter2@5c9b5e62: 5 ms
2026-05-136 00:21:12 [main] INFO  org.testng.internal.Utils - [TestNG] Time taken by org.testng.reporters.JUnitReportReporter@3749c2b: 6 ms
2026-05-136 00:21:12 [main] INFO  org.testng.internal.Utils - [TestNG] Time taken by org.testng.internal.ExitCodeListener@32e65852: 0 ms
2026-05-136 00:23:41 [main] INFO  org.testng.internal.Utils - [Utils] MethodGroupsHelper.collectMethodsByGroup() took 3 ms.
2026-05-136 00:23:41 [main] INFO  org.testng.internal.Utils - [Utils] MethodGroupsHelper.sortMethods() took 11 ms.
2026-05-136 00:23:41 [main] INFO  org.testng.internal.Utils - [Utils] MethodGroupsHelper.collectMethodsByGroup() took 0 ms.
2026-05-136 00:23:41 [main] INFO  org.testng.internal.Utils - [Utils] MethodGroupsHelper.sortMethods() took 0 ms.
2026-05-136 00:23:41 [main] INFO  org.testng.internal.Utils - [Utils] MethodGroupsHelper.collectMethodsByGroup() took 0 ms.
2026-05-136 00:23:41 [main] INFO  org.testng.internal.Utils - [Utils] MethodGroupsHelper.sortMethods() took 0 ms.
2026-05-136 00:23:41 [main] INFO  org.testng.internal.Utils - [Utils] MethodGroupsHelper.collectMethodsByGroup() took 0 ms.
2026-05-136 00:23:41 [main] INFO  org.testng.internal.Utils - [Utils] MethodGroupsHelper.sortMethods() took 0 ms.
2026-05-136 00:23:41 [main] INFO  org.testng.internal.Utils - [Utils] MethodGroupsHelper.collectMethodsByGroup() took 0 ms.
2026-05-136 00:23:41 [main] INFO  org.testng.internal.Utils - [Utils] MethodGroupsHelper.sortMethods() took 0 ms.
2026-05-136 00:23:41 [main] INFO  org.testng.internal.Utils - [Utils] MethodGroupsHelper.collectMethodsByGroup() took 0 ms.
2026-05-136 00:23:41 [main] INFO  org.testng.internal.Utils - [Utils] MethodGroupsHelper.sortMethods() took 5 ms.
2026-05-136 00:23:41 [main] INFO  org.testng.internal.Utils - [Utils] MethodGroupsHelper.collectMethodsByGroup() took 0 ms.
2026-05-136 00:23:41 [main] INFO  org.testng.internal.Utils - [Utils] MethodGroupsHelper.sortMethods() took 0 ms.
2026-05-136 00:23:41 [main] INFO  org.testng.internal.Utils - [Utils] MethodGroupsHelper.collectMethodsByGroup() took 0 ms.
2026-05-136 00:23:41 [main] INFO  org.testng.internal.Utils - [Utils] MethodGroupsHelper.sortMethods() took 0 ms.
2026-05-136 00:23:41 [main] INFO  org.testng.internal.Utils - [Utils] MethodGroupsHelper.collectMethodsByGroup() took 0 ms.
2026-05-136 00:23:41 [main] INFO  org.testng.internal.Utils - [Utils] MethodGroupsHelper.sortMethods() took 0 ms.
2026-05-136 00:23:41 [main] INFO  org.testng.internal.Utils - [Utils] MethodGroupsHelper.collectMethodsByGroup() took 0 ms.
2026-05-136 00:23:41 [main] INFO  org.testng.internal.Utils - [Utils] MethodGroupsHelper.sortMethods() took 1 ms.
2026-05-136 00:23:41 [main] INFO  org.testng.internal.Utils - [Utils] MethodGroupsHelper.collectMethodsByGroup() took 0 ms.
2026-05-136 00:23:41 [main] INFO  org.testng.internal.Utils - [Utils] MethodGroupsHelper.sortMethods() took 0 ms.
2026-05-136 00:23:41 [main] INFO  org.testng.internal.Utils - [Utils] MethodGroupsHelper.collectMethodsByGroup() took 0 ms.
2026-05-136 00:23:41 [main] INFO  org.testng.internal.Utils - [Utils] MethodGroupsHelper.sortMethods() took 0 ms.
2026-05-136 00:23:41 [main] INFO  org.testng.internal.Utils - [Utils] MethodGroupsHelper.collectMethodsByGroup() took 1 ms.
2026-05-136 00:23:41 [main] INFO  org.testng.internal.Utils - [Utils] MethodGroupsHelper.sortMethods() took 1 ms.
2026-05-136 00:23:41 [main] INFO  org.testng.internal.Utils - [Utils] MethodGroupsHelper.collectMethodsByGroup() took 0 ms.
2026-05-136 00:23:41 [main] INFO  org.testng.internal.Utils - [Utils] MethodGroupsHelper.sortMethods() took 0 ms.
2026-05-136 00:23:41 [main] INFO  org.testng.internal.Utils - [Utils] MethodGroupsHelper.collectMethodsByGroup() took 0 ms.
2026-05-136 00:23:41 [main] INFO  org.testng.internal.Utils - [Utils] MethodGroupsHelper.sortMethods() took 0 ms.
2026-05-136 00:23:41 [main] INFO  org.testng.internal.Utils - [TestNG] Running:
  C:\Users\Siddhi\AppData\Local\Temp\testng-eclipse--239396701\testng-customsuite.xml

2026-05-136 00:23:41 [main] INFO  org.testng.internal.Utils - [Utils] DynamicGraphHelper.createDynamicGraph() took 2 ms.
2026-05-136 00:23:42 [main] INFO  org.utils.qa.Log - Starting test setup and initializing driver
2026-05-136 00:23:47 [main] INFO  org.utils.qa.Log - Navigating to login page
2026-05-136 00:23:49 [main] INFO  org.utils.qa.Log - Entering login credentials
2026-05-136 00:23:49 [main] INFO  org.utils.qa.Log - Clicking login button
2026-05-136 00:23:53 [main] INFO  org.utils.qa.Log - Login successful and home page loaded
2026-05-136 00:23:53 [main] INFO  org.utils.qa.Log - Test started: addProductUsingSearch
2026-05-136 00:23:55 [main] INFO  org.utils.qa.Log - Navigated to Products page
2026-05-136 00:23:58 [main] INFO  org.utils.qa.Log - Searched product: Jeans
2026-05-136 00:23:59 [main] INFO  org.utils.qa.Log - Added first product from search results
2026-05-136 00:23:59 [main] INFO  org.utils.qa.Log - Starting checkout flow: Search order
2026-05-136 00:24:01 [main] INFO  org.utils.qa.Log - Clicked view cart
2026-05-136 00:24:02 [main] INFO  org.utils.qa.Log - Proceeded to checkout
2026-05-136 00:24:02 [main] INFO  org.utils.qa.Log - Address verified on checkout page
2026-05-136 00:24:04 [main] INFO  org.utils.qa.Log - Order placed with message: Search order
2026-05-136 00:24:05 [main] INFO  org.utils.qa.Log - Entered payment details
2026-05-136 00:24:07 [main] INFO  org.utils.qa.Log - Payment submitted
2026-05-136 00:24:08 [main] INFO  org.utils.qa.Log - Order completed successfully
2026-05-136 00:24:08 [main] INFO  org.utils.qa.Log - Test passed: addProductUsingSearch
2026-05-136 00:24:08 [main] INFO  org.utils.qa.Log - Test started: brandFlow
2026-05-136 00:24:34 [main] ERROR org.utils.qa.Log - Test FAILED: brandFlow - capturing screenshot
2026-05-136 00:24:35 [main] INFO  org.utils.qa.Log - Test started: categoryFlow
2026-05-136 00:24:42 [main] INFO  org.utils.qa.Log - Navigated to Women category
2026-05-136 00:24:43 [main] INFO  org.utils.qa.Log - Added product from category
2026-05-136 00:24:43 [main] INFO  org.utils.qa.Log - Starting checkout flow: Category order
2026-05-136 00:24:44 [main] INFO  org.utils.qa.Log - Clicked view cart
2026-05-136 00:24:46 [main] INFO  org.utils.qa.Log - Proceeded to checkout
2026-05-136 00:24:46 [main] INFO  org.utils.qa.Log - Address verified on checkout page
2026-05-136 00:24:46 [main] INFO  org.utils.qa.Log - Order placed with message: Category order
2026-05-136 00:24:47 [main] INFO  org.utils.qa.Log - Entered payment details
2026-05-136 00:24:47 [main] INFO  org.utils.qa.Log - Payment submitted
2026-05-136 00:24:49 [main] INFO  org.utils.qa.Log - Order completed successfully
2026-05-136 00:24:49 [main] INFO  org.utils.qa.Log - Test passed: categoryFlow
2026-05-136 00:24:49 [main] INFO  org.utils.qa.Log - Test started: guestUserBlocked
2026-05-136 00:24:50 [main] INFO  org.utils.qa.Log - Cookies cleared and navigated to home page
2026-05-136 00:24:56 [main] INFO  org.utils.qa.Log - Attempting checkout as guest
2026-05-136 00:24:57 [main] INFO  org.utils.qa.Log - Login page verification result: true
2026-05-136 00:24:57 [main] INFO  org.utils.qa.Log - Test passed: guestUserBlocked
2026-05-136 00:24:57 [main] INFO  org.utils.qa.Log - Test started: verifyQuantity
2026-05-136 00:25:09 [main] INFO  org.utils.qa.Log - Searched product: Top
2026-05-136 00:25:10 [main] INFO  org.utils.qa.Log - Added product from search
2026-05-136 00:25:10 [main] INFO  org.utils.qa.Log - Starting checkout flow: Quantity order
2026-05-136 00:25:13 [main] INFO  org.utils.qa.Log - Clicked view cart
2026-05-136 00:25:13 [main] INFO  org.utils.qa.Log - Proceeded to checkout
2026-05-136 00:25:34 [main] ERROR org.utils.qa.Log - Test FAILED: verifyQuantity - capturing screenshot
2026-05-136 00:25:35 [main] INFO  org.utils.qa.Log - Closing browser and ending test suite
2026-05-136 00:25:35 [main] INFO  org.testng.internal.Utils - [TestNG] Time taken by org.testng.reporters.jq.Main@59d0cdb6: 33 ms
2026-05-136 00:25:35 [main] INFO  org.testng.internal.Utils - [TestNG] Time taken by org.testng.reporters.FailedReporter@70b2fa10: 9 ms
2026-05-136 00:25:35 [main] INFO  org.testng.internal.Utils - [TestNG] Time taken by org.testng.reporters.XMLReporter@7aaad0: 9 ms
2026-05-136 00:25:35 [main] INFO  org.testng.internal.Utils - [TestNG] Time taken by org.testng.reporters.EmailableReporter2@5aa62ee7: 5 ms
2026-05-136 00:25:35 [main] INFO  org.testng.internal.Utils - [TestNG] Time taken by org.testng.reporters.JUnitReportReporter@27b337bb: 4 ms
2026-05-136 00:25:35 [main] INFO  org.testng.internal.Utils - [TestNG] Time taken by org.testng.internal.ExitCodeListener@59636c47: 0 ms
2026-05-136 00:26:12 [main] INFO  org.testng.internal.Utils - [Utils] MethodGroupsHelper.collectMethodsByGroup() took 3 ms.
2026-05-136 00:26:12 [main] INFO  org.testng.internal.Utils - [Utils] MethodGroupsHelper.sortMethods() took 9 ms.
2026-05-136 00:26:12 [main] INFO  org.testng.internal.Utils - [Utils] MethodGroupsHelper.collectMethodsByGroup() took 1 ms.
2026-05-136 00:26:12 [main] INFO  org.testng.internal.Utils - [Utils] MethodGroupsHelper.sortMethods() took 0 ms.
2026-05-136 00:26:12 [main] INFO  org.testng.internal.Utils - [Utils] MethodGroupsHelper.collectMethodsByGroup() took 0 ms.
2026-05-136 00:26:12 [main] INFO  org.testng.internal.Utils - [Utils] MethodGroupsHelper.sortMethods() took 0 ms.
2026-05-136 00:26:12 [main] INFO  org.testng.internal.Utils - [Utils] MethodGroupsHelper.collectMethodsByGroup() took 0 ms.
2026-05-136 00:26:12 [main] INFO  org.testng.internal.Utils - [Utils] MethodGroupsHelper.sortMethods() took 0 ms.
2026-05-136 00:26:12 [main] INFO  org.testng.internal.Utils - [Utils] MethodGroupsHelper.collectMethodsByGroup() took 1 ms.
2026-05-136 00:26:12 [main] INFO  org.testng.internal.Utils - [Utils] MethodGroupsHelper.sortMethods() took 0 ms.
2026-05-136 00:26:12 [main] INFO  org.testng.internal.Utils - [Utils] MethodGroupsHelper.collectMethodsByGroup() took 0 ms.
2026-05-136 00:26:12 [main] INFO  org.testng.internal.Utils - [Utils] MethodGroupsHelper.sortMethods() took 5 ms.
2026-05-136 00:26:12 [main] INFO  org.testng.internal.Utils - [Utils] MethodGroupsHelper.collectMethodsByGroup() took 0 ms.
2026-05-136 00:26:12 [main] INFO  org.testng.internal.Utils - [Utils] MethodGroupsHelper.sortMethods() took 0 ms.
2026-05-136 00:26:12 [main] INFO  org.testng.internal.Utils - [Utils] MethodGroupsHelper.collectMethodsByGroup() took 0 ms.
2026-05-136 00:26:12 [main] INFO  org.testng.internal.Utils - [Utils] MethodGroupsHelper.sortMethods() took 0 ms.
2026-05-136 00:26:12 [main] INFO  org.testng.internal.Utils - [Utils] MethodGroupsHelper.collectMethodsByGroup() took 0 ms.
2026-05-136 00:26:12 [main] INFO  org.testng.internal.Utils - [Utils] MethodGroupsHelper.sortMethods() took 0 ms.
2026-05-136 00:26:12 [main] INFO  org.testng.internal.Utils - [Utils] MethodGroupsHelper.collectMethodsByGroup() took 0 ms.
2026-05-136 00:26:12 [main] INFO  org.testng.internal.Utils - [Utils] MethodGroupsHelper.sortMethods() took 1 ms.
2026-05-136 00:26:12 [main] INFO  org.testng.internal.Utils - [Utils] MethodGroupsHelper.collectMethodsByGroup() took 0 ms.
2026-05-136 00:26:12 [main] INFO  org.testng.internal.Utils - [Utils] MethodGroupsHelper.sortMethods() took 0 ms.
2026-05-136 00:26:12 [main] INFO  org.testng.internal.Utils - [Utils] MethodGroupsHelper.collectMethodsByGroup() took 0 ms.
2026-05-136 00:26:12 [main] INFO  org.testng.internal.Utils - [Utils] MethodGroupsHelper.sortMethods() took 0 ms.
2026-05-136 00:26:12 [main] INFO  org.testng.internal.Utils - [Utils] MethodGroupsHelper.collectMethodsByGroup() took 2 ms.
2026-05-136 00:26:12 [main] INFO  org.testng.internal.Utils - [Utils] MethodGroupsHelper.sortMethods() took 0 ms.
2026-05-136 00:26:12 [main] INFO  org.testng.internal.Utils - [Utils] MethodGroupsHelper.collectMethodsByGroup() took 0 ms.
2026-05-136 00:26:12 [main] INFO  org.testng.internal.Utils - [Utils] MethodGroupsHelper.sortMethods() took 0 ms.
2026-05-136 00:26:12 [main] INFO  org.testng.internal.Utils - [Utils] MethodGroupsHelper.collectMethodsByGroup() took 0 ms.
2026-05-136 00:26:12 [main] INFO  org.testng.internal.Utils - [Utils] MethodGroupsHelper.sortMethods() took 0 ms.
2026-05-136 00:26:12 [main] INFO  org.testng.internal.Utils - [TestNG] Running:
  C:\Users\Siddhi\AppData\Local\Temp\testng-eclipse--453254148\testng-customsuite.xml

2026-05-136 00:26:12 [main] INFO  org.testng.internal.Utils - [Utils] DynamicGraphHelper.createDynamicGraph() took 2 ms.
2026-05-136 00:26:12 [main] INFO  org.utils.qa.Log - Starting test setup and initializing driver
2026-05-136 00:26:16 [main] INFO  org.utils.qa.Log - Navigating to login page
2026-05-136 00:26:17 [main] INFO  org.utils.qa.Log - Entering login credentials
2026-05-136 00:26:17 [main] INFO  org.utils.qa.Log - Clicking login button
2026-05-136 00:26:20 [main] INFO  org.utils.qa.Log - Login successful and home page loaded
2026-05-136 00:26:20 [main] INFO  org.utils.qa.Log - Test started: guestUserBlocked
2026-05-136 00:26:21 [main] INFO  org.utils.qa.Log - Cookies cleared and navigated to home page
2026-05-136 00:26:26 [main] INFO  org.utils.qa.Log - Attempting checkout as guest
2026-05-136 00:26:28 [main] INFO  org.utils.qa.Log - Login page verification result: true
2026-05-136 00:26:28 [main] INFO  org.utils.qa.Log - Test passed: guestUserBlocked
2026-05-136 00:26:28 [main] INFO  org.utils.qa.Log - Closing browser and ending test suite
2026-05-136 00:26:29 [main] INFO  org.testng.internal.Utils - [TestNG] Time taken by org.testng.reporters.jq.Main@3481ff98: 38 ms
2026-05-136 00:26:29 [main] INFO  org.testng.internal.Utils - [TestNG] Time taken by org.testng.reporters.FailedReporter@3c91530d: 1 ms
2026-05-136 00:26:29 [main] INFO  org.testng.internal.Utils - [TestNG] Time taken by org.testng.reporters.XMLReporter@34332b8d: 5 ms
2026-05-136 00:26:29 [main] INFO  org.testng.internal.Utils - [TestNG] Time taken by org.testng.reporters.EmailableReporter2@29b40b3: 3 ms
2026-05-136 00:26:29 [main] INFO  org.testng.internal.Utils - [TestNG] Time taken by org.testng.reporters.JUnitReportReporter@5a8c93: 2 ms
2026-05-136 00:26:29 [main] INFO  org.testng.internal.Utils - [TestNG] Time taken by org.testng.internal.ExitCodeListener@3bed3315: 0 ms
2026-05-136 00:27:31 [main] INFO  org.testng.internal.Utils - [Utils] MethodGroupsHelper.collectMethodsByGroup() took 4 ms.
2026-05-136 00:27:31 [main] INFO  org.testng.internal.Utils - [Utils] MethodGroupsHelper.sortMethods() took 12 ms.
2026-05-136 00:27:31 [main] INFO  org.testng.internal.Utils - [Utils] MethodGroupsHelper.collectMethodsByGroup() took 0 ms.
2026-05-136 00:27:31 [main] INFO  org.testng.internal.Utils - [Utils] MethodGroupsHelper.sortMethods() took 0 ms.
2026-05-136 00:27:31 [main] INFO  org.testng.internal.Utils - [Utils] MethodGroupsHelper.collectMethodsByGroup() took 0 ms.
2026-05-136 00:27:31 [main] INFO  org.testng.internal.Utils - [Utils] MethodGroupsHelper.sortMethods() took 0 ms.
2026-05-136 00:27:31 [main] INFO  org.testng.internal.Utils - [Utils] MethodGroupsHelper.collectMethodsByGroup() took 0 ms.
2026-05-136 00:27:31 [main] INFO  org.testng.internal.Utils - [Utils] MethodGroupsHelper.sortMethods() took 0 ms.
2026-05-136 00:27:31 [main] INFO  org.testng.internal.Utils - [Utils] MethodGroupsHelper.collectMethodsByGroup() took 0 ms.
2026-05-136 00:27:31 [main] INFO  org.testng.internal.Utils - [Utils] MethodGroupsHelper.sortMethods() took 0 ms.
2026-05-136 00:27:31 [main] INFO  org.testng.internal.Utils - [Utils] MethodGroupsHelper.collectMethodsByGroup() took 1 ms.
2026-05-136 00:27:31 [main] INFO  org.testng.internal.Utils - [Utils] MethodGroupsHelper.sortMethods() took 6 ms.
2026-05-136 00:27:31 [main] INFO  org.testng.internal.Utils - [Utils] MethodGroupsHelper.collectMethodsByGroup() took 0 ms.
2026-05-136 00:27:31 [main] INFO  org.testng.internal.Utils - [Utils] MethodGroupsHelper.sortMethods() took 0 ms.
2026-05-136 00:27:31 [main] INFO  org.testng.internal.Utils - [Utils] MethodGroupsHelper.collectMethodsByGroup() took 0 ms.
2026-05-136 00:27:31 [main] INFO  org.testng.internal.Utils - [Utils] MethodGroupsHelper.sortMethods() took 0 ms.
2026-05-136 00:27:31 [main] INFO  org.testng.internal.Utils - [Utils] MethodGroupsHelper.collectMethodsByGroup() took 0 ms.
2026-05-136 00:27:31 [main] INFO  org.testng.internal.Utils - [Utils] MethodGroupsHelper.sortMethods() took 0 ms.
2026-05-136 00:27:31 [main] INFO  org.testng.internal.Utils - [Utils] MethodGroupsHelper.collectMethodsByGroup() took 0 ms.
2026-05-136 00:27:31 [main] INFO  org.testng.internal.Utils - [Utils] MethodGroupsHelper.sortMethods() took 0 ms.
2026-05-136 00:27:31 [main] INFO  org.testng.internal.Utils - [Utils] MethodGroupsHelper.collectMethodsByGroup() took 0 ms.
2026-05-136 00:27:31 [main] INFO  org.testng.internal.Utils - [Utils] MethodGroupsHelper.sortMethods() took 0 ms.
2026-05-136 00:27:31 [main] INFO  org.testng.internal.Utils - [Utils] MethodGroupsHelper.collectMethodsByGroup() took 0 ms.
2026-05-136 00:27:31 [main] INFO  org.testng.internal.Utils - [Utils] MethodGroupsHelper.sortMethods() took 0 ms.
2026-05-136 00:27:31 [main] INFO  org.testng.internal.Utils - [Utils] MethodGroupsHelper.collectMethodsByGroup() took 0 ms.
2026-05-136 00:27:31 [main] INFO  org.testng.internal.Utils - [Utils] MethodGroupsHelper.sortMethods() took 0 ms.
2026-05-136 00:27:31 [main] INFO  org.testng.internal.Utils - [Utils] MethodGroupsHelper.collectMethodsByGroup() took 0 ms.
2026-05-136 00:27:31 [main] INFO  org.testng.internal.Utils - [Utils] MethodGroupsHelper.sortMethods() took 0 ms.
2026-05-136 00:27:31 [main] INFO  org.testng.internal.Utils - [Utils] MethodGroupsHelper.collectMethodsByGroup() took 0 ms.
2026-05-136 00:27:31 [main] INFO  org.testng.internal.Utils - [Utils] MethodGroupsHelper.sortMethods() took 1 ms.
2026-05-136 00:27:31 [main] INFO  org.testng.internal.Utils - [TestNG] Running:
  C:\Users\Siddhi\AppData\Local\Temp\testng-eclipse-1665340512\testng-customsuite.xml

2026-05-136 00:27:31 [main] INFO  org.testng.internal.Utils - [Utils] DynamicGraphHelper.createDynamicGraph() took 2 ms.
2026-05-136 00:27:31 [main] INFO  org.utils.qa.Log - Starting test setup and initializing driver
2026-05-136 00:27:35 [main] INFO  org.utils.qa.Log - Navigating to login page
2026-05-136 00:27:36 [main] INFO  org.utils.qa.Log - Entering login credentials
2026-05-136 00:27:36 [main] INFO  org.utils.qa.Log - Clicking login button
2026-05-136 00:27:39 [main] INFO  org.utils.qa.Log - Login successful and home page loaded
2026-05-136 00:27:39 [main] INFO  org.utils.qa.Log - Test started: addProductUsingSearch
2026-05-136 00:27:41 [main] INFO  org.utils.qa.Log - Navigated to Products page
2026-05-136 00:27:43 [main] INFO  org.utils.qa.Log - Searched product: Jeans
2026-05-136 00:27:44 [main] INFO  org.utils.qa.Log - Added first product from search results
2026-05-136 00:27:44 [main] INFO  org.utils.qa.Log - Starting checkout flow: Search order
2026-05-136 00:27:46 [main] INFO  org.utils.qa.Log - Clicked view cart
2026-05-136 00:27:47 [main] INFO  org.utils.qa.Log - Proceeded to checkout
2026-05-136 00:27:47 [main] INFO  org.utils.qa.Log - Address verified on checkout page
2026-05-136 00:27:49 [main] INFO  org.utils.qa.Log - Order placed with message: Search order
2026-05-136 00:27:49 [main] INFO  org.utils.qa.Log - Entered payment details
2026-05-136 00:27:52 [main] INFO  org.utils.qa.Log - Payment submitted
2026-05-136 00:27:52 [main] INFO  org.utils.qa.Log - Order completed successfully
2026-05-136 00:27:52 [main] INFO  org.utils.qa.Log - Test passed: addProductUsingSearch
2026-05-136 00:27:52 [main] INFO  org.utils.qa.Log - Test started: brandFlow
2026-05-136 00:28:16 [main] ERROR org.utils.qa.Log - Test FAILED: brandFlow - capturing screenshot
2026-05-136 00:28:16 [main] INFO  org.utils.qa.Log - Test started: categoryFlow
2026-05-136 00:28:24 [main] INFO  org.utils.qa.Log - Navigated to Women category
2026-05-136 00:28:25 [main] INFO  org.utils.qa.Log - Added product from category
2026-05-136 00:28:25 [main] INFO  org.utils.qa.Log - Starting checkout flow: Category order
2026-05-136 00:28:26 [main] INFO  org.utils.qa.Log - Clicked view cart
2026-05-136 00:28:26 [main] INFO  org.utils.qa.Log - Proceeded to checkout
2026-05-136 00:28:26 [main] INFO  org.utils.qa.Log - Address verified on checkout page
2026-05-136 00:28:27 [main] INFO  org.utils.qa.Log - Order placed with message: Category order
2026-05-136 00:28:28 [main] INFO  org.utils.qa.Log - Entered payment details
2026-05-136 00:28:30 [main] INFO  org.utils.qa.Log - Payment submitted
2026-05-136 00:28:30 [main] INFO  org.utils.qa.Log - Order completed successfully
2026-05-136 00:28:30 [main] INFO  org.utils.qa.Log - Test passed: categoryFlow
2026-05-136 00:28:30 [main] INFO  org.utils.qa.Log - Test started: guestUserBlocked
2026-05-136 00:28:31 [main] INFO  org.utils.qa.Log - Cookies cleared and navigated to home page
2026-05-136 00:28:35 [main] INFO  org.utils.qa.Log - Attempting checkout as guest
2026-05-136 00:28:37 [main] INFO  org.utils.qa.Log - Login page verification result: true
2026-05-136 00:28:37 [main] INFO  org.utils.qa.Log - Test passed: guestUserBlocked
2026-05-136 00:28:37 [main] INFO  org.utils.qa.Log - Test started: verifyQuantity
2026-05-136 00:28:42 [main] INFO  org.utils.qa.Log - Searched product: Top
2026-05-136 00:28:43 [main] INFO  org.utils.qa.Log - Added product from search
2026-05-136 00:28:43 [main] INFO  org.utils.qa.Log - Starting checkout flow: Quantity order
2026-05-136 00:28:45 [main] INFO  org.utils.qa.Log - Clicked view cart
2026-05-136 00:28:45 [main] INFO  org.utils.qa.Log - Proceeded to checkout
2026-05-136 00:29:07 [main] ERROR org.utils.qa.Log - Test FAILED: verifyQuantity - capturing screenshot
2026-05-136 00:29:07 [main] INFO  org.utils.qa.Log - Closing browser and ending test suite
2026-05-136 00:29:07 [main] INFO  org.testng.internal.Utils - [TestNG] Time taken by org.testng.reporters.jq.Main@4b97b3d2: 34 ms
2026-05-136 00:29:07 [main] INFO  org.testng.internal.Utils - [TestNG] Time taken by org.testng.reporters.FailedReporter@73e776b7: 8 ms
2026-05-136 00:29:07 [main] INFO  org.testng.internal.Utils - [TestNG] Time taken by org.testng.reporters.XMLReporter@7135ce0a: 9 ms
2026-05-136 00:29:07 [main] INFO  org.testng.internal.Utils - [TestNG] Time taken by org.testng.reporters.EmailableReporter2@413d2cd1: 5 ms
2026-05-136 00:29:07 [main] INFO  org.testng.internal.Utils - [TestNG] Time taken by org.testng.reporters.JUnitReportReporter@46c10083: 4 ms
2026-05-136 00:29:07 [main] INFO  org.testng.internal.Utils - [TestNG] Time taken by org.testng.internal.ExitCodeListener@28e8888d: 0 ms
